2.346910796361693832e-03
1.055914148423850105e-02
1.876734302471902427e-02
2.697142101022107288e-02
3.517128103316246451e-02
4.336682868596099943e-02
5.155796956103451262e-02
5.974460925080079393e-02
6.792665334767768182e-02
7.610400744408299389e-02
8.427657713243449922e-02
9.244426800515007092e-02
1.006069856546474711e-01
1.087646356733445036e-01
1.169171236536590691e-01
1.250643551880088744e-01
1.332062358688118342e-01
1.413426712884857106e-01
1.494735670394482796e-01
1.575988287141174282e-01
1.657183619049109047e-01
1.738320722042465682e-01
1.819398652045422227e-01
1.900416464982156717e-01
1.981373216776847190e-01
2.062267963353671685e-01
2.143099760636808515e-01
2.223867664550436829e-01
2.304570731018732443e-01
2.385208015965876172e-01
2.465778575316044108e-01
2.546281464993415122e-01
2.626715740922168085e-01
2.707080459026479646e-01
2.787374675230528953e-01
2.867597445458493488e-01
2.947747825634552399e-01
3.027824871682883168e-01
3.107827639527663832e-01
3.187755185093072430e-01
3.267606564303286998e-01
3.347380833082486684e-01
3.427077047354848971e-01
3.506694263044551341e-01
3.586231536075772941e-01
3.665687922372691254e-01
3.745062477859485428e-01
3.824354258460332390e-01
3.903562320099410732e-01
3.982685718700897937e-01
4.061723510188972597e-01
4.140674750487813860e-01
4.219538495521599764e-01
4.298313801214507235e-01
4.376999723490713756e-01
4.455595318274400696e-01
4.534099641489742760e-01
4.612511749060919652e-01
4.690830696912109410e-01
4.769055540967489515e-01
4.847185337151238560e-01
4.925219141387535138e-01
5.003156009600556731e-01
5.080994997714481931e-01
5.158735161653489332e-01
5.236375557341755860e-01
5.313915240703460663e-01
5.391353267662780668e-01
5.468688694143895024e-01
5.545920576070981767e-01
5.623047969368217824e-01
5.700069929959783455e-01
5.776985513769855585e-01
5.853793776722613362e-01
5.930493774742233715e-01
6.007084563752894679e-01
6.083565199678774293e-01
6.159934738444051705e-01
6.236192235972904951e-01
6.312336748189510960e-01
6.388367331018048878e-01
6.464283040382696743e-01
6.540082932207632593e-01
6.615766062417035576e-01
6.691331486935081507e-01
6.766778261685951756e-01
6.842105442593821030e-01
6.917312085582868475e-01
6.992397246577273240e-01
7.067359981501214472e-01
7.142199346278866878e-01
7.216914396834410717e-01
7.291504189092026245e-01
7.365967778975885949e-01
7.440304222410173418e-01
7.514512575319063359e-01
7.588591893626736029e-01
7.662541233257368356e-01
7.736359650135137267e-01
7.810046200184225240e-01
7.883599939328805872e-01
7.957019923493061642e-01
8.030305208601165035e-01
8.103454850577298529e-01
8.176467905345639053e-01
8.249343428830364644e-01
8.322080476955654449e-01
8.394678105645683175e-01
8.467135370824633300e-01
8.539451328416680642e-01
8.611625034346004348e-01
8.683655544536781345e-01
8.755541914913193002e-01
8.827283201399409585e-01
8.898878459919618011e-01
8.970326746397991879e-01
9.041627116758712557e-01
9.112778626925952530e-01
9.183780332823894277e-01
9.254631290376718056e-01
9.325330555508597463e-01
9.395877184143710537e-01
9.466270232206236424e-01
9.536508755620355382e-01
9.606591810310244339e-01
9.676518452200083553e-01
9.746287737214044400e-01
9.815898721276311578e-01
9.885350460311059795e-01
9.954642010242470418e-01
1.002377242699471482e+00
1.009274076649198104e+00
1.016154608465844156e+00
1.023018743741827219e+00
1.029866388069565541e+00
1.036697447041476927e+00
1.043511826249978958e+00
1.050309431287489437e+00
1.057090167746426390e+00
1.063853941219207178e+00
1.070600657298250269e+00
1.077330221575973246e+00
1.084042539644793690e+00
1.090740792099125445e+00
1.097450225511640731e+00
1.104175966841986822e+00
1.110917776590031547e+00
1.117675415255642957e+00
1.124448643338689102e+00
1.131237221339037147e+00
1.138040909756555141e+00
1.144859469091111137e+00
1.151692659842572963e+00
1.158540242510808227e+00
1.165401977595685201e+00
1.172277625597071049e+00
1.179166947014833822e+00
1.186069702348841792e+00
1.192985652098962568e+00
1.199914556765063534e+00
1.206856176847012740e+00
1.213810272844678684e+00
1.220776605257928304e+00
1.227754934586630098e+00
1.234745021330651227e+00
1.241746625989860409e+00
1.248759509064124584e+00
1.255783431053312027e+00
1.262818152457290566e+00
1.269863433775927808e+00
1.276919035509091804e+00
1.283984718156650384e+00
1.291060242218471377e+00
1.298145368194422833e+00
1.305239856584371916e+00
1.312343467888187121e+00
1.319455962605735833e+00
1.326577101236885881e+00
1.333706644281505760e+00
1.340844352239462633e+00
1.347989985610624553e+00
1.355143304894859346e+00
1.362304070592034844e+00
1.369472043202018652e+00
1.376646983224679044e+00
1.383828651159883183e+00
1.391016807507500230e+00
1.398211212767396461e+00
1.405411627439440370e+00
1.412617812023500008e+00
1.419829527019442983e+00
1.427046532927137124e+00
1.434268590246450259e+00
1.441495459477249996e+00
1.448726901119405053e+00
1.455962675672781925e+00
1.463202543637249331e+00
1.470446265512675099e+00
1.477693601798927059e+00
1.484944312995872373e+00
1.492198159603379315e+00
1.499454902121316158e+00
1.506714301049550508e+00
1.513976116887949308e+00
1.521240110136381718e+00
1.528506041294714679e+00
1.535773670862816465e+00
1.543042759340554460e+00
1.550313067227797159e+00
1.557584355024411726e+00
1.564856383230266434e+00
1.572128912345228668e+00
1.579401702869167146e+00
1.586674515301948585e+00
1.593947110143441481e+00
1.601219247893513886e+00
1.608490689052032740e+00
1.615761194118866761e+00
1.623030523593883112e+00
1.630298437976950288e+00
1.637564697767935895e+00
1.644829063466707098e+00
1.652091295573132390e+00
1.659351154587080046e+00
1.666608401008417450e+00
1.673862795337011766e+00
1.681114098072731045e+00
1.688362069715444225e+00
1.695606470765018248e+00
1.702847061721320721e+00
1.710083603084219916e+00
1.717315855353583887e+00
1.724543579029280016e+00
1.731766534611176134e+00
1.738984482599140291e+00
1.746197183493040095e+00
1.753404397792743818e+00
1.760605885998119069e+00
1.767801408609033453e+00
1.774990726125354801e+00
1.782173599046951384e+00
1.789349787873690811e+00
1.796519053105440467e+00
1.803681155242068623e+00
1.810835854783443333e+00
1.817982912229432424e+00
1.825122088079903282e+00
1.832253142834723292e+00
1.839375836993761171e+00
1.846489931056885192e+00
1.853595185523962297e+00
1.860691360894859425e+00
1.867778217669446850e+00
1.874855516347590623e+00
1.881923017429159017e+00
1.888980481414019197e+00
1.896027668802040322e+00
1.903064340093089779e+00
1.910090255787034730e+00
1.917105176383743226e+00
1.924108862383083762e+00
1.931101074284924168e+00
1.938081572589131163e+00
1.945050117795573019e+00
1.952006470404118454e+00
1.958950390914634410e+00
1.965881639826989158e+00
1.972799977641049862e+00
1.979705164856685462e+00
1.986596961973762454e+00
1.993475129492150000e+00
2.000339427911714818e+00
2.007189617732325626e+00
2.014025459453849809e+00
2.020846713576154752e+00
2.027653140599109172e+00
2.034444501022580454e+00
2.041220555346436427e+00
2.047981064070545365e+00
2.054725787694774652e+00
2.061454486718992118e+00
2.068166921643065148e+00
2.074862852966862459e+00
2.081542041190251435e+00
2.088204246813100351e+00
2.094849230335276147e+00
2.101476752256647984e+00
2.108086573077081916e+00
2.114678453296447547e+00
2.121252153414611374e+00
2.127807433931441672e+00
2.134344055346807156e+00
2.140861778160574325e+00
2.147360362872611450e+00
2.153839569982787250e+00
2.160299159990968221e+00
2.166738893397022636e+00
2.173158530700818325e+00
2.179557832402224005e+00
2.185936559001105728e+00
2.192294470997333100e+00
2.198631328890772618e+00
2.204946893181292999e+00
2.211240924368761629e+00
2.217513182953046780e+00
2.223763429434015837e+00
2.229991424311536630e+00
2.236196928085477875e+00
2.242379701255706070e+00
2.248539504322089932e+00
2.254676097784496402e+00
2.260789242142794198e+00
2.266878697896851147e+00
2.272944225546534192e+00
2.278985585591712493e+00
2.285002538532252991e+00
2.290994844868023961e+00
2.296962265098891898e+00
2.302904559724726408e+00
2.308821489245395320e+00
2.314712814160764687e+00
2.320578294970704114e+00
2.326417692175080099e+00
2.332230766273762246e+00
2.338017277766616164e+00
2.343776987153511016e+00
2.349509654934314629e+00
2.355215041608894389e+00
2.360892907677118568e+00
2.366543013638854553e+00
2.372165119993970617e+00
2.377758987242334143e+00
2.383324375883813406e+00
2.388861046418275791e+00
2.394368759345590014e+00
2.399847275165622573e+00
2.405296354378242185e+00
2.410715757483316235e+00
2.416105244980713440e+00
2.421464577370300741e+00
2.426793515151945968e+00
2.432091818825516949e+00
2.437359248890882846e+00
2.442595565847909711e+00
2.447800530196466262e+00
2.452973902436419440e+00
2.458115443067638850e+00
2.463224912589991433e+00
2.468302071503343686e+00
2.473346680307564771e+00
2.478358499502522960e+00
2.483337289588085639e+00
2.488282811064119748e+00
2.493194824430494450e+00
2.498073090187077128e+00
2.502917368833735168e+00
2.507727420870336843e+00
2.512503006796748650e+00
2.517243887112841083e+00
2.521949822318480194e+00
2.526620572913534257e+00
2.531255899397870657e+00
2.535855562271357666e+00
2.540419322033862670e+00
2.544946939185254386e+00
2.549438174225399756e+00
2.553892787654167051e+00
2.558310539971424102e+00
2.562691191677038738e+00
2.567034503270878343e+00
2.571340235252810746e+00
2.575608148122705110e+00
2.579838002380427930e+00
2.584029558525847481e+00
2.588182577058831146e+00
2.592296818479247200e+00
2.596372043286963471e+00
2.600408011981847789e+00
2.604404485063767982e+00
2.608361223032591880e+00
2.612277986388187312e+00
2.616154535630422107e+00
2.619990631259163205e+00
2.623786033774279769e+00
2.627540503675639183e+00
2.631253801463109721e+00
2.634925687636557878e+00
2.638555922695853262e+00
2.642144267140861924e+00
2.645690481471453026e+00
2.649194326187493509e+00
2.652655561788852534e+00
2.656073948775395710e+00
2.659449247646992642e+00
2.662781218903510716e+00
2.666069623044818648e+00
2.669314220570782492e+00
2.672514771981270965e+00
2.675671037776151895e+00
2.678782778455293556e+00
2.681849754518563334e+00
2.684871726465829056e+00
2.687848454796957665e+00
2.690779700011818765e+00
2.693665222610278853e+00
2.696504783092206647e+00
2.699298141957469532e+00
2.702045059705934893e+00
2.704745296837471003e+00
2.707398613851946578e+00
2.710004771249227673e+00
2.712563529529183892e+00
2.715074649191681733e+00
2.717537890736589024e+00
2.719953014663774482e+00
2.722319781473105493e+00
2.724637951664450775e+00
2.726907285737676823e+00
2.729127544192651467e+00
2.731298487529242980e+00
2.733419876247320079e+00
2.735491470846748818e+00
2.737513031827399246e+00
2.739484319689136527e+00
2.741405094931830710e+00
2.743275118055349182e+00
2.745094149559558439e+00
2.746861949944327641e+00
2.748578279709524619e+00
2.750256471677653192e+00
2.751930155917796661e+00
2.753600901403348900e+00
2.755268687353143786e+00
2.756933492986015644e+00
2.758595297520796574e+00
2.760254080176321789e+00
2.761909820171422947e+00
2.763562496724935258e+00
2.765212089055692157e+00
2.766858576382526191e+00
2.768501937924271239e+00
2.770142152899762067e+00
2.771779200527831222e+00
2.773413060027312582e+00
2.775043710617039139e+00
2.776671131515844770e+00
2.778295301942563356e+00
2.779916201116028773e+00
2.781533808255074014e+00
2.783148102578532512e+00
2.784759063305238591e+00
2.786366669654024797e+00
2.787970900843725897e+00
2.789571736093174881e+00
2.791169154621205184e+00
2.792763135646650241e+00
2.794353658388344819e+00
2.795940702065121020e+00
2.797524245895812722e+00
2.799104269099254250e+00
2.800680750894278592e+00
2.802253670499719629e+00
2.803823007134410350e+00
2.805388740017185523e+00
2.806950848366877249e+00
2.808509311402320296e+00
2.810064108342347655e+00
2.811615218405793648e+00
2.813162620811490378e+00
2.814706294778272611e+00
2.816246219524974226e+00
2.817782374270427326e+00
2.819314738233466677e+00
2.820843290632925271e+00
2.822368010687637430e+00
2.823888877616436144e+00
2.825405870638155736e+00
2.826918968971628310e+00
2.828428151835688187e+00
2.829933398449169690e+00
2.831434688030905367e+00
2.832931999799729983e+00
2.834425312974475641e+00
2.835914606773977109e+00
2.837399860417066932e+00
2.838881053122579878e+00
2.840358164109348493e+00
2.841831172596207100e+00
2.843300057801989134e+00
2.844764798945527140e+00
2.846225375245656330e+00
2.847681765921209252e+00
2.849133950191020226e+00
2.850581907273921800e+00
2.852025616388747853e+00
2.853465056754333151e+00
2.854900207589509797e+00
2.856331048113112114e+00
2.857757557543973093e+00
2.859179715100927499e+00
2.860597500002807436e+00
2.862010891468447671e+00
2.863419868716680750e+00
2.864824410966341439e+00
2.866224497436262730e+00
2.867620107345278058e+00
2.869011219912220412e+00
2.870397814355925004e+00
2.871779869895224380e+00
2.873157365748951975e+00
2.874530281135941223e+00
2.875898595275026448e+00
2.877262287385041084e+00
2.878621336684818122e+00
2.879975722393191884e+00
2.881325423728995361e+00
2.882670419911062876e+00
2.884010690158226975e+00
2.885346213689322425e+00
2.886676969723181774e+00
2.888002937478638898e+00
2.889324096174527678e+00
2.890640425029681104e+00
2.891951903262933499e+00
2.893258510093118296e+00
2.894560224739068488e+00
2.895857026419618396e+00
2.897148894353601012e+00
2.898435807759850213e+00
2.899717745857199880e+00
2.900994687864482557e+00
2.902266613000533013e+00
2.903533500484183794e+00
2.904795329534269666e+00
2.906052079369623620e+00
2.907303729209078647e+00
2.908550258271468625e+00
2.909791645775628322e+00
2.911027870940389839e+00
2.912258912984587056e+00
2.913484751127053851e+00
2.914705364586624103e+00
2.915920732582131247e+00
2.917130834332407829e+00
2.918335649056288617e+00
2.919535155972607043e+00
2.920729334300196101e+00
2.921918163257890111e+00
2.923101622064522065e+00
2.924279689938925841e+00
2.925452346099934875e+00
2.926619569766383488e+00
2.927781340157103784e+00
2.928937636490930529e+00
2.930088437986696270e+00
2.931233723863236218e+00
2.932373473339382475e+00
2.933507665633968919e+00
2.934636279965830319e+00
2.935759295553797887e+00
2.936876691616707280e+00
2.937988447373391487e+00
2.939094542042684388e+00
2.940194954843418529e+00
2.941289664994428232e+00
2.942378651714547377e+00
2.943461894222608954e+00
2.944539371737447286e+00
2.945611063477894476e+00
2.946676948662785289e+00
2.947737006510953162e+00
2.948791216241231528e+00
2.949839557072454266e+00
2.950882008223454367e+00
2.951918548913066598e+00
2.952949158360122617e+00
2.953973815783458079e+00
2.954992500401905087e+00
2.956005191434297519e+00
2.957011868099469254e+00
2.958012509616254171e+00
2.959007095203485260e+00
2.959995604079995957e+00
2.960978015464620583e+00
2.961954308576191686e+00
2.962924462633544476e+00
2.963888456855511055e+00
2.964846270460925304e+00
2.965797882668621099e+00
2.966743272697432321e+00
2.967682419766191959e+00
2.968615303093733448e+00
2.969541901898890668e+00
2.970462195400497496e+00
2.971376162817387367e+00
2.972283783368393717e+00
2.973185036272349979e+00
2.974079900748089589e+00
2.974968356014447313e+00
2.975850381290255253e+00
2.976725955794347733e+00
2.977595058745558187e+00
2.978457669362720939e+00
2.979313766864668089e+00
2.980163330470234406e+00
2.981006339398252436e+00
2.981842772867556945e+00
2.982672610096980481e+00
2.983495830305356922e+00
2.984312412711521034e+00
2.985122336534304921e+00
2.985925580992542461e+00
2.986722125305067532e+00
2.987511948690713570e+00
2.988295030368314009e+00
2.989071349556702728e+00
2.989840885474713161e+00
2.990603617341179188e+00
2.991359524374933354e+00
2.992108585794810871e+00
2.992850780819644285e+00
2.993586088668267031e+00
2.994314488559512988e+00
2.995035959712216034e+00
2.995750481345209160e+00
2.996458032677326244e+00
2.997158592927401166e+00
2.997852141314266472e+00
2.998538657056757817e+00
2.999218119373706859e+00
2.999890507483947033e+00
3.000555800606313106e+00
3.001213977959638957e+00
3.001865018762756687e+00
3.002508902234500621e+00
3.003145607593704636e+00
3.003775114059201723e+00
3.004397400849826649e+00
3.005012447184411073e+00
3.005620232281789761e+00
3.006220735360796592e+00
3.006813935640264557e+00
3.007399812339027090e+00
3.007978344675918514e+00
3.008549511869771376e+00
3.009113293139420442e+00
3.009669667703698259e+00
3.010218614781438706e+00
3.010760113591476106e+00
3.011294143352643449e+00
3.011820683283773281e+00
3.012339712603701258e+00
3.012851210531259483e+00
3.013355156285281833e+00
3.013851529084602188e+00
3.014340308148054426e+00
3.014821472694471094e+00
3.015295001942686959e+00
3.015760875111534123e+00
3.016219071419847353e+00
3.016669570086460528e+00
3.017112350330206194e+00
3.017547391369917786e+00
3.017974672424430072e+00
3.018394172712576040e+00
3.018805871453188683e+00
3.019209747865103211e+00
3.019605781167151282e+00
3.019993950578167219e+00
3.020374235316985789e+00
3.020746614602438651e+00
3.021111067653360127e+00
3.021467573688583652e+00
3.021816111926943993e+00
3.022156661587273252e+00
3.022489201888406196e+00
3.022813712049174928e+00
3.023130171288414214e+00
3.023438558824957045e+00
3.023738853877637744e+00
3.024031035665289746e+00
3.024315083406745597e+00
3.024590976320839619e+00
3.024858693626405692e+00
3.025118214542276807e+00
3.025369518287286841e+00
3.025612584080269674e+00
3.025847391140057852e+00
3.026073918685486142e+00
3.026292145935387534e+00
3.026502052108595908e+00
3.026703616423944254e+00
3.026896818100266895e+00
3.027081636356396821e+00
3.027258050411167911e+00
3.027426039483414044e+00
3.027585582791967767e+00
3.027736659555664289e+00
3.027879248993335715e+00
3.028013330323816366e+00
3.028138882765938789e+00
3.028255885538538195e+00
3.028364317860447130e+00
3.028464158950499474e+00
3.028555388027529105e+00
3.028637984310368569e+00
3.028711927017852634e+00
3.028777195368814290e+00
3.028833768582086972e+00
3.028881625876504557e+00
3.028920746470900927e+00
3.028951109584109069e+00
3.028972694434962865e+00
3.028985480242295303e+00
3.028989396962253000e+00
3.028963699133464527e+00
3.028891528668429700e+00
3.028773122419119890e+00
3.028608717237507353e+00
3.028398549975563903e+00
3.028142857485261796e+00
3.027841876618573291e+00
3.027495844227470201e+00
3.027104997163924338e+00
3.026669572279908849e+00
3.026189806427394657e+00
3.025665936458354466e+00
3.025098199224759643e+00
3.024486831578582891e+00
3.023832070371796021e+00
3.023134152456371737e+00
3.022393314684281851e+00
3.021609793907497288e+00
3.020783826977991637e+00
3.019915650747736269e+00
3.019005502068702995e+00
3.018053617792864962e+00
3.017060234772193539e+00
3.016025589858660094e+00
3.014949919904237774e+00
3.013833461760898391e+00
3.012676452280613759e+00
3.011479128315356135e+00
3.010241726717097777e+00
3.008964484337810052e+00
3.007647638029466108e+00
3.006291424644037313e+00
3.004896081033495925e+00
3.003461844049813756e+00
3.001988950544963508e+00
3.000477637370916106e+00
2.998928141379645140e+00
2.997340699423121535e+00
2.995715548353317992e+00
2.994052925022206324e+00
2.992353066281758345e+00
2.990616208983946755e+00
2.988842589980742925e+00
2.987032446124119556e+00
2.985186014266048460e+00
2.983303531258501451e+00
2.981385233953450786e+00
2.979431359202869167e+00
2.977442143858727963e+00
2.975417824772998987e+00
2.973358638797654940e+00
2.971264822784668080e+00
2.969136613586009332e+00
2.966974248053651841e+00
2.964777963039567865e+00
2.962547995395728773e+00
2.960284581974106377e+00
2.957987959626673824e+00
2.955658365205402482e+00
2.953296035562264166e+00
2.950901207549231575e+00
2.948474118018276524e+00
2.946015003821371270e+00
2.943524101810487181e+00
2.941001648837597404e+00
2.938447881754673308e+00
2.935863037413687149e+00
2.933247352666610741e+00
2.930601064365416786e+00
2.927924409362077096e+00
2.925217624508563485e+00
2.922480946656847767e+00
2.919714612658902642e+00
2.916918859366699923e+00
2.914093923632211869e+00
2.911240042307410736e+00
2.908357452244267893e+00
2.905446390294755155e+00
2.902507093310846553e+00
2.899539798144511682e+00
2.896544741647724575e+00
2.893522160672456156e+00
2.890472292070679572e+00
2.887395372694365747e+00
2.884291639395486939e+00
2.881161329026015849e+00
2.878004678437923847e+00
2.874821924483183633e+00
2.871613304013766577e+00
2.868379053881645824e+00
2.865119410938791855e+00
2.861834612037178704e+00
2.858524894028776853e+00
2.855190493765559001e+00
2.851831648099497407e+00
2.848448593882563440e+00
2.845041567966730245e+00
2.841610807203969635e+00
2.838156548446252980e+00
2.834679028545552537e+00
2.831178484353840563e+00
2.827655152723089316e+00
2.824109270505270608e+00
2.820541074552355809e+00
2.816950801716318953e+00
2.813338688849130520e+00
2.809704972802762768e+00
2.806049890429188842e+00
2.802373678580379224e+00
2.798676574108307058e+00
2.794958813864944158e+00
2.791220634702261894e+00
2.787462273472234742e+00
2.783683967026831851e+00
2.779885952218026368e+00
2.776068465897790993e+00
2.772231744918096652e+00
2.768376026130916490e+00
2.764501546388221875e+00
2.760608542541985955e+00
2.756697251444179209e+00
2.752767909946774783e+00
2.748820754901744490e+00
2.744856023161060588e+00
2.740873951576694889e+00
2.736874777000619652e+00
2.732858736284806689e+00
2.728826066281228702e+00
2.724777003841856615e+00
2.720711785818663575e+00
2.716630649063621394e+00
2.712533830428701442e+00
2.708421566765876864e+00
2.704294094927119030e+00
2.700151651764400196e+00
2.695994474129692620e+00
2.691822798874968115e+00
2.687636862852199382e+00
2.683436902913357347e+00
2.679223155910415155e+00
2.674995858695344175e+00
2.670755248120117109e+00
2.666501561036706214e+00
2.662235034297081526e+00
2.657955904753217524e+00
2.653664409257085133e+00
2.649360784660657497e+00
2.645045267815904655e+00
2.640718095574800639e+00
2.636379504789316375e+00
2.632029732311424564e+00
2.627669014993097463e+00
2.623297589686305997e+00
2.618915693243023757e+00
2.614523562515221222e+00
2.610121434354871983e+00
2.605709545613947853e+00
2.601288133144419756e+00
2.596857433798260839e+00
2.592417684427442470e+00
2.587969121883936907e+00
2.583511983019717295e+00
2.579046504686754115e+00
2.574572923737020513e+00
2.570091477022487858e+00
2.565602401395128851e+00
2.561105933706915305e+00
2.556602310809819034e+00
2.552091769555812295e+00
2.547574546796867789e+00
2.543050879384956886e+00
2.538521004172052287e+00
2.533985158010124916e+00
2.529443577751147920e+00
2.524896500247092224e+00
2.520344162349930972e+00
2.515786800911635979e+00
2.511224652784179057e+00
2.506657954819532907e+00
2.502086943869668900e+00
2.497511856786559736e+00
2.492932930422176785e+00
2.488350401628492303e+00
2.483764507257478549e+00
2.479175484161108223e+00
2.474583569191353138e+00
2.469988999200184221e+00
2.465392011039574616e+00
2.460792841561495692e+00
2.456191727617920595e+00
2.451588906060819806e+00
2.446984613742166914e+00
2.442379087513933733e+00
2.437772564228091632e+00
2.433165280736613312e+00
2.428557473891470586e+00
2.423949380544634824e+00
2.419341237548080059e+00
2.414733281753776328e+00
2.410125750013696777e+00
2.405518879179814107e+00
2.400912906104098354e+00
2.396308067638523109e+00
2.391704600635059741e+00
2.387102741945680950e+00
2.382502728422358995e+00
2.377904796917064800e+00
2.373309184281771511e+00
2.368716127368450941e+00
2.364125863029074903e+00
2.359538628115615211e+00
2.354954659480045009e+00
2.350374193974335224e+00
2.345797468450459000e+00
2.341224719760387707e+00
2.336656184756093158e+00
2.332092100289548053e+00
2.327532703212724208e+00
2.322978230377593434e+00
2.318428918636128877e+00
2.313885004840301018e+00
2.309346725842082559e+00
2.304814318493447090e+00
2.300288019646364202e+00
2.295768066152807041e+00
2.291254694864748309e+00
2.286748142634159375e+00
2.282248646313012941e+00
2.277756442753279931e+00
2.273271768806933935e+00
2.268794861325945877e+00
2.264325957162287573e+00
2.259865293167931721e+00
2.255413106194851025e+00
2.250969633095016409e+00
2.246535110720400574e+00
2.242109775922975778e+00
2.237693865554712946e+00
2.233287616467586112e+00
2.228891265513565312e+00
2.224505049544623692e+00
2.220129205412733064e+00
2.215763969969865688e+00
2.211409580067993819e+00
2.207066272559089715e+00
2.202734284295124745e+00
2.198413852128070722e+00
2.194105212909900793e+00
2.189808603492585881e+00
2.185524260728099133e+00
2.181252421468411917e+00
2.176993322565496047e+00
2.172747200871325113e+00
2.168514293237869595e+00
2.164294836517102194e+00
2.160089067560994724e+00
2.155897223221519887e+00
2.151719540350649051e+00
2.147556255800355807e+00
2.143407606422609746e+00
2.139273829069384458e+00
2.135155160592651313e+00
2.131051837844383012e+00
2.126964097676551813e+00
2.122892176941129527e+00
2.118836312490087970e+00
2.114796741175399397e+00
2.110773699849035623e+00
2.106767425362969348e+00
2.102778154569171942e+00
2.098806124319615662e+00
2.094851571466273210e+00
2.090914732861115954e+00
2.086995845356117041e+00
2.083095145803246950e+00
2.079212871054478384e+00
2.075349257961784044e+00
2.071504543377134855e+00
2.067678964152503518e+00
2.063872757139862291e+00
2.060086159191182986e+00
2.056319407158438306e+00
2.052572737893599619e+00
2.048846388248638739e+00
2.045140595075528811e+00
2.041453594776835079e+00
2.037762691783793656e+00
2.034061503683110672e+00
2.030350120436722694e+00
2.026628632006562736e+00
2.022897128354566920e+00
2.019155699442670926e+00
2.015404435232809099e+00
2.011643425686916675e+00
2.007872760766929332e+00
2.004092530434781416e+00
2.000302824652408162e+00
1.996503733381745471e+00
1.992695346584727911e+00
1.988877754223290051e+00
1.985051046259368457e+00
1.981215312654896810e+00
1.977370643371811454e+00
1.973517128372046736e+00
1.969654857617537225e+00
1.965783921070219042e+00
1.961904408692027424e+00
1.958016410444896271e+00
1.954120016290762374e+00
1.950215316191559634e+00
1.946302400109223285e+00
1.942381358005689007e+00
1.938452279842891812e+00
1.934515255582765603e+00
1.930570375187247389e+00
1.926617728618271519e+00
1.922657405837772782e+00
1.918689496807687078e+00
1.914714091489948533e+00
1.910731279846492603e+00
1.906741151839254522e+00
1.902743797430169526e+00
1.898739306581172626e+00
1.894727769254199057e+00
1.890709275411183610e+00
1.886683915014061963e+00
1.882651778024768907e+00
1.878612954405239011e+00
1.874567534117408174e+00
1.870515607123212076e+00
1.866457263384583953e+00
1.862392592863461704e+00
1.858321685521778122e+00
1.854244631321467995e+00
1.850161520224468337e+00
1.846072442192712826e+00
1.841977487188137586e+00
1.837876745172676962e+00
1.833770306108266857e+00
1.829658259956841171e+00
1.825540696680336694e+00
1.821417706240687551e+00
1.817289378599828309e+00
1.813155803719695314e+00
1.809017071562223355e+00
1.804873272089346559e+00
1.800724495263002156e+00
1.796570831045122940e+00
1.792412369397645033e+00
1.788249200282503892e+00
1.784081413661634086e+00
1.779909099496970848e+00
1.775732347750449636e+00
1.771551248384004795e+00
1.767365891359572894e+00
1.763176366639087833e+00
1.758982764184484626e+00
1.754785173957698730e+00
1.750583685920666266e+00
1.746378390035320693e+00
1.742169376263598357e+00
1.737956734567434713e+00
1.733740554908762999e+00
1.729520927249519779e+00
1.725297941551639180e+00
1.721071687777057324e+00
1.716842255887709445e+00
1.712609735845529890e+00
1.708374217612454338e+00
1.704135791150417134e+00
1.699894546421353958e+00
1.695650573387200266e+00
1.691403962009891071e+00
1.687154802251360719e+00
1.682903184073545333e+00
1.678649197438379703e+00
1.674392932307798620e+00
1.670134478643737319e+00
1.665873926408130812e+00
1.661611365562914555e+00
1.657346886070023784e+00
1.653080577891392622e+00
1.648812530988957858e+00
1.644542835324653396e+00
1.640271580860414469e+00
1.635998857558176534e+00
1.631724755379874603e+00
1.627449364287443689e+00
1.623172774242819028e+00
1.618895075207935630e+00
1.614616357144729619e+00
1.610336710015134232e+00
1.606056223781085590e+00
1.601774988404519151e+00
1.597493093847369483e+00
1.593210630071571599e+00
1.588927687039061398e+00
1.584644354711773451e+00
1.580360723051642546e+00
1.576076882020604586e+00
1.571792921580594360e+00
1.567508931693546437e+00
1.563225002321397161e+00
1.558941223426080658e+00
1.554657684969532161e+00
1.550374476913688016e+00
1.546091689220481458e+00
1.541809411851848610e+00
1.537527734769724042e+00
1.533246747936043652e+00
1.528966541312742011e+00
1.524687204861754575e+00
1.520408828545016133e+00
1.516131502324461922e+00
1.511855316162027396e+00
1.507580360019647348e+00
1.503306723859256788e+00
1.499034497642791397e+00
1.494763771332185520e+00
1.490494634889375503e+00
1.486227178276295025e+00
1.481961491454879543e+00
1.477697664387064957e+00
1.473435787034785616e+00
1.469175949359976974e+00
1.464918241324574044e+00
1.460662752890512062e+00
1.456409574019726039e+00
1.452158794674151210e+00
1.447910504815723032e+00
1.443664794406375407e+00
1.439421753408044902e+00
1.435181471782666085e+00
1.430944039492173525e+00
1.426709546498504011e+00
1.422478082763590335e+00
1.418249738249369063e+00
1.414024602917775431e+00
1.409802766730743340e+00
1.405584319650209357e+00
1.401369351638107830e+00
1.397157952656373991e+00
1.392950212666943077e+00
1.388746221631750322e+00
1.384546069512730293e+00
1.380349846271818670e+00
1.376157641870950465e+00
1.371969546272060914e+00
1.367785649437085471e+00
1.363606041327957596e+00
1.359430811906614078e+00
1.355260051134989485e+00
1.351093848975018830e+00
1.346932295388637568e+00
1.342775480337780714e+00
1.338623493784383056e+00
1.334476425690380275e+00
1.330334366017706937e+00
1.326197404728298279e+00
1.322065631784089978e+00
1.317939137147016604e+00
1.313818010779013390e+00
1.309702342642015571e+00
1.305592222697958826e+00
1.301487740908776836e+00
1.297388987236405944e+00
1.293296051642780498e+00
1.289209024089835953e+00
1.285127994539507768e+00
1.281053052953730509e+00
1.276984289294439634e+00
1.272921793523570155e+00
1.268865655603057085e+00
1.264815965494835881e+00
1.260772813160841554e+00
1.256736288563009118e+00
1.252706481663273363e+00
1.248683482423570190e+00
1.244667380805834833e+00
1.240658266772001417e+00
1.236656230284005176e+00
1.232661361303781566e+00
1.228673749793266046e+00
1.224693485714393404e+00
1.220720659029098654e+00
1.216755359699317030e+00
1.212797677686983766e+00
1.208847702954033654e+00
1.204905525462402593e+00
1.200971235174024931e+00
1.197044922050835680e+00
1.193126676054770963e+00
1.189216587147765125e+00
1.185314745291753402e+00
1.181421240448670584e+00
1.177536162580452128e+00
1.173659601649033490e+00
1.169791647616349239e+00
1.165932390444334832e+00
1.162081920094925280e+00
1.158240326530055819e+00
1.154407699711661239e+00
1.150584129601676997e+00
1.146769706162038105e+00
1.142964519354679798e+00
1.139168659141536866e+00
1.135382215484544766e+00
1.131605278345639176e+00
1.127837937686753778e+00
1.124080283469824915e+00
1.120332405656786712e+00
1.116594394209575292e+00
1.112866339090125223e+00
1.109148330260371518e+00
1.105440457682249855e+00
1.101742811317694803e+00
1.098055481128642041e+00
1.094378557077025915e+00
1.090712129124782326e+00
1.087056287233845842e+00
1.083411121366151697e+00
1.079776721483635571e+00
1.076153177548232254e+00
1.072540579521876536e+00
1.068939017366503652e+00
1.065348581044048615e+00
1.061769360516447103e+00
1.058201445745633684e+00
1.054644926693543594e+00
1.051099893322112511e+00
1.047566435593274559e+00
1.044044643468965861e+00
1.040534606911120763e+00
1.037036415881674722e+00
1.033550160342563196e+00
1.030075930255720751e+00
1.026613815583083289e+00
1.023163906286584712e+00
1.019726292328160699e+00
1.016301063669746929e+00
1.012888310273277748e+00
1.009488122100688612e+00
1.006100589113914756e+00
1.002725801274890971e+00
9.993638485455524911e-01
9.960148208878349951e-01
9.926788082636728294e-01
9.893559006350012286e-01
9.860461879637560934e-01
9.827497602118713260e-01
9.794667073412831604e-01
9.761971193139267200e-01
9.729410860917359072e-01
9.696986976366468447e-01
9.664700439105942120e-01
9.632552148755133548e-01
9.600543004933397295e-01
9.568673907260076827e-01
9.536945755354528931e-01
9.505359448836103731e-01
9.473915887324152463e-01
9.442615970438026363e-01
9.411460597797074445e-01
9.380450669020651278e-01
9.349587083728106984e-01
9.318870741538797242e-01
9.288302542072063295e-01
9.257883384947260819e-01
9.227614169783741049e-01
9.197495796200859663e-01
9.167529163817961235e-01
9.137679184689001533e-01
9.107828239896964551e-01
9.077967599812885036e-01
9.048097805353774170e-01
9.018219397436638696e-01
8.988332916978488685e-01
8.958438904896326438e-01
8.928537902107163138e-01
8.898630449528006636e-01
8.868717088075868116e-01
8.838798358667748767e-01
8.808874802220654221e-01
8.778946959651596771e-01
8.749015371877583158e-01
8.719080579815621235e-01
8.689143124382715522e-01
8.659203546495880532e-01
8.629262387072121898e-01
8.599320187028438589e-01
8.569377487281849559e-01
8.539434828749355999e-01
8.509492752347967981e-01
8.479551798994688916e-01
8.449612509606534427e-01
8.419675425100507926e-01
8.389741086393613934e-01
8.359810034402861412e-01
8.329882810045258212e-01
8.299959954237814408e-01
8.270042007897536740e-01
8.240129511941427509e-01
8.210223007286502339e-01
8.180323034849766861e-01
8.150430135548222266e-01
8.120544850298885287e-01
8.090667720018756004e-01
8.060799285624846711e-01
8.030940088034163038e-01
8.001090668163718389e-01
7.971251566930509513e-01
7.941423325251549814e-01
7.911606484043846033e-01
7.881801584224406021e-01
7.852009166710239851e-01
7.822229772418349825e-01
7.792463942265748233e-01
7.762712217169439599e-01
7.732975138046433994e-01
7.703253245813738159e-01
7.673547081388357727e-01
7.643857185687303879e-01
7.614184099627580027e-01
7.584528364126198463e-01
7.554890520100167040e-01
7.525271108466486947e-01
7.495670670142169367e-01
7.466089746044223263e-01
7.436528877089653156e-01
7.406988604195469117e-01
7.377469468278677889e-01
7.347972010256287323e-01
7.318496771045304161e-01
7.289044291562738476e-01
7.259615112725593677e-01
7.230209775450882059e-01
7.200828820655608142e-01
7.171472789256779778e-01
7.142142222171405930e-01
7.112837660316497779e-01
7.083559644609053185e-01
7.054308715966085552e-01
7.025085415304602732e-01
6.995890283541610355e-01
6.966723861594117384e-01
6.937586690379132781e-01
6.908479310813659957e-01
6.879402263814711205e-01
6.850356090299291045e-01
6.821341331184408441e-01
6.792358527387069023e-01
6.763408219824283973e-01
6.734490949413057814e-01
6.705607257070405058e-01
6.676757683713321345e-01
6.647942770258821188e-01
6.619163057623911328e-01
6.590419086725599618e-01
6.561711398480891688e-01
6.533040533806797612e-01
6.504407033620325240e-01
6.475811438838479095e-01
6.447254290378271468e-01
6.418736129156705772e-01
6.390257496090789857e-01
6.361818932097534907e-01
6.333420978093945442e-01
6.305064174997029314e-01
6.276749063723798816e-01
6.248476185191252918e-01
6.220246080316402804e-01
6.192059290016257433e-01
6.163916355207824660e-01
6.135817816808109004e-01
6.107764215734123869e-01
6.079756092902870446e-01
6.051793989231359916e-01
6.023878445636599022e-01
5.996010003035594504e-01
5.968189202345355326e-01
5.940416584482889339e-01
5.912692690365203285e-01
5.885018060909302795e-01
5.857393237032204603e-01
5.829818759650903237e-01
5.802295169682412102e-01
5.774823008043739048e-01
5.747402815651891927e-01
5.720035133423878593e-01
5.692720502276705785e-01
5.665459463127380246e-01
5.638252556892910938e-01
5.611100324490304603e-01
5.584003306836570202e-01
5.556962044848713367e-01
5.529977079443745280e-01
5.503048951538669353e-01
5.476178202050500099e-01
5.449365371896234267e-01
5.422611001992885260e-01
5.395915633257460930e-01
5.369279806606969130e-01
5.342704062958415490e-01
5.316188943228807862e-01
5.289734988335157428e-01
5.263342739194467601e-01
5.237012736723747341e-01
5.210745521840004502e-01
5.184541635460246933e-01
5.158401618501482488e-01
5.132326011880716798e-01
5.106315356514959936e-01
5.080370193321220862e-01
5.054491063216501878e-01
5.028678507117814167e-01
5.002933065942162250e-01
4.977255280606558419e-01
4.951645692028005530e-01
4.926104841123514211e-01
4.900633268810091758e-01
4.875231516004746024e-01
4.849900123624482084e-01
4.824639632586310012e-01
4.799450583807235993e-01
4.774333518204269544e-01
4.749288976694416298e-01
4.724317500194684660e-01
4.699419629622083039e-01
4.674595905893617065e-01
4.649846869926296256e-01
4.625173062637126797e-01
4.600575024943115987e-01
4.576053297761273342e-01
4.551608422008604493e-01
4.527240938602125619e-01
4.502951388458829585e-01
4.478740312495731457e-01
4.454608251629836868e-01
4.430555746778155335e-01
4.406583338857694154e-01
4.382691568785461178e-01
4.358880977478463148e-01
4.335152105853707361e-01
4.311505494828202778e-01
4.287941685318957252e-01
4.264461218242975860e-01
4.241064634517268672e-01
4.217752475058841322e-01
4.194525280784703880e-01
4.171383592611861979e-01
4.148327951457323470e-01
4.125358898238095651e-01
4.102476973871188592e-01
4.079682719273606262e-01
4.056976675362358176e-01
4.034359383054452186e-01
4.011831383266894480e-01
3.989393216916694018e-01
3.967045424920858099e-01
3.944788548196393463e-01
3.922623127660309073e-01
3.900549704229612225e-01
3.878568818821309661e-01
3.856681012352416449e-01
3.834886825739925453e-01
3.813186799900852297e-01
3.791581475752204833e-01
3.770071394210989246e-01
3.748657096194213945e-01
3.727339122618887335e-01
3.706118014402015604e-01
3.684994312460607713e-01
3.663968557711668739e-01
3.643041291072208754e-01
3.622213053459235055e-01
3.601484385789754383e-01
3.580855828980774036e-01
3.560327923949303530e-01
3.539901211612348497e-01
3.519576232886917344e-01
3.499353528690017368e-01
3.479233639938655864e-01
3.459217107549841796e-01
3.439304472440580795e-01
3.419496275527882378e-01
3.399793057728752177e-01
3.380195359960199708e-01
3.360703723139232268e-01
3.341318688182855490e-01
3.322040796008078334e-01
3.302870587531909763e-01
3.283808603671354853e-01
3.264855385343428673e-01
3.246011473465126862e-01
3.227277408953462268e-01
3.208653732725442187e-01
3.190140985698076137e-01
3.171739708788369194e-01
3.153450442913330320e-01
3.135273728989967923e-01
3.117210107935288188e-01
3.099260120666298968e-01
3.081424308100008114e-01
3.063703211153422368e-01
3.046097370743551802e-01
3.028607327787400938e-01
3.011233623201978182e-01
2.993976797904293052e-01
2.976837392811351179e-01
2.959815948840161526e-01
2.942913006907729723e-01
2.926129107931064177e-01
2.909464792827174406e-01
2.892920602513064932e-01
2.876497077905744715e-01
2.860194759922222718e-01
2.844014189479504573e-01
2.827955907494598686e-01
2.812020454884512355e-01
2.796208372566252875e-01
2.780520201456829765e-01
2.764956482473247545e-01
2.749517756532520729e-01
2.734204564551646621e-01
2.719017447447638069e-01
2.703956946137501816e-01
2.689023601538247377e-01
2.674217954566879274e-01
2.659540546140407025e-01
2.644991917175839036e-01
2.630572608590180383e-01
2.616283161300440030e-01
2.602124116223626937e-01
2.588096014276746737e-01
2.574199396376808391e-01
2.560434803440818086e-01
2.546802776385783673e-01
2.533303856128714115e-01
2.519938583586615599e-01
2.506707499676496531e-01
2.493611145315363653e-01
2.480650061420224262e-01
2.467824788908088152e-01
2.455135868695961510e-01
2.442583841700849967e-01
2.430169248839764706e-01
2.417892631029711914e-01
2.405754529187696944e-01
2.393755484230731256e-01
2.381896037075820483e-01
2.370176728639970809e-01
2.358598099840195361e-01
2.347160691593495052e-01
2.335865044816879954e-01
2.324711700427355976e-01
2.313701199341934023e-01
2.302834082477620559e-01
2.292050968631463292e-01
2.281284563331654192e-01
2.270534914655124303e-01
2.259802130436515677e-01
2.249086318510472859e-01
2.238387586711639010e-01
2.227706042874657566e-01
2.217041794834172797e-01
2.206394950424826473e-01
2.195765617481263143e-01
2.185153903838127354e-01
2.174559917330060321e-01
2.163983765791707703e-01
2.153425557057711270e-01
2.142885398962715293e-01
2.132363399341363763e-01
2.121859666028300118e-01
2.111374306858166683e-01
2.100907429665607729e-01
2.090459142285266969e-01
2.080029552551787564e-01
2.069618768299812950e-01
2.059226897363986564e-01
2.048854047578955451e-01
2.038500326779356664e-01
2.028165842799836693e-01
2.017850703475038976e-01
2.007555016639607504e-01
1.997278890128184881e-01
1.987022431775415654e-01
1.976785749415942151e-01
1.966568950884408917e-01
1.956372144015459114e-01
1.946195436643735899e-01
1.936038936603882987e-01
1.925902751730544094e-01
1.915786989858362377e-01
1.905691758821981552e-01
1.895617166456045333e-01
1.885563320595196601e-01
1.875530329074079350e-01
1.865518299727336737e-01
1.855527340389612478e-01
1.845557558895549732e-01
1.835609063079792491e-01
1.825681960776984192e-01
1.815776359821767993e-01
1.805892368048787611e-01
1.796030093292686480e-01
1.786189643388108039e-01
1.776371126169696002e-01
1.766574649472093528e-01
1.756800321129947662e-01
1.747048248977894902e-01
1.737318540850582849e-01
1.727611304582654383e-01
1.717926648008752943e-01
1.708264678963522520e-01
1.698625505281605996e-01
1.689009234797647363e-01
1.679415975346289780e-01
1.669845834762176962e-01
1.660298920879952345e-01
1.650775341534259366e-01
1.641275204559741741e-01
1.631798617791042627e-01
1.622345689062805463e-01
1.612916526209674239e-01
1.603511237066292117e-01
1.594129929467302531e-01
1.584772711247348920e-01
1.575439690241074997e-01
1.566130974283124477e-01
1.556846671208140520e-01
1.547586888850766562e-01
1.538351735045646040e-01
1.529141317627422669e-01
1.519955744430740441e-01
1.510795123290241682e-01
1.501659562040570939e-01
1.492549168516370539e-01
1.483464050552285030e-01
1.474404315982960900e-01
1.465370072643035204e-01
1.456361428367154431e-01
1.447378490989962296e-01
1.438421368346102236e-01
1.429490168270217687e-01
1.420584998596952087e-01
1.411705967160949149e-01
1.402853181796852033e-01
1.394026750339304732e-01
1.385226780622950127e-01
1.376453380482432209e-01
1.367706657752393862e-01
1.358986720267479631e-01
1.350293675862332121e-01
1.341627632371595047e-01
1.332988697629912123e-01
1.324376979471926508e-01
1.315792585732281639e-01
1.307235624245621231e-01
1.298706202846589275e-01
1.290204429369828376e-01
1.281730411649982526e-01
1.273284257521695162e-01
1.264866074819609998e-01
1.256475971378369638e-01
1.248114055032618214e-01
1.239780433616999716e-01
1.231475214966156889e-01
1.223198506914735806e-01
1.214950417297375462e-01
1.206731053948721238e-01
1.198540524703416849e-01
1.190378937396106007e-01
1.182246399861431735e-01
1.174143019934038162e-01
1.166068905448568310e-01
1.158024164239665754e-01
1.150008904141974209e-01
1.142023232990136833e-01
1.134067258618797619e-01
1.126141088862599171e-01
1.118244831556185898e-01
1.110378594534200958e-01
1.102542485631287789e-01
1.094736612682090104e-01
1.086961083521250926e-01
1.079216005983413829e-01
1.071501487903222943e-01
1.063817637115321291e-01
1.056164561454352308e-01
1.048542368754959708e-01
1.040951166851786791e-01
1.033391063579477132e-01
1.025862166772674028e-01
1.018364584266021611e-01
1.010898423894162623e-01
1.003463793491741057e-01
9.960608008934024316e-02
9.886895539337857419e-02
9.813501604475367845e-02
9.740427282692989963e-02
9.667673652337159529e-02
9.595241791754309524e-02
9.523132779290878480e-02
9.451347693293297991e-02
9.379887612108005202e-02
9.308753614081435868e-02
9.237946777560021583e-02
9.167468180890196716e-02
9.097318902418401187e-02
9.027500020491065202e-02
8.958012613454628681e-02
8.888857759655523216e-02
8.820036537440183178e-02
8.751550025155044321e-02
8.683399301146539628e-02
8.615585443761109019e-02
8.548109531345184087e-02
8.480972642245200588e-02
8.414175854807591504e-02
8.347720247378795366e-02
8.281606898305245157e-02
8.215836885933373857e-02
8.150411288609619997e-02
8.085331184680416561e-02
8.020597652492199303e-02
7.956211770391422022e-02
7.892174616724480229e-02
7.828487269837830498e-02
7.765150808077904421e-02
7.702166309791139143e-02
7.639534853323966257e-02
7.577257517022828459e-02
7.515335379234155955e-02
7.453769518304380337e-02
7.392561012579942914e-02
7.331710940407273891e-02
7.271220380132807637e-02
7.211090410102984072e-02
7.151322108664236177e-02
7.091916554162998321e-02
7.032874824945704872e-02
6.974197999358788813e-02
6.915887155748687287e-02
6.857943372461837439e-02
6.800367727844672250e-02
6.743161300243626088e-02
6.686325168005136099e-02
6.629860409475635263e-02
6.573768103001556562e-02
6.518049326929337139e-02
6.462705159605412752e-02
6.407736679376219158e-02
6.353144964588189336e-02
6.298931093587752106e-02
6.245096144721355019e-02
6.191641196335443548e-02
6.138567326776420141e-02
6.085875614390733740e-02
6.033567137524820795e-02
5.981642974525117062e-02
5.930104203738056912e-02
5.878951903510076099e-02
5.828187152187603443e-02
5.777811028117084413e-02
5.727824609644947829e-02
5.678228975117630140e-02
5.629025202881567103e-02
5.580214371283189617e-02
5.531797558668936216e-02
5.483775843385242654e-02
5.436150303778540527e-02
5.388922018195266977e-02
5.342092064981856375e-02
5.295661522484743783e-02
5.249631469050364263e-02
5.204002983025147328e-02
5.158777142755538447e-02
5.113955026587966440e-02
5.069537712868867757e-02
5.025526279944676766e-02
4.981921806161827143e-02
4.938725369866756032e-02
4.895938049405897108e-02
4.853560923125685433e-02
4.811595069372566480e-02
4.770041566492953800e-02
4.728901492833293557e-02
4.688175926740020816e-02
4.647865946559569944e-02
4.607972630638375311e-02
4.568497057322874061e-02
4.529440304959498481e-02
4.490803451894685022e-02
4.452587576474868747e-02
4.414793757046484024e-02
4.377423071955965916e-02
4.340476599549749487e-02
4.303955418174264247e-02
4.267860606175956362e-02
4.232193241901253955e-02
4.196954403696592090e-02
4.162145169908407910e-02
4.127766618883135785e-02
4.093819828967208696e-02
4.060305878507061705e-02
4.027225845849133345e-02
3.994580809339853822e-02
3.962371847325660973e-02
3.930600038152989167e-02
3.899266460168272774e-02
3.868372191717946856e-02
3.837918311148443701e-02
3.807905896806206003e-02
3.778336027037672989e-02
3.749209780189260988e-02
3.720528234607413387e-02
3.692292468638565944e-02
3.664503560629155804e-02
3.637162588925613171e-02
3.610270631874378661e-02
3.583828767821878314e-02
3.557838075114557602e-02
3.532299632098848119e-02
3.507214517121181457e-02
3.482583808527996844e-02
3.458408584665727953e-02
3.434689923880807072e-02
3.411428904519671346e-02
3.388626604928755837e-02
3.366284103454493526e-02
3.344402478443322252e-02
3.322982808241675690e-02
3.302026171195988208e-02
3.281533645652692094e-02
3.261506309958227962e-02
3.241945242459029486e-02
3.222851521501529648e-02
3.204226225432163511e-02
3.186070432597368218e-02
3.168385221343575364e-02
3.151171670017223481e-02
3.134414745647626233e-02
3.117818217640817499e-02
3.101270764922617329e-02
3.084772400779677015e-02
3.068323138498642993e-02
3.051922991366164475e-02
3.035571972668883733e-02
3.019270095693451367e-02
3.003017373726511730e-02
2.986813820054711605e-02
2.970659447964699162e-02
2.954554270743119451e-02
2.938498301676619948e-02
2.922491554051847087e-02
2.906534041155446960e-02
2.890625776274067388e-02
2.874766772694354114e-02
2.858957043702954268e-02
2.843196602586513938e-02
2.827485462631679908e-02
2.811823637125099307e-02
2.796211139353417530e-02
2.780647982603284135e-02
2.765134180161341743e-02
2.749669745314240604e-02
2.734254691348624380e-02
2.718889031551142629e-02
2.703572779208438664e-02
2.688305947607162391e-02
2.673088550033958510e-02
2.657920599775473805e-02
2.642802110118360609e-02
2.627733094349254950e-02
2.612713565754809508e-02
2.597743537621669679e-02
2.582823023236482593e-02
2.567952035885894685e-02
2.553130588856552738e-02
2.538358695435103535e-02
2.523636368908193858e-02
2.508963622562470144e-02
2.494340469684579176e-02
2.479766923561167388e-02
2.465242997478880871e-02
2.450768704724367447e-02
2.436344058584273206e-02
2.421969072345243890e-02
2.407643759293928015e-02
2.393368132716970978e-02
2.379142205901019907e-02
2.364965992132720546e-02
2.350839504698720717e-02
2.336762756885666162e-02
2.322735761980204358e-02
2.308758533268981047e-02
2.294831084038643360e-02
2.280953427575837730e-02
2.267125577167211289e-02
2.253347546099410473e-02
2.239619347659081369e-02
2.225940995132875966e-02
2.212312501807431678e-02
2.198733880969398410e-02
2.185205145905424681e-02
2.171726309902156579e-02
2.158297386246239846e-02
2.144918388224322306e-02
2.131589329123049700e-02
2.118310222229068465e-02
2.105081080829026424e-02
2.091901918209569666e-02
2.078772747657344280e-02
2.065693582458998090e-02
2.052664435901176490e-02
2.039685321270527305e-02
2.026756251853695928e-02
2.013877240937329491e-02
2.001048301808075122e-02
1.988269447752578911e-02
1.975540692057487641e-02
1.962862048009448440e-02
1.950233528895107052e-02
1.937655148001110952e-02
1.925126918614106231e-02
1.912648854020739669e-02
1.900220967507657704e-02
1.887843272361507466e-02
1.875515781868935042e-02
1.863238509316587563e-02
1.851011467991115628e-02
1.838834671179157693e-02
1.826708132167364704e-02
1.814631864242382750e-02
1.802605880690858961e-02
1.790630194799439426e-02
1.778704819854771274e-02
1.766829769143501289e-02
1.755005055952275211e-02
1.743230693567741213e-02
1.731506695276544341e-02
1.719833074365332073e-02
1.708209844120750845e-02
1.696637017829447786e-02
1.685114608778068984e-02
1.673642630253260877e-02
1.662221095541670940e-02
1.650850017929945263e-02
1.639529410704729934e-02
1.628259287152673124e-02
1.617039660560419881e-02
1.605870544214616988e-02
1.594751951401912615e-02
1.583683895408952158e-02
1.572666389522382399e-02
1.561699447028850468e-02
1.550783081215002281e-02
1.539917305367484966e-02
1.529102132772944961e-02
1.518337576718032690e-02
1.507623650489387131e-02
1.496960367373659402e-02
1.486347740657495420e-02
1.475785783627541620e-02
1.465274509570445652e-02
1.454813931772853085e-02
1.444404063521411395e-02
1.434044918102766672e-02
1.423736508803566045e-02
1.413478848910455429e-02
1.403271951710082302e-02
1.393115830489092578e-02
1.383010498534133388e-02
1.372955969131851167e-02
1.362952255568892525e-02
1.352999371131904417e-02
1.343097329107532933e-02
1.333246142782425203e-02
1.323445825443227662e-02
1.313696390376587093e-02
1.303997850869150106e-02
1.294350220207563136e-02
1.284753511678472793e-02
1.275207738568526206e-02
1.265712914164369464e-02
1.256269051752649524e-02
1.246876164620012994e-02
1.237534266053106485e-02
1.228243369338576432e-02
1.219003487763072394e-02
1.209814634613235775e-02
1.200676823175715439e-02
1.191590066737158692e-02
1.182554378584211446e-02
1.173569772003520487e-02
1.164636260281733289e-02
1.155753856705495422e-02
1.146922574561454362e-02
1.138142427136255852e-02
1.129413427716547715e-02
1.120735589588975345e-02
1.112108926040186567e-02
1.103533450356826429e-02
1.095009175825543621e-02
1.086536115732983018e-02
1.078114283365792445e-02
1.069743692010617468e-02
1.061424354954106086e-02
1.053156285482903520e-02
1.044939496883657247e-02
1.036774002443014049e-02
1.028659815447620016e-02
1.020596949184122276e-02
1.012585416939166746e-02
1.004625231999401250e-02
9.967164076514710078e-03
9.888589571820241911e-03
9.810528938777058477e-03
9.732982310251660565e-03
9.655949819110463961e-03
9.579431598219962513e-03
9.503427780446617110e-03
9.427938498656893845e-03
9.352963885717265752e-03
9.278504074494195453e-03
9.204559197854143837e-03
9.131129388663587407e-03
9.058214779788985316e-03
8.985815504096812331e-03
8.913931694453520668e-03
8.842563483725592033e-03
8.771711004779480375e-03
8.701374390481656992e-03
8.631553773698593182e-03
8.562249287296748099e-03
8.493461064142594774e-03
8.425189237102592363e-03
8.357433939043215632e-03
8.290195302830922000e-03
8.223473461332187970e-03
8.157268547413465756e-03
8.091580693941237065e-03
8.026410033781957581e-03
7.961756699802103807e-03
7.897620824868127956e-03
7.834002541846508266e-03
7.770901983603704759e-03
7.708319283006211282e-03
7.646254572920443623e-03
7.584707986212899967e-03
7.523679655750033397e-03
7.463169714398328221e-03
7.403178295024230582e-03
7.343705530494223921e-03
7.284751553674761321e-03
7.226316497432321885e-03
7.168400494633357829e-03
7.111003678144345655e-03
7.054126180831754057e-03
6.997768135562039589e-03
6.941929675201677016e-03
6.886610932617125494e-03
6.831812040674862391e-03
6.777533132241341657e-03
6.723774340183038926e-03
6.670535797366410752e-03
6.617817636657936237e-03
6.565619990924073668e-03
6.513942993031292608e-03
6.462786775846053079e-03
6.412151472234828113e-03
6.362037215064085538e-03
6.312444137200284508e-03
6.263372371509900657e-03
6.214822050859390538e-03
6.166793308115230653e-03
6.119286276143894900e-03
6.072301087811819015e-03
6.025837875985492510e-03
5.979896773531371071e-03
5.934477913315932066e-03
5.889581428205634649e-03
5.845207451066940577e-03
5.801356114766332422e-03
5.758027552170263269e-03
5.715221896145203546e-03
5.672939279557620215e-03
5.631179835273977634e-03
5.589943696160741896e-03
5.549230995084386033e-03
5.509041864911369199e-03
5.469376438508159223e-03
5.430234848741223933e-03
5.391617228477032023e-03
5.353523710582041781e-03
5.315954427922724504e-03
5.278909513365553224e-03
5.242389099776978423e-03
5.206393320023487876e-03
5.170922306971529464e-03
5.135976193487580554e-03
5.101555112438099435e-03
5.067659196689558269e-03
5.034288579108422285e-03
5.001443392561161043e-03
4.969123769914230229e-03
4.937329844034116753e-03
4.906061747787265025e-03
4.875319614040148943e-03
4.845103575659233733e-03
4.815413765510994162e-03
4.786250316461886783e-03
4.757613361378385496e-03
4.729503033126947718e-03
4.701919464574050821e-03
4.674862788586150487e-03
4.648333138029723220e-03
4.622330645771222969e-03
4.596855444677134910e-03
4.571907667613905185e-03
4.547487447448009430e-03
4.523594917045923279e-03
4.500230209274092008e-03
4.477393456999005997e-03
4.455084793087110522e-03
4.433304350404886421e-03
4.412052261818786777e-03
4.391249923711994761e-03
4.370551382133853503e-03
4.349915904837467311e-03
4.329343498737213240e-03
4.308834170747466615e-03
4.288387927782604490e-03
4.268004776757003058e-03
4.247684724585040240e-03
4.227427778181097433e-03
4.207233944459538681e-03
4.187103230334747982e-03
4.167035642721100656e-03
4.147031188532973763e-03
4.127089874684744357e-03
4.107211708090787762e-03
4.087396695665481902e-03
4.067644844323202967e-03
4.047956160978326279e-03
4.028330652545230629e-03
4.008768325938290474e-03
3.989269188071883736e-03
3.969833245860385738e-03
3.950460506218175273e-03
3.931150976059625060e-03
3.911904662299116493e-03
3.892721571851021859e-03
3.873601711629719949e-03
3.854545088549588255e-03
3.835551709524999929e-03
3.816621581470334198e-03
3.797754711299967251e-03
3.778951105928276145e-03
3.760210772269634901e-03
3.741533717238423179e-03
3.722919947749015433e-03
3.704369470715790022e-03
3.685882293053120966e-03
3.667458421675393564e-03
3.649097863496970993e-03
3.630800625432235081e-03
3.612566714395563754e-03
3.594396137301333633e-03
3.576288901063920476e-03
3.558245012597700905e-03
3.540264478817051110e-03
3.522347306636348582e-03
3.504493502969969511e-03
3.486703074732290953e-03
3.468976028837688231e-03
3.451312372200539703e-03
3.433712111735220257e-03
3.416175254356106517e-03
3.398701806977575974e-03
3.381291776514003949e-03
3.363945169879769669e-03
3.346661993989246721e-03
3.329442255756813029e-03
3.312285962096845216e-03
3.295193119923719473e-03
3.278163736151811555e-03
3.261197817695500253e-03
3.244295371469159590e-03
3.227456404387168791e-03
3.210680923363901443e-03
3.193968935313735037e-03
3.177320447151048364e-03
3.160735465790221084e-03
3.144213998145619412e-03
3.127756051131625609e-03
3.111361631662616298e-03
3.095030746652967669e-03
3.078763403017056345e-03
3.062559607669258950e-03
3.046419367523952541e-03
3.030342689495512439e-03
3.014329580498316570e-03
2.998380047446740689e-03
2.982494097255162287e-03
2.966671736837956687e-03
2.950912973109500077e-03
2.935217812984171250e-03
2.919586263376344228e-03
2.904018331200398234e-03
2.888514023370707291e-03
2.873073346801648890e-03
2.857696308407600087e-03
2.842382915102937505e-03
2.827133173802036468e-03
2.811947091419274899e-03
2.796824674869028554e-03
2.781765931065674491e-03
2.766770866923588899e-03
2.751839489357147967e-03
2.736971805280729187e-03
2.722167821608708748e-03
2.707427545255463273e-03
2.692750983135373723e-03
2.678138142162807180e-03
2.663589029252145038e-03
2.649103651317764353e-03
2.634682015274040882e-03
2.620324128035352116e-03
2.606029996516073376e-03
2.591799627630582154e-03
2.577633028293255073e-03
2.563530205418467888e-03
2.549491165920598091e-03
2.535515916714021871e-03
2.521604464713115851e-03
2.507756816832255788e-03
2.493972979985819606e-03
2.480252961088183061e-03
2.466596767053721908e-03
2.453004404796814940e-03
2.439475881231836611e-03
2.426011203273164846e-03
2.412610377835174968e-03
2.399273411832244900e-03
2.386000312178749964e-03
2.372791085789067653e-03
2.359645739577573720e-03
2.346564280458645225e-03
2.333546715346658789e-03
2.320593051155991036e-03
2.307703294801017723e-03
2.294877453196120243e-03
2.282115533255667413e-03
2.269417541894038024e-03
2.256783486025610869e-03
2.244213372564760837e-03
2.231707208425866285e-03
2.219265000523302101e-03
2.206886755771445344e-03
2.194572481084672202e-03
2.182322183377360166e-03
2.170135869563884993e-03
2.158013546558624172e-03
2.145955221275953027e-03
2.133960900630249048e-03
2.122030591535887991e-03
2.110164300907247780e-03
2.098362035658702870e-03
2.086623802704632054e-03
2.074949608959410219e-03
2.063339461337415290e-03
2.051793366753022155e-03
2.040311332120608740e-03
2.028893364354551667e-03
2.017539470369226259e-03
2.006249657079010873e-03
1.995023931398279965e-03
1.983862300241411459e-03
1.972764770522781978e-03
1.961731349156767713e-03
1.950762043057748538e-03
1.939856859140093705e-03
1.929015804318184174e-03
1.918238885506395918e-03
1.907526109619106210e-03
1.896877483570690373e-03
1.886293014275525681e-03
1.875772708647988974e-03
1.865316573602457308e-03
1.854924616053305574e-03
1.844596842914911043e-03
1.834333261101650557e-03
1.824133877527900306e-03
1.813998699108037779e-03
1.803927732756438517e-03
1.793920985387479575e-03
1.783978463915536928e-03
1.774100175254988282e-03
1.764286126320208743e-03
1.754536324025576235e-03
1.744850775285465647e-03
1.735229487014255771e-03
1.725672466126321495e-03
1.716179719536039443e-03
1.706751254157787105e-03
1.697387076905940454e-03
1.688087194694876114e-03
1.678851614438970057e-03
1.669680343052599557e-03
1.660573387450144491e-03
1.651530754545974325e-03
1.642552451254470454e-03
1.633638484490007549e-03
1.624788861166962667e-03
1.616003588199712432e-03
1.607282672502633467e-03
1.598626120990103046e-03
1.590033940576496708e-03
1.581506138176191076e-03
1.573042720703563208e-03
1.564643695072989943e-03
1.556309068198847038e-03
1.548038846995510899e-03
1.539833038377358800e-03
1.531691649258767581e-03
1.523614686554112781e-03
1.515602157177771241e-03
1.507654068044120017e-03
1.499770426067535949e-03
1.491951238162394361e-03
1.484196511243072742e-03
1.476506252223946849e-03
1.468880468019395039e-03
1.461319165543791335e-03
1.453822351711513876e-03
1.446390033436938853e-03
1.439022217634443757e-03
1.431718911218403259e-03
1.424480121103195284e-03
1.417305854203198406e-03
1.410196117432784479e-03
1.403150917706332077e-03
1.396170261938218474e-03
1.389254157042820077e-03
1.382402609934512642e-03
1.375615627527673442e-03
1.368893216736678667e-03
1.362235384475906025e-03
1.355642137659730188e-03
1.349113483202528645e-03
1.342649428018678455e-03
1.336249979022556024e-03
1.329915143128537107e-03
1.323644927250998546e-03
1.317439338304317396e-03
1.311298383202870064e-03
1.305222068861032741e-03
1.299210402193182049e-03
1.293263390113694828e-03
1.287381039536948353e-03
1.281563357377317079e-03
1.275810350549179363e-03
1.270122025966911178e-03
1.264498390544888931e-03
1.258939451197489895e-03
1.253445214839089611e-03
1.248015688384065134e-03
1.242650878746793088e-03
1.237350792841651831e-03
1.232115437583014735e-03
1.226944819885259505e-03
1.221838946662762767e-03
1.216797824829900709e-03
1.211821461301050822e-03
1.206909862990589730e-03
1.202063036812892538e-03
1.197280989682336953e-03
1.192563728513299816e-03
1.187911260220157099e-03
1.183323591717285210e-03
1.178800729919060987e-03
1.174342681739860622e-03
1.169949454094060953e-03
1.165621053896039906e-03
1.161357488060171935e-03
1.157158763500833881e-03
1.153024887132402801e-03
1.148955865869256184e-03
1.144951706625769138e-03
1.141012416316318934e-03
1.137138001855281548e-03
1.133328470157034685e-03
1.129583828135953235e-03
1.125904082706415121e-03
1.122289240782796535e-03
1.118739309279474532e-03
1.115254295110824001e-03
1.111834205191224818e-03
1.108479046435049053e-03
1.105188825756676149e-03
1.101963550070481643e-03
1.098803226290842377e-03
1.095707861332136492e-03
1.092677462108738225e-03
1.089712035535024635e-03
1.086811588525372777e-03
1.083976127994159709e-03
1.081205660855760319e-03
1.078500194024552749e-03
1.075859734414912755e-03
1.073284288941217827e-03
1.070773864517843722e-03
1.068305042642925728e-03
1.065842189707824975e-03
1.063384952590289319e-03
1.060933352799666015e-03
1.058487411845301885e-03
1.056047151236544617e-03
1.053612592482741249e-03
1.051183757093239468e-03
1.048760666577386097e-03
1.046343342444528606e-03
1.043931806204014033e-03
1.041526079365189634e-03
1.039126183437402663e-03
1.036732139930001025e-03
1.034343970352332191e-03
1.031961696213741465e-03
1.029585339023577403e-03
1.027214920291187475e-03
1.024850461525918504e-03
1.022491984237117527e-03
1.020139509934132448e-03
1.017793060126310307e-03
1.015452656322998141e-03
1.013118320033543421e-03
1.010790072767293402e-03
1.008467936033595339e-03
1.006151931341796053e-03
1.003842080201243448e-03
1.001538404121284781e-03
9.992409246112666545e-04
9.969496631805367572e-04
9.946646413384421272e-04
9.923858805943304526e-04
9.901134024575485547e-04
9.878472284374441217e-04
9.855873800433639746e-04
9.833338787846555851e-04
9.810867461706659909e-04
9.788460037107428804e-04
9.766116729142330748e-04
9.743837752904842622e-04
9.721623323488433723e-04
9.699473655986576596e-04
9.677388965492744874e-04
9.655369467100419776e-04
9.633415375903056502e-04
9.611526906994136274e-04
9.589704275467130553e-04
9.567947696415512971e-04
9.546257384932758244e-04
9.524633556112334582e-04
9.503076425047717784e-04
9.481586206832378228e-04
9.460163116559789547e-04
9.438807369323425371e-04
9.417519180216757163e-04
9.396298764333258554e-04
9.375146336766398839e-04
9.354062112609654901e-04
9.333046306956496035e-04
9.312099134900395873e-04
9.291220811534826960e-04
9.270411551953262929e-04
9.249671571249174157e-04
9.229001084516037529e-04
9.208400306847320171e-04
9.187869453336497882e-04
9.167408739077044294e-04
9.147018379162428700e-04
9.126698588686124733e-04
9.106449582741604938e-04
9.086271576422345116e-04
9.066164784821812393e-04
9.046129423033489074e-04
9.026165706150835778e-04
9.006273849267327223e-04
8.986454067476441375e-04
8.966706575871646445e-04
8.947031589546418232e-04
8.927429323594227115e-04
8.907899993108544558e-04
8.888443813182848527e-04
8.869060998910603981e-04
8.849751765385291055e-04
8.830516327700374708e-04
8.811354900949336160e-04
8.792267700225640369e-04
8.773254940622765303e-04
8.754316837234179171e-04
8.735453605153355606e-04
8.716665459473769322e-04
8.697952615288890698e-04
8.679315287692195534e-04
8.660753691777153124e-04
8.642268042637237099e-04
8.623858555365920006e-04
8.605525445056674393e-04
8.587268926802970638e-04
8.569089215698286709e-04
8.550986526836091900e-04
8.532961075309855505e-04
8.515013076213057662e-04
8.497142744639170917e-04
8.479350295681656975e-04
8.461635944433998141e-04
8.443999905989659372e-04
8.426442395442121890e-04
8.408963627884851735e-04
8.391563818411324708e-04
8.374243182115012271e-04
8.357001934089386972e-04
8.339840289427923525e-04
8.322758463224091225e-04
8.305756670571363704e-04
8.288835126563213508e-04
8.271994046293116437e-04
8.255233644854538533e-04
8.238554137340957763e-04
8.221955738845845591e-04
8.205438664462673479e-04
8.189003129284917228e-04
8.172649348406042877e-04
8.156377536919528397e-04
8.140187909918844165e-04
8.124080682497464897e-04
8.108056069748862055e-04
8.092114286766508187e-04
8.076255548643873671e-04
8.060480070474432138e-04
8.044788067351659388e-04
8.029179754369024716e-04
8.013655346620006089e-04
7.998215059198066296e-04
7.982859107196682222e-04
7.967587705709330750e-04
7.952401069829477922e-04
7.937299414650601705e-04
7.922282955266170311e-04
7.907351906769660623e-04
7.892506484254541935e-04
7.877746902814287879e-04
7.863073377542369917e-04
7.848486123532261681e-04
7.833985355877436801e-04
7.819571289671367826e-04
7.805244140007525132e-04
7.791004121979383436e-04
7.776851450680412033e-04
7.762786341204087805e-04
7.748809008643882217e-04
7.734919668093265645e-04
7.721118534645711722e-04
7.707405823394694079e-04
7.693781749433684179e-04
7.680246527856154568e-04
7.666800373755578877e-04
7.653443502225428571e-04
7.640176128359177279e-04
7.626998467250295380e-04
7.613910733992257590e-04
7.600913143678536456e-04
7.588005911402607778e-04
7.575189252257936512e-04
7.562463381337998459e-04
7.549828513736267250e-04
7.537284864546214347e-04
7.524832648861313382e-04
7.512472081775035818e-04
7.500203378380856370e-04
7.488026753772244332e-04
7.475942423042675504e-04
7.463950601285620264e-04
7.452051503594553329e-04
7.440245345062943992e-04
7.428532340784268053e-04
7.416912705851995890e-04
7.405386655359600051e-04
7.393954404400555252e-04
7.382616168068331869e-04
7.371372161456404620e-04
7.360222599658244966e-04
7.349167697767325456e-04
7.338207670877117551e-04
7.327342734081094882e-04
7.316573102472729998e-04
7.305898991145496528e-04
7.295320615192864852e-04
7.284838189708310770e-04
7.274451929785302490e-04
7.264162050517315814e-04
7.253968766997824372e-04
7.243872294320296374e-04
7.233872847578206536e-04
7.223970641865028490e-04
7.214165892274233697e-04
7.204458813899294704e-04
7.194849621833682976e-04
7.185338531170874310e-04
7.175925757004339087e-04
7.166611514427549852e-04
7.157396018533979153e-04
7.148279484417100621e-04
7.139262127170384635e-04
7.130344161887306994e-04
7.121525803661338076e-04
7.112807267585951514e-04
7.104188768754618770e-04
7.095670522260813474e-04
7.087252743198006006e-04
7.078935646659671082e-04
7.070719447739282331e-04
7.062604361530310133e-04
7.054590603126228120e-04
7.046678387620506669e-04
7.038867930106621580e-04
7.031159445678045400e-04
7.023553149428246340e-04
7.016049256450701283e-04
7.008647981838880608e-04
7.001349540686262283e-04
6.994154148086309097e-04
6.987062019132501186e-04
6.980073368918306761e-04
6.973188412537202705e-04
6.966407365082658313e-04
6.959730441648146132e-04
6.953157857327139793e-04
6.946689827213114012e-04
6.940326566399535914e-04
6.934068289979882383e-04
6.927915213047625967e-04
6.921867550696237043e-04
6.915925518019191412e-04
6.910089330109957283e-04
6.904359202062011541e-04
6.898735348968823480e-04
6.893217985923866730e-04
6.887807328020614924e-04
6.882503590352538440e-04
6.877306988013110909e-04
6.872217736095807047e-04
6.867236049694096147e-04
6.862362143901454010e-04
6.857596233811348845e-04
6.852938534517257537e-04
6.848389261112650464e-04
6.843948628691000173e-04
6.839616852345780295e-04
6.835394147170461209e-04
6.831280728258519799e-04
6.827276810703424275e-04
6.823382609598649352e-04
6.819598340037665409e-04
6.815924217113949329e-04
6.812360455920968240e-04
6.808907271552197939e-04
6.805564879101110975e-04
6.802333493661182062e-04
6.799213330325877243e-04
6.796204604188675570e-04
6.793307530343046336e-04
6.790522323882463174e-04
6.787849199900397546e-04
6.785288373490323084e-04
6.782840059745712333e-04
6.780504473760038927e-04
6.778281830626773242e-04
6.776172345439387826e-04
6.774176233291357395e-04
6.772293709276152327e-04
6.770524988487247337e-04
6.768870286018112805e-04
6.767329816962222360e-04
6.765903796413049636e-04
6.764592439464066093e-04
6.763395961208743196e-04
6.762314576740554575e-04
6.761348501152972777e-04
6.760497949539471434e-04
6.759763136993522008e-04
6.759144278608597046e-04
6.758641589478168012e-04
6.758255284695709620e-04
6.757985579354694418e-04
6.757832688548593867e-04
6.757796957390495383e-04
6.757882884224349984e-04
6.758091965322730746e-04
6.758423331278010180e-04
6.758876112682561882e-04
6.759449440128758365e-04
6.760142444208971056e-04
6.760954255515574636e-04
6.761884004640940533e-04
6.762930822177441259e-04
6.764093838717451495e-04
6.765372184853340499e-04
6.766764991177484038e-04
6.768271388282254622e-04
6.769890506760023680e-04
6.771621477203164808e-04
6.773463430204050518e-04
6.775415496355054407e-04
6.777476806248546818e-04
6.779646490476903516e-04
6.781923679632495929e-04
6.784307504307695484e-04
6.786797095094876863e-04
6.789391582586411494e-04
6.792090097374672971e-04
6.794891770052032725e-04
6.797795731210866518e-04
6.800801111443544695e-04
6.803907041342439769e-04
6.807112651499926418e-04
6.810417072508374988e-04
6.813819434960160159e-04
6.817318869447653359e-04
6.820914506563228183e-04
6.824605476899257145e-04
6.828390911048113840e-04
6.832269939602168612e-04
6.836241693153797226e-04
6.840305302295368942e-04
6.844459897619259523e-04
6.848704609717840399e-04
6.853038569183485165e-04
6.857460906608565249e-04
6.861970752585454247e-04
6.866567237706525757e-04
6.871249492564151205e-04
6.876016647750703105e-04
6.880867833858555051e-04
6.885802181480079557e-04
6.890818821207650218e-04
6.895916883633637379e-04
6.901095499350414636e-04
6.906353798950356669e-04
6.911690913025835990e-04
6.917105972169224027e-04
6.922598106972893293e-04
6.928166448029216299e-04
6.933810125930567727e-04
6.939528271269320087e-04
6.945320014637842640e-04
6.951184486628512234e-04
6.957120817833701383e-04
6.963128138845779344e-04
6.969205580257122968e-04
6.975352272660101513e-04
6.981567346647089660e-04
6.987849932810461006e-04
6.994199161742584809e-04
7.000614164035837920e-04
7.007094070282591765e-04
7.013638011075216689e-04
7.020245117006088456e-04
7.026914518667578494e-04
7.033645346652060400e-04
7.040436731551904517e-04
7.047287803959487694e-04
7.054197694467179191e-04
7.061165533667353687e-04
7.068190452152381528e-04
7.075271580514638477e-04
7.082408049346494879e-04
7.089598989240322160e-04
7.096843530788500424e-04
7.104140804583393507e-04
7.111489941217380428e-04
7.118890071282831531e-04
7.126340325372118242e-04
7.133839834077615244e-04
7.141387727991696131e-04
7.148983137706731248e-04
7.156625193815094191e-04
7.164313026909157472e-04
7.172045767581293604e-04
7.179822546423877266e-04
7.187642494029279887e-04
7.195504740989873979e-04
7.203408417898032054e-04
7.211352655346126624e-04
7.219336583926532370e-04
7.227359334231620719e-04
7.235420036853765268e-04
7.243517822385336360e-04
7.251651821418708677e-04
7.259821164546254729e-04
7.268024982360348114e-04
7.276262405453359176e-04
7.284532564417663678e-04
7.292834589845631965e-04
7.301167612329637633e-04
7.309530762462054278e-04
7.317923170835250075e-04
7.326343968041605127e-04
7.334792284673488693e-04
7.343267251323272200e-04
7.351767998583330329e-04
7.360293657046034508e-04
7.368843357303759417e-04
7.377416229948875401e-04
7.386011405573757139e-04
7.394628014770774976e-04
7.403265188132304676e-04
7.411922056250716583e-04
7.420597749718385377e-04
7.429291399127682487e-04
7.438002135070979340e-04
7.446729088140651700e-04
7.455471388929070997e-04
7.464228168028610826e-04
7.472998556031640446e-04
7.481781683530537791e-04
7.490576681117671037e-04
7.499382679385415947e-04
7.508198808926143950e-04
7.517024200332227558e-04
7.525857984196041451e-04
7.534699291109954889e-04
7.543547251666344721e-04
7.552400996457580206e-04
7.561259656076036026e-04
7.570122361114082522e-04
7.578988242164095461e-04
7.587856429818447355e-04
7.596726054669510715e-04
7.605596247309659138e-04
7.614466138331258630e-04
7.623334858326693631e-04
7.632201537888323641e-04
7.641065307608534184e-04
7.649925298079686929e-04
7.658780639894166315e-04
7.667630463644330759e-04
7.676473899922567953e-04
7.685310079321237397e-04
7.694138132432722446e-04
7.702957189849386939e-04
7.711766382163607724e-04
7.720564839967763819e-04
7.729351693854213641e-04
7.738126074415347050e-04
7.746887112243522463e-04
7.755633937931121066e-04
7.764365682070509950e-04
7.773081475254069216e-04
7.781780448074160535e-04
7.790461731123170513e-04
7.799124454993456483e-04
7.807767750277407222e-04
7.816390747567381145e-04
7.824992577455760524e-04
7.833572370534912449e-04
7.842129257397217022e-04
7.850662368635034829e-04
7.859170834840754644e-04
7.867653786606733802e-04
7.876110354525355656e-04
7.884539669188985129e-04
7.892940861190003406e-04
7.901313061120771074e-04
7.909655399573677992e-04
7.917967007141080409e-04
7.926247014415361680e-04
7.934494551988887810e-04
7.942708750454038902e-04
7.950888740403179878e-04
7.959033652428683251e-04
7.967142617122936711e-04
7.975214765078292170e-04
7.983249226887138405e-04
7.991245133141837084e-04
7.999201614434769394e-04
8.007117801358302426e-04
8.014992824504814112e-04
8.022825814466669377e-04
8.030615901836249404e-04
8.038362217205920202e-04
8.046063891168060787e-04
8.053720054315034998e-04
8.061329837239227273e-04
8.068892370532998199e-04
8.076406784788733298e-04
8.083872210598793155e-04
8.091287778555558956e-04
8.098652619251397794e-04
8.105965863278689768e-04
8.113226641229796549e-04
8.120434083697102576e-04
8.127587321272972771e-04
8.134685484549785068e-04
8.141727704119904388e-04
8.148713110575715171e-04
8.155640834509576918e-04
8.162510006513876235e-04
8.169319757180972625e-04
8.176069217103242937e-04
8.182757516873068356e-04
8.189383787082811636e-04
8.195947158324849626e-04
8.202446761191554839e-04
8.208881726275304123e-04
8.215251184168458065e-04
8.221554265463403271e-04
8.227790100752501411e-04
8.233957820628135839e-04
8.240056555682669310e-04
8.246085436508480840e-04
8.252043593697939690e-04
8.257930157843421624e-04
8.263744259537295902e-04
8.269485029371939373e-04
8.275151597939723463e-04
8.280743095833019603e-04
8.286258653644198134e-04
8.291697401965638075e-04
8.297058471389705432e-04
8.302340992508782476e-04
8.307544095915230875e-04
8.312666912201430733e-04
8.317708571959749140e-04
8.322668205782566197e-04
8.327544944262245744e-04
8.332337917991171133e-04
8.337046257561704036e-04
8.341669093566224553e-04
8.346205556597106282e-04
8.350654777246716313e-04
8.355015886107430411e-04
8.359288013771620004e-04
8.363470290831661940e-04
8.367561847879923312e-04
8.371561815508780967e-04
8.375469324310605250e-04
8.379283504877773009e-04
8.383003487802648084e-04
8.386628403677613827e-04
8.390157383095036246e-04
8.393589556647291106e-04
8.396924054926748751e-04
8.400160008525783860e-04
8.403296548036766778e-04
8.406332804052072186e-04
8.409267907164074763e-04
8.412100987965142685e-04
8.414831177047653885e-04
8.417457605003978707e-04
8.419979402426486410e-04
8.422395699907554928e-04
8.424705628039553520e-04
8.426908317414857951e-04
8.429002898625838564e-04
8.430988502264870040e-04
8.432864258924321638e-04
8.434629299196569124e-04
8.436282753673988262e-04
8.437823752948945058e-04
8.439251427613816362e-04
8.440564908260973602e-04
8.441763325482790374e-04
8.442845809871638105e-04
8.443811492019888225e-04
8.444659502519918665e-04
8.445388971964097602e-04
8.445999030944800800e-04
8.446488810054400770e-04
8.446857439885264605e-04
8.447104051029772406e-04
8.447227774080294516e-04
8.447207619313681264e-04
8.446923064401785398e-04
8.446355866816587050e-04
8.445508026195629441e-04
8.444381542176452541e-04
8.442978414396602824e-04
8.441300642493622429e-04
8.439350226105050241e-04
8.437129164868432734e-04
8.434639458421314216e-04
8.431883106401229233e-04
8.428862108445729683e-04
8.425578464192353366e-04
8.422034173278645673e-04
8.418231235342146573e-04
8.414171650020398205e-04
8.409857416950944874e-04
8.405290535771329802e-04
8.400473006119097297e-04
8.395406827631782991e-04
8.390093999946939864e-04
8.384536522702101379e-04
8.378736395534815097e-04
8.372695618082622070e-04
8.366416189983067690e-04
8.359900110873687588e-04
8.353149380392035830e-04
8.346165998175641542e-04
8.338951963862062042e-04
8.331509277088826456e-04
8.323839937493486682e-04
8.315945944713579435e-04
8.307829298386652274e-04
8.299491998150243001e-04
8.290936043641901343e-04
8.282163434499160764e-04
8.273176170359572076e-04
8.263976250860671996e-04
8.254565675640009167e-04
8.244946444335119222e-04
8.235120556583554055e-04
8.225090012022844965e-04
8.214856810290546013e-04
8.204422951024193918e-04
8.193790433861327565e-04
8.182961258439499933e-04
8.171937424396240150e-04
8.160720931369105534e-04
8.149313778995625210e-04
8.137717966913355413e-04
8.125935494759822016e-04
8.113968362172588843e-04
8.101818568789176346e-04
8.089488114247148347e-04
8.076978998184027470e-04
8.064293220237373199e-04
8.051432780044715746e-04
8.038399677243609175e-04
8.025195911471583697e-04
8.011823482366195546e-04
7.998284389564972764e-04
7.984580632705471585e-04
7.970714211425222219e-04
7.956687125361783068e-04
7.942501374152677839e-04
7.928158957435468184e-04
7.913661874847678895e-04
7.899012126026869456e-04
7.884211710610566828e-04
7.869262628236328326e-04
7.854166878541681994e-04
7.838926461164186232e-04
7.823543375741366917e-04
7.808019621910784617e-04
7.792357199309973880e-04
7.776558107576464918e-04
7.760624346347823723e-04
7.744557915261568578e-04
7.728360813955265475e-04
7.712035042066437036e-04
7.695582599232643831e-04
7.679005485091411733e-04
7.662305699280300229e-04
7.645485241436833024e-04
7.628546111198573941e-04
7.611490308203043434e-04
7.594319832087808577e-04
7.577036682490385488e-04
7.559642859048342324e-04
7.542140361399198457e-04
7.524531189180519875e-04
7.506817342029825950e-04
7.489000819584681586e-04
7.471083621482607238e-04
7.453067747361168897e-04
7.434955196857884847e-04
7.416747969610323248e-04
7.398448065256001301e-04
7.380057483432486080e-04
7.361578223777295871e-04
7.343012285927998832e-04
7.324361669522112166e-04
7.305628374197201862e-04
7.286814399590801385e-04
7.267921745340438777e-04
7.248952411083682199e-04
7.229908396458048850e-04
7.210791701101107974e-04
7.191604324650375689e-04
7.172348266743420152e-04
7.153025527017759649e-04
7.133638105110960172e-04
7.114188000660542173e-04
7.094677213304070558e-04
7.075107742679063614e-04
7.055481588423090583e-04
7.035800750173666499e-04
7.016067227568362772e-04
6.996283020244694435e-04
6.976450127840228563e-04
6.956570549992483442e-04
6.936646286339028314e-04
6.916679336517380381e-04
6.896671700165105633e-04
6.876625376919723439e-04
6.856542366418801960e-04
6.836424668299857310e-04
6.816274282200456567e-04
6.796093207758119098e-04
6.775883444610411978e-04
6.755646992394853494e-04
6.735385850749010719e-04
6.715102019310412781e-04
6.694797497716592060e-04
6.674474285605114547e-04
6.654134382613498527e-04
6.633779788379312158e-04
6.613412502540071559e-04
6.593034524733347055e-04
6.572647854596653681e-04
6.552254491767560678e-04
6.531856435883584165e-04
6.511455686582293383e-04
6.491054243501206619e-04
6.470654106277888779e-04
6.450257274549860316e-04
6.429865747954687221e-04
6.409481526129887780e-04
6.389106608713030150e-04
6.368742995341631534e-04
6.348392685653259006e-04
6.328057679285431936e-04
6.307739975875716314e-04
6.287441575061629342e-04
6.267164476480741346e-04
6.246910679770567359e-04
6.226682184568676625e-04
6.206480990512585260e-04
6.186309097239864677e-04
6.166168504388027738e-04
6.146061211594643688e-04
6.125989218497244907e-04
6.105954524733359437e-04
6.085959129940555438e-04
6.066005033756350110e-04
6.046094235818311614e-04
6.026228735763958233e-04
6.006410533230857043e-04
5.986641627856527413e-04
5.966924019278533166e-04
5.947259707134394755e-04
5.927650691061679255e-04
5.908098970697904951e-04
5.888606545680637834e-04
5.869175415647398357e-04
5.849807580235751427e-04
5.830505039083216413e-04
5.811269791827360391e-04
5.792103838105700560e-04
5.773009177555805081e-04
5.753987809815192239e-04
5.735041734521429107e-04
5.716172951312031804e-04
5.697383459824572824e-04
5.678675259696565033e-04
5.660050350565576588e-04
5.641510732069127945e-04
5.623058403844784009e-04
5.604695365530065233e-04
5.586423616762535441e-04
5.568245157179728096e-04
5.550161986419172326e-04
5.532176104118435205e-04
5.514289509915036103e-04
5.496504203446541011e-04
5.478822184350469297e-04
5.461245452264384785e-04
5.443776006825812265e-04
5.426415847672311221e-04
5.409166974441405361e-04
5.392031386770659591e-04
5.375011084297592195e-04
5.358108066659769166e-04
5.341324333494713123e-04
5.324661884439985723e-04
5.308122719133109586e-04
5.291708837211648534e-04
5.275422238313123022e-04
5.259264922075097956e-04
5.243238888135095957e-04
5.227346136130677596e-04
5.211588665699367663e-04
5.195968476478727812e-04
5.180487568106280664e-04
5.165147940219591127e-04
5.149951592456177485e-04
5.134900524453606813e-04
5.119996735849399565e-04
5.105242226281118479e-04
5.090638995386294850e-04
5.076189042802465396e-04
5.061894368167188518e-04
5.047756971117990090e-04
5.033778851292431767e-04
5.019962008328036169e-04
5.006308441862364952e-04
4.992820151532940736e-04
4.979499136977328429e-04
4.966347397833049569e-04
4.953366933737665808e-04
4.940559744328700854e-04
4.927927829243717445e-04
4.915473188120238202e-04
4.903197820595824779e-04
4.891103726308000882e-04
4.879192904894328708e-04
4.867467355992332505e-04
4.855929079239572300e-04
4.844580074273575052e-04
4.833422340731895910e-04
4.822457878252067254e-04
4.811688686471642606e-04
4.801116765028152177e-04
4.790744113559150031e-04
4.780572731702170718e-04
4.770604619094764506e-04
4.760841775374463234e-04
4.751286200178822593e-04
4.741939893145379840e-04
4.732804853911669525e-04
4.723883082115247337e-04
4.715176577393646201e-04
4.706687339384415841e-04
4.698417367725091351e-04
4.690368662053224082e-04
4.682543222006348583e-04
4.674943047222015124e-04
4.667570137337759338e-04
4.660426491991132578e-04
4.653514110819666140e-04
4.646834993460913004e-04
4.640391139552407719e-04
4.634184548731698928e-04
4.628217220636326058e-04
4.622491154903836125e-04
4.617008351171765306e-04
4.611770809077660616e-04
4.606780528259063110e-04
4.602039508353518720e-04
4.597549748998561994e-04
4.593313249831746455e-04
4.589332010490606651e-04
4.585608030612691225e-04
4.582143309835536894e-04
4.578939847796688507e-04
4.575999644133690912e-04
4.573324698484085705e-04
4.570917010485414482e-04
4.568778579775220464e-04
4.566911405991045249e-04
4.565317488770432599e-04
4.563998827750927363e-04
4.562957422570068427e-04
4.562195272865401182e-04
4.561714378274468306e-04
4.561516738434809228e-04
4.561542743312072836e-04
4.561668663155481977e-04
4.561890593432688708e-04
4.562208179189673838e-04
4.562621065472410582e-04
4.563128897326877579e-04
4.563731319799051839e-04
4.564427977934909834e-04
4.565218516780428573e-04
4.566102581381585612e-04
4.567079816784357961e-04
4.568149868034719380e-04
4.569312380178651217e-04
4.570566998262127231e-04
4.571913367331127145e-04
4.573351132431625801e-04
4.574879938609601295e-04
4.576499430911028471e-04
4.578209254381886508e-04
4.580009054068150793e-04
4.581898475015800504e-04
4.583877162270809402e-04
4.585944760879156123e-04
4.588100915886818222e-04
4.590345272339771084e-04
4.592677475283993890e-04
4.595097169765460397e-04
4.597604000830151413e-04
4.600197613524039070e-04
4.602877652893105258e-04
4.605643763983322111e-04
4.608495591840671519e-04
4.611432781511126157e-04
4.614454978040666289e-04
4.617561826475264589e-04
4.620752971860904034e-04
4.624028059243555128e-04
4.627386733669199763e-04
4.630828640183811155e-04
4.634353423833370653e-04
4.637960729663849306e-04
4.641650202721229004e-04
4.645421488051483506e-04
4.649274230700594160e-04
4.653208075714531473e-04
4.657222668139277878e-04
4.661317653020806591e-04
4.665492675405098419e-04
4.669747380338124410e-04
4.674081412865868082e-04
4.678494418034301024e-04
4.682986040889402959e-04
4.687555926477152525e-04
4.692203719843521313e-04
4.696929066034491755e-04
4.701731610096036526e-04
4.706610997074136974e-04
4.711566872014764148e-04
4.716598879963901565e-04
4.721706665967519189e-04
4.726889875071601621e-04
4.732148152322117741e-04
4.737481142765052151e-04
4.742888491446374814e-04
4.748369843412069248e-04
4.753924843708105417e-04
4.759553137380467380e-04
4.765254369475125642e-04
4.771028185038063722e-04
4.776874229115251041e-04
4.782792146752671116e-04
4.788781582996294995e-04
4.794842182892106739e-04
4.800973591486076310e-04
4.807175453824185057e-04
4.813447414952406198e-04
4.819789119916722164e-04
4.826200213763102921e-04
4.832680341537533611e-04
4.839229148285981489e-04
4.845846279054430070e-04
4.852531378888856909e-04
4.859284092835234139e-04
4.866104065939545276e-04
4.872990943247758658e-04
4.879944369805859971e-04
4.886963990659818095e-04
4.894049450855618173e-04
4.901200395439228542e-04
4.908416469456635973e-04
4.915697317953805550e-04
4.923042585976726213e-04
4.930451918571364129e-04
4.937924960783706069e-04
4.945461357659719287e-04
4.953060754245390551e-04
4.960722795586686032e-04
4.968447126729594668e-04
4.976233392720080459e-04
4.984081238604133428e-04
4.991990309427718660e-04
4.999960250236824008e-04
5.007990706077414559e-04
5.016081321995480334e-04
5.024231743036985335e-04
5.032441614247916330e-04
5.040710580674243827e-04
5.049038287361951342e-04
5.057424379357007213e-04
5.065868501705392789e-04
5.074370299453090502e-04
5.082929417646066522e-04
5.091545501330309786e-04
5.100218195551784297e-04
5.108947145356478991e-04
5.117731995790360039e-04
5.126572391899414209e-04
5.135467978729607672e-04
5.144418401326930450e-04
5.153423304737346543e-04
5.162482334006843806e-04
5.171595134181388408e-04
5.180761350306969286e-04
5.189980627429551527e-04
5.199252610595122984e-04
5.208576944849648742e-04
5.217953275239117740e-04
5.227381246809497230e-04
5.236860504606772899e-04
5.246390693676910915e-04
5.255971459065900218e-04
5.265602445819706975e-04
5.275283298984317958e-04
5.285013663605699335e-04
5.294793184729838960e-04
5.304621507402703003e-04
5.314498276670280401e-04
5.324423137578535156e-04
5.334395735173449700e-04
5.344415714501009719e-04
5.354482720607177046e-04
5.364596398537942786e-04
5.374756393339269857e-04
5.384962350057149365e-04
5.395213913737543143e-04
5.405510729426443381e-04
5.415852442169812996e-04
5.426238697013643095e-04
5.436669139003896594e-04
5.447143413186562432e-04
5.457661164607605694e-04
5.468222038313017485e-04
5.478825679348759640e-04
5.489471732760823263e-04
5.500159843595170189e-04
5.510889656897793691e-04
5.521660817714654518e-04
5.532472971091747030e-04
5.543325762075028721e-04
5.554218835710495036e-04
5.565151837044106722e-04
5.576124411121855971e-04
5.587136202989704615e-04
5.598186857693643759e-04
5.609276020279637407e-04
5.620403335793675579e-04
5.631568449281720108e-04
5.642771005789756680e-04
5.654010650363768811e-04
5.665287028049719419e-04
5.676599783893599609e-04
5.687948562941371215e-04
5.699333010239026427e-04
5.710752770832527078e-04
5.722207489767865357e-04
5.733696812091002015e-04
5.745220382847931410e-04
5.756777847084612121e-04
5.768368849847039593e-04
5.779993036181174573e-04
5.791650051133007083e-04
5.803339539748500042e-04
5.815061147073646722e-04
5.826814518154407874e-04
5.838599298036775687e-04
5.850415131766711994e-04
5.862261664390210070e-04
5.874138540953229579e-04
5.886045406501762712e-04
5.897981906081772386e-04
5.909947684739249706e-04
5.921942387520158675e-04
5.933965659470488230e-04
5.946017145636203457e-04
5.958096491063293292e-04
5.970203340797720654e-04
5.982337339885471228e-04
5.994498133372527446e-04
6.006685366304852225e-04
6.018898683728437756e-04
6.031137730689245871e-04
6.043402152233267677e-04
6.055691593406467175e-04
6.068005699254833303e-04
6.080344114824330062e-04
6.092706485160949642e-04
6.105092455310651709e-04
6.117501670319430620e-04
6.129933775233247124e-04
6.142388415098093413e-04
6.154865234959930233e-04
6.167363879864751946e-04
6.179883994858518213e-04
6.192425224987222311e-04
6.204987215296826073e-04
6.217569610833319519e-04
6.230172056642667737e-04
6.242794197770859662e-04
6.255435679263859298e-04
6.268096146167658833e-04
6.280775243528217934e-04
6.293472616391530957e-04
6.306187909803557569e-04
6.318920768810291043e-04
6.331670838457693212e-04
6.344437763791748678e-04
6.357221189858439873e-04
6.370020761703731882e-04
6.382836124373615812e-04
6.395666922914051327e-04
6.408512802371031701e-04
6.421373407790519853e-04
6.434248384218506887e-04
6.447137376700954638e-04
6.460040030283855294e-04
6.472955990013170690e-04
6.485884900934893015e-04
6.498826408094983019e-04
6.511780156539433975e-04
6.524745791314206633e-04
6.537722957465294266e-04
6.550711300038657625e-04
6.563710464080289983e-04
6.576720094636151004e-04
6.589739836752235048e-04
6.602769335474501780e-04
6.615808235848946641e-04
6.628856182921527129e-04
6.641912821738237601e-04
6.654977797345040975e-04
6.668050754787926190e-04
6.681131339112857245e-04
6.694219195365826332e-04
6.707313968592793114e-04
6.720415303839753036e-04
6.733522846152664677e-04
6.746636240577514806e-04
6.759755132160288026e-04
6.772879165946941830e-04
6.786007986983473832e-04
6.799141240315842612e-04
6.812278570990042527e-04
6.825419624052031075e-04
6.838564044547806951e-04
6.851711477523324397e-04
6.864861568024583196e-04
6.878013961097537588e-04
6.891168301788185187e-04
6.904324235142485656e-04
6.917481406206430102e-04
6.930639460025982525e-04
6.943798041647134033e-04
6.956956796115845373e-04
6.970115368478109821e-04
6.983273403779890294e-04
6.996430547067175728e-04
7.009586443385929042e-04
7.022740737782143510e-04
7.035893075301780965e-04
7.049043100990832512e-04
7.062190459895259986e-04
7.075334797061053407e-04
7.088475757534181115e-04
7.101612986360628793e-04
7.114746128586358275e-04
7.127876929366570467e-04
7.141204518982078187e-04
7.154857976318623313e-04
7.168834678058663918e-04
7.183132000884622295e-04
7.197747321478956519e-04
7.212678016524087798e-04
7.227921462702476376e-04
7.243475036696543461e-04
7.259336115188751463e-04
7.275502074861514004e-04
7.291970292397299998e-04
7.308738144478521982e-04
7.325803007787646702e-04
7.343162259007089947e-04
7.360813274819316297e-04
7.378753431906740455e-04
7.396980106951828084e-04
7.415490676636997142e-04
7.434282517644708954e-04
7.453353006657381478e-04
7.472699520357478208e-04
7.492319435427416017e-04
7.512210128549660568e-04
7.532368976406626565e-04
7.552793355680778586e-04
7.573480643054533506e-04
7.594428215210354818e-04
7.615633448830660479e-04
7.637093720597899890e-04
7.658806407194530038e-04
7.680768885302962376e-04
7.702978531605665820e-04
7.725432722785052905e-04
7.748128835523591463e-04
7.771064246503692945e-04
7.794236332407827351e-04
7.817642469918407219e-04
7.841280035717899293e-04
7.865146406488715027e-04
7.889238958913327672e-04
7.913555069674145428e-04
7.938092115453637210e-04
7.962847472934215555e-04
7.987818518798350462e-04
8.013002629728450130e-04
8.038397182406988896e-04
8.063999553516374959e-04
8.089807119739078319e-04
8.115817257757507175e-04
8.142027344254136947e-04
8.168434755911375836e-04
8.195036869411693840e-04
8.221831061437498075e-04
8.248814708671266130e-04
8.275985187795400783e-04
8.303339875492379623e-04
8.330876148444607597e-04
8.358591383334540610e-04
8.386482956844638903e-04
8.414548245657305255e-04
8.442784626455018338e-04
8.471189475920177679e-04
8.499760170735267371e-04
8.528494087582684773e-04
8.557388603144910726e-04
8.586441094104348007e-04
8.615648937143470954e-04
8.645009508944687766e-04
8.674520186190472779e-04
8.704178345563229856e-04
8.733981363745433333e-04
8.763926617419495746e-04
8.794011483267884927e-04
8.824233337973007990e-04
8.854589558217340357e-04
8.885077520683289142e-04
8.915694602053329766e-04
8.946438179009865007e-04
8.977305628235371371e-04
9.008294326412255972e-04
9.039401650222994231e-04
9.070624976349986757e-04
9.101961681475712225e-04
9.133409142282577749e-04
9.164964735453057666e-04
9.196625837669553669e-04
9.228389825614527085e-04
9.260254075970435986e-04
9.292215965419684236e-04
9.324272870644751592e-04
9.356422168328035411e-04
9.388661235152016534e-04
9.420987447799099909e-04
9.453398182951759871e-04
9.485890817292401368e-04
9.518462727503501988e-04
9.551111290267462342e-04
9.583833882266767608e-04
9.616627880183810807e-04
9.649490660701074947e-04
9.682419600500960640e-04
9.715412076265953064e-04
9.748465464678445240e-04
9.781577142420922345e-04
9.814744486175777400e-04
9.847964872625499921e-04
9.881235678452487264e-04
9.914554280339217020e-04
9.947918054968093050e-04
9.981324379021595111e-04
1.001477062918212056e-03
1.004825418213215566e-03
1.008177241455409127e-03
1.011532270313041798e-03
1.014890242454353098e-03
1.018250895547589052e-03
1.021613967260995900e-03
1.024979195262813378e-03
1.028346317221289895e-03
1.031715070804665188e-03
1.035085193681187449e-03
1.038456423519096630e-03
1.041828497986640924e-03
1.045201154752060284e-03
1.048574131483602468e-03
1.051947165849507647e-03
1.055319995518024445e-03
1.058692358157391948e-03
1.062063991435859001e-03
1.065434633021665120e-03
1.068804020583058716e-03
1.072171891788279308e-03
1.075537984305575739e-03
1.078902035803187094e-03
1.082263783949362216e-03
1.085622966412340407e-03
1.088979320860370510e-03
1.092332584961692044e-03
1.095682496384553202e-03
1.099028792797193937e-03
1.102371211867862006e-03
1.105709491264798231e-03
1.109043368656249936e-03
1.112372581710457291e-03
1.115696868095666537e-03
1.119015965480123697e-03
1.122329611532068509e-03
1.125637543919749597e-03
1.128939500311406481e-03
1.132235218375287353e-03
1.135524435779632167e-03
1.138806890192688897e-03
1.142082319282697930e-03
1.145350460717907025e-03
1.148611052166556134e-03
1.151863831296893667e-03
1.155108535777159360e-03
1.158344903275601188e-03
1.161572671460459538e-03
1.164791577999982168e-03
1.168001360562409248e-03
1.171201756815988754e-03
1.174392504428960204e-03
1.177573341069572659e-03
1.180744004406065421e-03
1.183904232106686898e-03
1.187053761839676827e-03
1.190192331273283834e-03
1.193319678075746787e-03
1.196435539915314964e-03
1.199539654460227665e-03
1.202631759378732868e-03
1.205711592339071391e-03
1.208778891009488609e-03
1.211833393058230762e-03
1.214874836153537804e-03
1.217902957963657492e-03
1.220917496156830430e-03
1.223918188401304594e-03
1.226904772365319720e-03
1.229876985717124000e-03
1.232834566124957169e-03
1.235777251257067421e-03
1.238704778781695142e-03
1.241616886367088090e-03
1.244513311681486436e-03
1.247393792393137720e-03
1.250258066170282763e-03
1.253105870681169107e-03
1.255936943594036705e-03
1.258751022577133966e-03
1.261547845298700843e-03
1.264327149426984660e-03
1.267088672630226889e-03
1.269832152576674204e-03
1.272557326934567641e-03
1.275263933372154310e-03
1.277951709557674813e-03
1.280620393159376908e-03
1.283269721845500984e-03
1.285899433284294797e-03
1.288509265143998519e-03
1.291098955092860124e-03
1.293668240799119998e-03
1.296216859931023516e-03
1.298744550156816918e-03
1.301251049144741025e-03
1.303736094563042510e-03
1.306199424079962628e-03
1.308640775363748487e-03
1.311059886082640473e-03
1.313456493904887213e-03
1.315830336498728008e-03
1.318181151532410835e-03
1.320508676674176513e-03
1.322812649592271716e-03
1.325092807954938350e-03
1.327348889430422871e-03
1.329580631686965884e-03
1.331787772392814930e-03
1.333970049216211913e-03
1.336127199825402206e-03
1.338258961888628149e-03
1.340365073074135764e-03
1.342445271050166956e-03
1.344499293484967967e-03
1.346526878046780916e-03
1.348527762403851178e-03
1.350501684224421524e-03
1.352448381176738412e-03
1.354367590929042662e-03
1.356259051149580515e-03
1.358122499506594742e-03
1.359957673668330284e-03
1.361764311303031213e-03
1.363542150078941168e-03
1.365290927664304654e-03
1.367010381727364011e-03
1.368700249936366129e-03
1.370360269959552480e-03
1.371990179465168653e-03
1.373589716121457636e-03
1.375158617596665238e-03
1.376696621559032711e-03
1.378203465676806298e-03
1.379678887618228985e-03
1.381122625051546147e-03
1.382534415644999688e-03
1.383913997066835849e-03
1.385261106985296534e-03
1.386575483068627984e-03
1.387856862985071887e-03
1.389104984402874917e-03
1.390319584990278110e-03
1.391500402415528793e-03
1.392647174346868218e-03
1.393759638452541760e-03
1.394837532400793056e-03
1.395880593859866832e-03
1.396888560498005857e-03
1.397861169983455722e-03
1.398798159984458766e-03
1.399699268169260144e-03
1.400564232206103930e-03
1.401392789763233546e-03
1.402184678508893931e-03
1.402939636111327640e-03
1.403657400238780698e-03
1.404337708559495442e-03
1.404980298741716378e-03
1.405584908453687797e-03
1.406151275363654203e-03
1.406679137139858369e-03
1.407168231450545452e-03
1.407618295963958656e-03
1.408029068348342922e-03
1.408400286271941672e-03
1.408731687402998544e-03
1.409023009409758696e-03
1.409273989960465549e-03
1.409484366723362525e-03
1.409653877366694565e-03
1.409782259558705524e-03
1.409869250967639475e-03
1.409914589261740056e-03
1.409917918187720632e-03
1.409878356516113549e-03
1.409795963835859143e-03
1.409671011368590675e-03
1.409503770335941621e-03
1.409294511959545458e-03
1.409043507461035663e-03
1.408751028062045062e-03
1.408417344984208000e-03
1.408042729449157085e-03
1.407627452678526661e-03
1.407171785893949123e-03
1.406676000317058813e-03
1.406140367169488557e-03
1.405565157672872051e-03
1.404950643048842335e-03
1.404297094519033539e-03
1.403604783305078488e-03
1.402873980628611093e-03
1.402104957711263963e-03
1.401297985774671876e-03
1.400453336040466575e-03
1.399571279730283052e-03
1.398652088065753486e-03
1.397696032268512436e-03
1.396703383560192295e-03
1.395674413162427407e-03
1.394609392296850383e-03
1.393508592185095131e-03
1.392372284048794913e-03
1.391200739109583638e-03
1.389994228589093699e-03
1.388753023708959658e-03
1.387477395690813690e-03
1.386167615756290789e-03
1.384823955127023783e-03
1.383446685024644629e-03
1.382036076670789190e-03
1.380592401287088775e-03
1.379115930095178378e-03
1.377606934316689957e-03
1.376065685173258942e-03
1.374492453886516207e-03
1.372887511678097831e-03
1.371251129769634905e-03
1.369583579382762858e-03
1.367885131739113216e-03
1.366156058060321189e-03
1.364396629568018519e-03
1.362607117483840636e-03
1.360787793029418630e-03
1.358938927426388363e-03
1.357060791896380712e-03
1.355153657661031753e-03
1.353217795941972145e-03
1.351253477960838185e-03
1.349260974939260529e-03
1.347240558098875256e-03
1.345192498661313242e-03
1.343117067848210132e-03
1.341014536881197450e-03
1.338885176981910625e-03
1.336729259371980750e-03
1.334547055273043901e-03
1.332338835906732039e-03
1.330104872494677340e-03
1.327845436258516098e-03
1.325560798419878538e-03
1.323251230200401174e-03
1.320917002821714661e-03
1.318558387505455298e-03
1.316175655473253523e-03
1.313769077946745634e-03
1.311338926147562070e-03
1.308885471297339563e-03
1.306408984617708118e-03
1.303909737330304465e-03
1.301388000656758829e-03
1.298844045818707939e-03
1.296278144037781802e-03
1.293690566535617365e-03
1.291081584533844634e-03
1.288451469254099906e-03
1.285800491918014056e-03
1.283128923747223595e-03
1.280437035963358314e-03
1.277725099788055161e-03
1.274993386442944141e-03
1.272242167149662418e-03
1.269471713129839566e-03
1.266682295605112531e-03
1.263874185797111754e-03
1.261047654927473531e-03
1.258202974217829603e-03
1.255340414889811714e-03
1.252460248165057242e-03
1.249562745265195545e-03
1.246648177411864003e-03
1.243716815826692189e-03
1.240768931731317049e-03
1.237804796347368808e-03
1.234824680896484195e-03
1.231828856600293218e-03
1.228817594680432605e-03
1.225791166358532365e-03
1.222749842856229443e-03
1.219693895395153847e-03
1.216623595196942523e-03
1.213539213483225045e-03
1.210441021475639010e-03
1.207329290395813774e-03
1.204204291465386500e-03
1.201066295905987196e-03
1.197915574939252591e-03
1.194752399786812259e-03
1.191577041670304231e-03
1.188389771811357212e-03
1.185190861431608799e-03
1.181980581752689000e-03
1.178759203996234545e-03
1.175526999383875006e-03
1.172284239137248198e-03
1.169031194477984995e-03
1.165768136627716922e-03
1.162495336808082010e-03
1.159213066240709182e-03
1.155921596147235818e-03
1.152621197749291492e-03
1.149312142268513366e-03
1.145994700926531232e-03
1.142669144944982685e-03
1.139335745545496433e-03
1.135994773949710723e-03
1.132646501379254477e-03
1.129291199055765076e-03
1.125929138200872093e-03
1.122560590036213125e-03
1.119185825783417312e-03
1.115805116664122252e-03
1.112418733899957300e-03
1.109026948712560053e-03
1.105630032323559652e-03
1.102228255954593910e-03
1.098821890827291750e-03
1.095411208163290986e-03
1.091996479184220757e-03
1.088577975111718879e-03
1.085155967167414489e-03
1.081730726572945186e-03
1.078302524549940326e-03
1.074871632320037072e-03
1.071438321104864998e-03
1.068002862126062134e-03
1.064565526605259138e-03
1.061126585764087535e-03
1.057686310824185356e-03
1.054244973007181091e-03
1.050802843534712986e-03
1.047360193628409965e-03
1.043917294509909841e-03
1.040474417400841537e-03
1.037031833522842868e-03
1.033589814097543190e-03
1.030148630346580099e-03
1.026708553491582953e-03
1.023269854754188914e-03
1.019832805356027340e-03
1.016397676518735827e-03
1.012964739463944166e-03
1.009534265413289519e-03
1.006106525588401027e-03
1.002681791210916504e-03
9.992603335024650892e-04
9.958424236846848132e-04
9.924283329792041655e-04
9.890183326076611766e-04
9.856126937916852033e-04
9.822116877529136255e-04
9.788155857129758001e-04
9.754246588935092154e-04
9.720391785161432282e-04
9.686594158025157606e-04
9.652856419742574705e-04
9.619181282530002083e-04
9.585571458603813540e-04
9.552029660180302644e-04
9.518558599475846448e-04
9.485160988706734181e-04
9.451839540089343981e-04
9.418596965839969417e-04
9.385435978174984286e-04
9.352359289310679990e-04
9.319369611463437916e-04
9.286469656849547297e-04
9.253662137685381931e-04
9.220949766187238640e-04
9.188335254571489055e-04
9.155821315054429995e-04
9.123410659852437430e-04
9.091106001181798422e-04
9.058910051258894361e-04
9.026825522300015560e-04
8.994855126521539073e-04
8.963001576139757384e-04
8.931267583371044292e-04
8.899655860431694449e-04
8.868169119538083824e-04
8.836810072906505983e-04
8.805581432753333644e-04
8.774485911294861457e-04
8.743526220747467560e-04
8.712705073327459615e-04
8.682025181251156127e-04
8.651489256734929811e-04
8.621100011995077488e-04
8.590860159247971873e-04
8.560772410709905451e-04
8.530839478597255273e-04
8.501064075126314908e-04
8.471448912513455986e-04
8.441996702974976412e-04
8.412710158727248902e-04
8.383591991986567024e-04
8.354644914969303494e-04
8.325871639891760552e-04
8.297274878970302241e-04
8.268857344421231886e-04
8.240621748460915698e-04
8.212570803305652666e-04
8.184707221171814420e-04
8.157033714275698866e-04
8.129552994833675467e-04
8.102267775062047548e-04
8.075180767177175898e-04
8.048294683395368181e-04
8.021612235932988437e-04
7.995136137006337825e-04
7.968869098831782554e-04
7.942813833625629203e-04
7.916973053604239646e-04
7.891349470983932387e-04
7.865945797981028099e-04
7.840764746811891908e-04
7.815809029692826057e-04
7.791081358840195670e-04
7.766584446470302990e-04
7.742321004799518564e-04
7.718293746044139212e-04
7.694505382420534396e-04
7.670958626145006360e-04
7.647656189433918060e-04
7.624600784503576074e-04
7.601795123570344445e-04
7.579241918850526498e-04
7.556943882560486275e-04
7.534903726916529270e-04
7.513124164135019526e-04
7.491607906432260367e-04
7.470357666024615836e-04
7.449376155128391427e-04
7.428666085959950097e-04
7.408230170735597342e-04
7.388071121671699370e-04
7.368191650984556255e-04
7.348594470890535291e-04
7.329282293605938721e-04
7.310257831347131670e-04
7.291523796330420717e-04
7.273082900772164482e-04
7.254937856888686891e-04
7.237091376896307533e-04
7.219546173011385029e-04
7.202304957450235716e-04
7.185370442429208455e-04
7.168745340164618500e-04
7.152432362872822302e-04
7.136434222770136199e-04
7.120753632072909052e-04
7.105393302997461535e-04
7.090355947760140342e-04
7.075644278577266147e-04
7.061261007665185644e-04
7.047208847240224927e-04
7.033490509518729606e-04
7.020108706717016018e-04
7.007066151051434110e-04
6.994275008267630605e-04
6.981495424286391282e-04
6.968714658733822466e-04
6.955933036907150377e-04
6.943150884103570881e-04
6.930368525620314536e-04
6.917586286754576121e-04
6.904804492803582943e-04
6.892023469064534119e-04
6.879243540834654785e-04
6.866465033411142975e-04
6.853688272091225994e-04
6.840913582172108379e-04
6.828141288950994670e-04
6.815371717725110003e-04
6.802605193791655663e-04
6.789842042447855703e-04
6.777082588990909241e-04
6.764327158718043582e-04
6.751576076926452423e-04
6.738829668913367404e-04
6.726088259975982224e-04
6.713352175411527439e-04
6.700621740517196745e-04
6.687897280590219618e-04
6.675179120927793005e-04
6.662467586827143127e-04
6.649763003585468018e-04
6.637065696499994984e-04
6.624375990867919888e-04
6.611694211986472204e-04
6.599020685152845629e-04
6.586355735664271805e-04
6.573699688817944429e-04
6.561052869911090804e-04
6.548415604240911134e-04
6.535788217104629471e-04
6.523171033799442763e-04
6.510564379622582653e-04
6.497968579871241752e-04
6.485383959842648451e-04
6.472810844834008372e-04
6.460249560142524968e-04
6.447700431065425545e-04
6.435163782899908135e-04
6.422639940943200045e-04
6.410129230492498222e-04
6.397631976845029973e-04
6.385148505297990077e-04
6.372679141148609094e-04
6.360224209694082887e-04
6.347784036231637677e-04
6.335358946058472582e-04
6.322949264471813824e-04
6.310555316768858350e-04
6.298177428246832382e-04
6.285815924202933953e-04
6.273471129934392538e-04
6.261143370738401831e-04
6.248832971912192391e-04
6.236540258752957915e-04
6.224265556557927875e-04
6.212009190624299222e-04
6.199771486249297092e-04
6.187552768730121685e-04
6.175353363363998141e-04
6.163173595448124490e-04
6.151013790279726955e-04
6.138874273156004653e-04
6.126755369374183805e-04
6.114657404231460276e-04
6.102580703025062454e-04
6.090525591052194879e-04
6.078492393610062088e-04
6.066481435995892471e-04
6.054493043506881892e-04
6.042527541440257657e-04
6.030585255093216714e-04
6.018666509762988538e-04
6.006771630746765740e-04
5.994900943341778879e-04
5.983054772845225987e-04
5.971233444554332201e-04
5.959437283766294471e-04
5.947666615778340101e-04
5.935921765887668209e-04
5.924203059391503932e-04
5.912510821587046387e-04
5.900845377771520711e-04
5.889207053242124937e-04
5.877596173296087455e-04
5.866013063230601961e-04
5.854458048342900097e-04
5.842931453930176643e-04
5.831433605289656737e-04
5.819964827718541664e-04
5.808525446514056561e-04
5.797115786973399462e-04
5.785736174393796586e-04
5.774386934072444884e-04
5.763068391306573829e-04
5.751780871393384707e-04
5.740524699630083138e-04
5.729300201313899683e-04
5.718107701742026951e-04
5.706947526211694419e-04
5.695820000020099033e-04
5.684725448464469184e-04
5.673664196841999652e-04
5.662636570449917743e-04
5.651642894585423658e-04
5.640683494545741450e-04
5.629758695628070235e-04
5.618868823129634068e-04
5.608014202347635316e-04
5.597195158579295867e-04
5.586412017121817003e-04
5.575665103272422780e-04
5.564954742328313397e-04
5.554281259586715076e-04
5.543644980344822597e-04
5.533046229899864351e-04
5.522485333549040538e-04
5.511962616589573044e-04
5.501478404318663152e-04
5.491033022033538170e-04
5.480626795031392877e-04
5.470260048609455663e-04
5.459933108064924561e-04
5.449646298695023624e-04
5.439399945796959557e-04
5.429194374667940153e-04
5.419029910605186210e-04
5.408906878905900099e-04
5.398825604867306957e-04
5.388786413786604817e-04
5.378789630961020984e-04
5.368835581687750238e-04
5.358924591264020969e-04
5.349056984987032295e-04
5.339233088154008268e-04
5.329453226062151258e-04
5.319717724008680981e-04
5.310026907290800891e-04
5.300381101205733957e-04
5.290780631050681464e-04
5.281225822122866381e-04
5.271716999719489993e-04
5.262254489137776353e-04
5.252838615674924579e-04
5.243469704628158723e-04
5.234148081294680071e-04
5.224874070971713760e-04
5.215647998956457823e-04
5.206470190546137397e-04
5.197340971037952683e-04
5.188260665729127735e-04
5.179229599916861668e-04
5.170248098898379621e-04
5.161316487970890468e-04
5.152435092431595495e-04
5.143604237577722007e-04
5.134824248706470204e-04
5.126095451115061973e-04
5.117418170100699682e-04
5.108792730960606300e-04
5.100219458991984197e-04
5.091698679492054173e-04
5.083230717758020767e-04
5.074815899087101526e-04
5.066454548776504240e-04
5.058146992123446458e-04
5.049893554425133801e-04
5.041694560978785987e-04
5.033550337081607552e-04
5.025461208030819298e-04
5.017427499123622509e-04
5.009449535657242323e-04
5.001527642928876773e-04
4.993662146235750996e-04
4.985853370875065194e-04
4.978101642144044502e-04
4.970407285339889123e-04
4.962770625759822026e-04
4.955191988701043411e-04
4.947671699460778416e-04
4.940210083336227243e-04
4.932807465624611774e-04
4.925464171623140886e-04
4.918180526629020201e-04
4.910956855939472687e-04
4.903793484851700713e-04
4.896690738662926165e-04
4.889648942670351411e-04
4.882668422171197254e-04
4.875749502462668229e-04
4.868892508841985681e-04
4.862097766606351436e-04
4.855365601052986295e-04
4.848696337479095337e-04
4.842090301181898823e-04
4.835547817458599662e-04
4.829069211606418655e-04
4.822654808922560341e-04
4.816304934704245520e-04
4.810019914248676561e-04
4.803800072853074807e-04
4.797645735814644796e-04
4.791557228430605160e-04
4.785534875998160437e-04
4.779579003814532511e-04
4.773689937176924295e-04
4.767868001382556589e-04
4.762113521728633930e-04
4.756426823512374408e-04
4.750808232030984189e-04
4.745258072581682446e-04
4.739776670461677511e-04
4.734364350968178802e-04
4.729021439398404950e-04
4.723748261049559951e-04
4.718545141218866232e-04
4.713412405203525079e-04
4.708350378300757834e-04
4.703359385807770660e-04
4.698439753021780023e-04
4.693591805239994796e-04
4.688815867759629817e-04
4.684112265877894503e-04
4.679481324892003150e-04
4.674923370099166257e-04
4.670438726796598120e-04
4.666027720281508157e-04
4.661690675851112831e-04
4.657427918802618848e-04
4.653239774433243756e-04
4.649126568040193720e-04
4.645088624920688998e-04
4.641126270371932500e-04
4.637239829691145571e-04
4.633429628175532748e-04
4.629695991122311036e-04
4.626039243828689311e-04
4.622459711591882952e-04
4.618957719709102460e-04
4.615533593477560504e-04
4.612187658194469211e-04
4.608920239157038540e-04
4.605731661662484412e-04
4.602622251008015161e-04
4.599592332490847250e-04
4.596642231408189011e-04
4.593772273057255282e-04
4.590982782735256564e-04
4.588274085739407152e-04
4.585646507366915921e-04
4.583100372914998251e-04
4.580636007680863558e-04
4.578253736961727222e-04
4.575953886054798117e-04
4.573736780257291082e-04
4.571602744866416074e-04
4.569552105179387389e-04
4.567585186493416612e-04
4.565702314105714787e-04
4.563903813313494582e-04
4.562190009413969751e-04
4.560561227704348626e-04
4.559017793481847671e-04
4.557560032043677929e-04
4.556188268687050443e-04
4.554902828709176798e-04
4.553704037407271831e-04
4.552592220078545502e-04
4.551567702020212105e-04
4.550630808529480516e-04
4.549781864903566114e-04
4.549021196439679399e-04
4.548349128435033042e-04
4.547765986186838626e-04
4.547272094992308822e-04
4.546867780148656840e-04
4.546553366953093181e-04
4.546329180702831057e-04
4.546195546695081511e-04
4.546154947466350010e-04
4.548642230128723029e-04
4.555794592860659491e-04
4.567579140439036265e-04
4.583962977640704739e-04
4.604913209242553164e-04
4.630396940021423713e-04
4.660381274754212227e-04
4.694833318217749496e-04
4.733720175188947622e-04
4.777008950444621674e-04
4.824666748761696224e-04
4.876660674916976040e-04
4.932957833687394910e-04
4.993525329849747302e-04
5.058330268180978931e-04
5.127339753457873421e-04
5.200520890457386788e-04
5.277840783956290732e-04
5.359266538731553191e-04
5.444765259559935025e-04
5.534304051218356469e-04
5.627850018483744263e-04
5.725370266132844086e-04
5.826831898942652068e-04
5.932202021689901962e-04
6.041447739151596403e-04
6.154536156104463722e-04
6.271434377325514143e-04
6.392109507591466240e-04
6.516528651679339996e-04
6.644658914365846394e-04
6.776467400428014091e-04
6.911921214642541061e-04
7.050987461786467885e-04
7.193633246636484948e-04
7.339825673969640422e-04
7.489531848562616017e-04
7.642718875192469662e-04
7.799353858635871143e-04
7.959403903669887061e-04
8.122836115071185034e-04
8.289617597616834917e-04
8.459715456083493484e-04
8.633096795248245770e-04
8.809728719887737706e-04
8.989578334779057579e-04
9.172612744698848070e-04
9.358799054424207222e-04
9.548104368731763622e-04
9.740495792398505808e-04
9.935940430201423406e-04
1.013440538691713199e-03
1.033585776732275779e-03
1.054026467619491097e-03
1.074759321831070908e-03
1.095781049844676445e-03
1.117088362138020981e-03
1.138677969188764015e-03
1.160546581474619903e-03
1.182690909473247277e-03
1.205107663662360927e-03
1.227793554519619485e-03
1.250745292522738175e-03
1.273959588149374544e-03
1.297433151877245118e-03
1.321162694184006359e-03
1.345144925547375227e-03
1.369376556445007966e-03
1.393854297354622188e-03
1.418574858753873054e-03
1.443534951120479908e-03
1.468731284932096393e-03
1.494160570666441638e-03
1.519819518801169937e-03
1.545704839814001285e-03
1.571813244182588675e-03
1.598141442384652536e-03
1.624686144897845861e-03
1.651444062199871731e-03
1.678411904768434748e-03
1.705586383081186602e-03
1.732964207615848807e-03
1.760542088850073706e-03
1.788316737261582377e-03
1.816284863328026947e-03
1.844443177527128929e-03
1.872788390336539797e-03
1.901317212233981715e-03
1.930026353697105726e-03
1.958912525203635076e-03
1.987972437231219722e-03
2.017202800257582047e-03
2.046600324760373089e-03
2.076161721217316316e-03
2.105883700106061466e-03
2.135762971904332005e-03
2.165796247089777238e-03
2.195980236140121934e-03
2.226311649533014962e-03
2.256787197746180657e-03
2.287403591257267457e-03
2.318157540544000996e-03
2.349045756084029279e-03
2.380064948355077072e-03
2.411211827834793247e-03
2.442483105000903005e-03
2.473875490331053049e-03
2.505385694302950800e-03
2.537010427394303241e-03
2.568746400082755343e-03
2.600590322846036643e-03
2.632538906161790808e-03
2.664588860507746942e-03
2.696736896361550014e-03
2.728979724200927826e-03
2.761314054503525781e-03
2.793736597747072982e-03
2.826244064409213098e-03
2.858833164967675665e-03
2.891500609900105653e-03
2.924243109684230429e-03
2.957057374797695832e-03
2.989940115718230530e-03
3.022888042923479058e-03
3.055897866891169219e-03
3.088966298098947717e-03
3.122090047024540620e-03
3.155265824145595064e-03
3.188490339939838419e-03
3.221760304884915653e-03
3.255072429458555870e-03
3.288423424138402305e-03
3.321809999402185794e-03
3.355228865727550008e-03
3.388676733592224048e-03
3.422150313473852016e-03
3.455646315850141766e-03
3.489161451198800716e-03
3.522692429997473403e-03
3.556235962723890229e-03
3.589788759855694865e-03
3.623347531870615545e-03
3.656908989246298106e-03
3.690469842460469049e-03
3.724026801990774644e-03
3.757576578314945296e-03
3.791115881910621637e-03
3.824641423255535806e-03
3.858149912827331038e-03
3.891638061103736869e-03
3.925102578562395667e-03
3.958540175681039136e-03
3.991947562937312247e-03
4.025321450808939765e-03
4.058658549773570996e-03
4.091955570308930708e-03
4.125209222892665603e-03
4.158416218002506520e-03
4.191573266116092357e-03
4.224677077711157420e-03
4.257724363265343211e-03
4.290711833256380565e-03
4.323636198161911852e-03
4.356494168459668775e-03
4.389282454627292836e-03
4.421997767142494054e-03
4.454636816482978982e-03
4.487196313126394324e-03
4.519672967550464847e-03
4.552063490232838121e-03
4.584364591651240647e-03
4.616572982283322600e-03
4.648685372606806143e-03
4.680698473099337981e-03
4.712608994238649818e-03
4.744413646502383154e-03
4.776109140368266226e-03
4.807692186313947472e-03
4.839159494817151658e-03
4.870507776355526355e-03
4.901733741406797198e-03
4.932834100448611758e-03
4.963805563958696536e-03
4.994644842414698235e-03
5.025348646294344225e-03
5.055913686075279474e-03
5.086336672235233954e-03
5.116614315251850897e-03
5.146743325602858542e-03
5.176720413765903590e-03
5.206542290218712545e-03
5.236205665438932108e-03
5.265707249904288782e-03
5.295043754092430138e-03
5.324211888481063595e-03
5.353208363547892236e-03
5.382029889770567101e-03
5.410673177626810354e-03
5.439134937594272169e-03
5.467411880150678180e-03
5.495500715773675958e-03
5.523398154940989402e-03
5.551100908130271287e-03
5.578605685819239442e-03
5.605909198485550977e-03
5.633008156606921120e-03
5.659899270661007849e-03
5.686579251125528124e-03
5.713044808478136456e-03
5.739292653196553275e-03
5.765319495758431355e-03
5.791122046641489392e-03
5.816697016323384498e-03
5.842041115281833633e-03
5.867151053994490439e-03
5.892023542939074481e-03
5.916655292593243735e-03
5.941043013434710827e-03
5.965183415941135471e-03
5.989073210590233759e-03
6.012709107859661069e-03
6.036087818227136963e-03
6.059206052170315084e-03
6.082060520166898514e-03
6.104647932694589468e-03
6.126965000231044192e-03
6.149008433253978778e-03
6.170774942241051206e-03
6.192261237669975833e-03
6.213464030018414110e-03
6.234380029764074321e-03
6.255005947384621387e-03
6.275338493357769665e-03
6.295374378161175399e-03
6.315110312272552949e-03
6.334543006169562895e-03
6.353669170329916994e-03
6.372485515231280165e-03
6.390988751351360693e-03
6.409175589167823497e-03
6.427042739158372528e-03
6.444586911800681377e-03
6.461804817572449657e-03
6.478693166951348358e-03
6.495248670415083164e-03
6.511468038441321597e-03
6.527347981507766739e-03
6.542885210092090446e-03
6.558076434671998405e-03
6.572918365725152062e-03
6.587407713729266645e-03
6.601541189162000133e-03
6.615315502501063413e-03
6.628727364224125743e-03
6.641773484808881529e-03
6.654450574733022580e-03
6.666755344474225957e-03
6.678684504510188670e-03
6.690234765318583444e-03
6.701402837377113363e-03
6.712185431163448547e-03
6.722579257155288611e-03
6.732581025830310616e-03
6.742187447666211572e-03
6.751395233140665940e-03
6.760201092731375934e-03
6.768601736916011677e-03
6.776593876172273649e-03
6.784174220977838045e-03
6.791339481810401008e-03
6.798086369147640466e-03
6.804411593467249095e-03
6.810311865246908292e-03
6.815783894964310731e-03
6.820824393097138678e-03
6.825430070123083941e-03
6.829597636519824447e-03
6.833323802765055473e-03
6.836605279336461019e-03
6.839438776711727688e-03
6.841821005368537746e-03
6.843748675784585601e-03
6.845218498437552652e-03
6.846227183805126369e-03
6.846771442364996824e-03
6.846846133373923199e-03
6.846426376064800902e-03
6.845508011476608007e-03
6.844094563081341322e-03
6.842189554351008930e-03
6.839796508757609375e-03
6.836918949773145536e-03
6.833560400869617690e-03
6.829724385519031320e-03
6.825414427193384967e-03
6.820634049364684114e-03
6.815386775504927303e-03
6.809676129086122617e-03
6.803505633580262529e-03
6.796878812459360326e-03
6.789799189195407612e-03
6.782270287260415073e-03
6.774295630126376914e-03
6.765878741265304690e-03
6.757023144149190003e-03
6.747732362250044406e-03
6.738009919039860372e-03
6.727859337990651188e-03
6.717284142574406723e-03
6.706287856263142867e-03
6.694874002528846020e-03
6.683046104843535541e-03
6.670807686679202167e-03
6.658162271507841838e-03
6.645113382801476516e-03
6.631664544032084795e-03
6.617819278671692104e-03
6.603581110192278773e-03
6.588953562065865896e-03
6.573940157764439005e-03
6.558544420760016591e-03
6.542769874524582453e-03
6.526620042530159420e-03
6.510098448248727819e-03
6.493208615152310480e-03
6.475954066712888597e-03
6.458338326402485868e-03
6.440364917693084355e-03
6.422037364056706020e-03
6.403359188965330323e-03
6.384333915890984430e-03
6.364965068305643466e-03
6.345256169681337197e-03
6.325210743490042482e-03
6.304832313203783019e-03
6.284124402294539134e-03
6.263090534234337994e-03
6.241734232495153856e-03
6.220059020549017353e-03
6.198068421867902744e-03
6.175765959923839796e-03
6.153155158188816642e-03
6.130239540134821419e-03
6.107022629233883025e-03
6.083507948957977453e-03
6.059699022779134470e-03
6.035599374169325730e-03
6.011212526600585339e-03
5.986542003544883216e-03
5.961591328474253465e-03
5.936364024860666007e-03
5.910863616176155813e-03
5.885093625892691069e-03
5.859057577482307613e-03
5.832758994416974499e-03
5.806201400168728433e-03
5.779388318209534997e-03
5.752323272011431766e-03
5.725009785046386059e-03
5.697451380786435447e-03
5.669651582703546383e-03
5.641613914269755573e-03
5.613341898957031201e-03
5.584839060237410842e-03
5.556108921582860079e-03
5.527155006465416485e-03
5.497980838357046512e-03
5.468589940729788601e-03
5.438985837055608334e-03
5.409172050806545021e-03
5.379152105454581591e-03
5.348929524471700975e-03
5.318507831329945083e-03
5.287890549501274295e-03
5.257081202457733991e-03
5.226083313671282815e-03
5.194900406613964412e-03
5.163536004757740897e-03
5.131993631574653311e-03
5.100276810536665505e-03
5.068389065115819388e-03
5.036333918784074472e-03
5.004114895013475270e-03
4.971735517275983895e-03
4.939199309043641392e-03
4.906509793788409006e-03
4.873670494982332117e-03
4.840684936097370238e-03
4.807556640605565278e-03
4.774289131978880218e-03
4.740885933689356971e-03
4.707350569208957648e-03
4.673686562009724162e-03
4.639897435563619492e-03
4.605986713342684682e-03
4.571957918818880980e-03
4.537814575464252896e-03
4.503560206750758209e-03
4.469198336150445768e-03
4.434732487135293298e-03
4.400166183177281129e-03
4.365502947748455508e-03
4.330746304320775078e-03
4.295899776366286088e-03
4.260966887356944580e-03
4.225951160764798535e-03
4.190856120061806599e-03
4.155685288720013283e-03
4.120442190211376365e-03
4.085130348007944695e-03
4.049753285581672579e-03
4.014314526404608868e-03
3.978817593948710471e-03
3.943266011686023635e-03
3.907663303088506138e-03
3.872012991628205961e-03
3.836318600777078279e-03
3.800583654007171509e-03
3.764811674790441692e-03
3.729006186598937678e-03
3.693170712904614642e-03
3.657308777179520565e-03
3.621423902895612792e-03
3.585519613524937570e-03
3.549599432539451808e-03
3.513666883411204790e-03
3.477725489612150389e-03
3.441778774614338322e-03
3.405830261889746750e-03
3.369883474910355566e-03
3.333941937148213186e-03
3.298009172075273918e-03
3.262088703163588347e-03
3.226184053885109045e-03
3.190298747711887029e-03
3.154436308115877476e-03
3.118600258569128800e-03
3.082794122543596176e-03
3.047021423511329322e-03
3.011285684944282112e-03
2.975590430314504261e-03
2.939939183093952680e-03
2.904335466754671882e-03
2.868782804768622244e-03
2.833284720607848282e-03
2.797844737744307770e-03
2.762466379650050426e-03
2.727153169797029257e-03
2.691908631657292678e-03
2.656736288702799334e-03
2.621639664405595038e-03
2.586622282237637134e-03
2.551687665670972736e-03
2.516839338177558321e-03
2.482080823229441870e-03
2.447415644298580294e-03
2.412847324857019405e-03
2.378379388376741267e-03
2.344015358329722739e-03
2.309758758188013104e-03
2.275613111423568837e-03
2.241581941508434886e-03
2.207668771914572062e-03
2.173877126114024012e-03
2.140210527578750681e-03
2.106672499780796147e-03
2.073266566192121223e-03
2.039996250284769556e-03
2.006865075530701089e-03
1.973876565401958601e-03
1.941034243370506809e-03
1.908341632908383285e-03
1.875802257487552312e-03
1.843419640580055800e-03
1.811197305657856515e-03
1.779138776192997883e-03
1.747247575657436382e-03
1.715527227523221078e-03
1.683981255262309963e-03
1.652613182346745601e-03
1.621426532248489670e-03
1.590424828439587117e-03
1.559611594391996370e-03
1.528990353577761507e-03
1.498564629468845727e-03
1.468337945537286386e-03
1.438313825255050369e-03
1.408495792094178285e-03
1.378887369526651330e-03
1.349492081024452651e-03
1.320313450059623942e-03
1.291355000104129052e-03
1.262620254630006204e-03
1.234112737109221416e-03
1.205835971013813346e-03
1.177793479815747359e-03
1.149988786987061898e-03
1.122425415999722979e-03
1.095106890325768609e-03
1.068036733437167408e-03
1.041218468805953264e-03
1.014655619904093710e-03
9.883517102036265371e-04
9.623102631765209072e-04
9.365348022948098402e-04
9.110288510304642316e-04
8.857959328555189450e-04
8.608395712419403224e-04
8.361632896617674556e-04
8.117706115869689635e-04
7.876650604895747221e-04
7.638501598415618071e-04
7.403294331149586852e-04
7.171064037817409141e-04
6.941845953139342499e-04
6.715675311835184787e-04
6.492587348625194653e-04
6.272617298229252354e-04
6.055800395367265257e-04
5.842171874759549471e-04
5.631766971125776004e-04
5.424620919186314092e-04
5.220768953660877027e-04
5.020246309269764656e-04
4.823088220732718459e-04
4.629329922770038285e-04
4.439006650101480250e-04
4.252153637447314929e-04
4.068806119527340181e-04
3.888999331061758274e-04
3.712768506770422364e-04
3.540148881373548270e-04
3.371175689590932768e-04
3.205884166142834507e-04
3.044309545749036166e-04
2.886487063129782298e-04
2.732451953004897327e-04
2.582239450094569967e-04
2.435884789118667468e-04
2.293423204797363367e-04
2.154889931850511090e-04
2.020320204998340551e-04
1.889749258960634975e-04
1.763212328457624547e-04
1.640744648209148328e-04
1.522381452935408044e-04
1.408157977356341145e-04
1.298109456191856082e-04
1.192271124162168946e-04
1.090678215987146986e-04
9.933659663869363627e-05
9.003696100814319726e-05
8.117243817907940709e-05
7.274655162349037306e-05
6.476282481339069765e-05
5.722478122077129356e-05
5.013594431764398500e-05
4.349983757600106024e-05
3.731998446785574617e-05
3.159990846519753925e-05
2.634313304003827724e-05
2.155318166437442598e-05
1.723357781021783001e-05
1.338784494955657631e-05
1.001950655440250604e-05
7.132086096750695060e-06
4.729107048614377043e-06
2.814092881984437563e-06
1.390567068865730189e-06
4.620530812631090709e-07
3.207439117584048176e-08
0.000000000000000000e+00
0.000000000000000000e+00
0.000000000000000000e+00
0.000000000000000000e+00
0.000000000000000000e+00
0.000000000000000000e+00
0.000000000000000000e+00
0.000000000000000000e+00
0.000000000000000000e+00
0.000000000000000000e+00
0.000000000000000000e+00
0.000000000000000000e+00
0.000000000000000000e+00
0.000000000000000000e+00
0.000000000000000000e+00
0.000000000000000000e+00
0.000000000000000000e+00
0.000000000000000000e+00
0.000000000000000000e+00
0.000000000000000000e+00
0.000000000000000000e+00
0.000000000000000000e+00
0.000000000000000000e+00
0.000000000000000000e+00
0.000000000000000000e+00
0.000000000000000000e+00
0.000000000000000000e+00
0.000000000000000000e+00
0.000000000000000000e+00
0.000000000000000000e+00
0.000000000000000000e+00
0.000000000000000000e+00
0.000000000000000000e+00
0.000000000000000000e+00
0.000000000000000000e+00
0.000000000000000000e+00
0.000000000000000000e+00
0.000000000000000000e+00
0.000000000000000000e+00
0.000000000000000000e+00
0.000000000000000000e+00
0.000000000000000000e+00
0.000000000000000000e+00
0.000000000000000000e+00
0.000000000000000000e+00
0.000000000000000000e+00
0.000000000000000000e+00
0.000000000000000000e+00
0.000000000000000000e+00
0.000000000000000000e+00
0.000000000000000000e+00
0.000000000000000000e+00
0.000000000000000000e+00
0.000000000000000000e+00
0.000000000000000000e+00
0.000000000000000000e+00
0.000000000000000000e+00
0.000000000000000000e+00
0.000000000000000000e+00
0.000000000000000000e+00
0.000000000000000000e+00
0.000000000000000000e+00
0.000000000000000000e+00
0.000000000000000000e+00
0.000000000000000000e+00
0.000000000000000000e+00
0.000000000000000000e+00
0.000000000000000000e+00
0.000000000000000000e+00
0.000000000000000000e+00
0.000000000000000000e+00
0.000000000000000000e+00
0.000000000000000000e+00
0.000000000000000000e+00
0.000000000000000000e+00
0.000000000000000000e+00
0.000000000000000000e+00
0.000000000000000000e+00
0.000000000000000000e+00
0.000000000000000000e+00
0.000000000000000000e+00
0.000000000000000000e+00
0.000000000000000000e+00
0.000000000000000000e+00
0.000000000000000000e+00
0.000000000000000000e+00
0.000000000000000000e+00
0.000000000000000000e+00
0.000000000000000000e+00
0.000000000000000000e+00
0.000000000000000000e+00
0.000000000000000000e+00
0.000000000000000000e+00
0.000000000000000000e+00
0.000000000000000000e+00
0.000000000000000000e+00
0.000000000000000000e+00
0.000000000000000000e+00
0.000000000000000000e+00
0.000000000000000000e+00
0.000000000000000000e+00
0.000000000000000000e+00
0.000000000000000000e+00
0.000000000000000000e+00
0.000000000000000000e+00
0.000000000000000000e+00
0.000000000000000000e+00
0.000000000000000000e+00
0.000000000000000000e+00
0.000000000000000000e+00
0.000000000000000000e+00
0.000000000000000000e+00
0.000000000000000000e+00
0.000000000000000000e+00
0.000000000000000000e+00
0.000000000000000000e+00
0.000000000000000000e+00
0.000000000000000000e+00
0.000000000000000000e+00
0.000000000000000000e+00
0.000000000000000000e+00
0.000000000000000000e+00
0.000000000000000000e+00
0.000000000000000000e+00
0.000000000000000000e+00
0.000000000000000000e+00
0.000000000000000000e+00
0.000000000000000000e+00
0.000000000000000000e+00
0.000000000000000000e+00
0.000000000000000000e+00
0.000000000000000000e+00
0.000000000000000000e+00
0.000000000000000000e+00
0.000000000000000000e+00
0.000000000000000000e+00
0.000000000000000000e+00
0.000000000000000000e+00
0.000000000000000000e+00
0.000000000000000000e+00
0.000000000000000000e+00
0.000000000000000000e+00
0.000000000000000000e+00
0.000000000000000000e+00
0.000000000000000000e+00
0.000000000000000000e+00
0.000000000000000000e+00
0.000000000000000000e+00
0.000000000000000000e+00
0.000000000000000000e+00
0.000000000000000000e+00
0.000000000000000000e+00
0.000000000000000000e+00
0.000000000000000000e+00
0.000000000000000000e+00
0.000000000000000000e+00
0.000000000000000000e+00
0.000000000000000000e+00
0.000000000000000000e+00
0.000000000000000000e+00
0.000000000000000000e+00
0.000000000000000000e+00
0.000000000000000000e+00
0.000000000000000000e+00
0.000000000000000000e+00
0.000000000000000000e+00
0.000000000000000000e+00
0.000000000000000000e+00
0.000000000000000000e+00
0.000000000000000000e+00
0.000000000000000000e+00
0.000000000000000000e+00
0.000000000000000000e+00
0.000000000000000000e+00
0.000000000000000000e+00
0.000000000000000000e+00
0.000000000000000000e+00
0.000000000000000000e+00
0.000000000000000000e+00
0.000000000000000000e+00
0.000000000000000000e+00
0.000000000000000000e+00
0.000000000000000000e+00
0.000000000000000000e+00
0.000000000000000000e+00
0.000000000000000000e+00
0.000000000000000000e+00
0.000000000000000000e+00
0.000000000000000000e+00
0.000000000000000000e+00
0.000000000000000000e+00
0.000000000000000000e+00
0.000000000000000000e+00
0.000000000000000000e+00
0.000000000000000000e+00
0.000000000000000000e+00
0.000000000000000000e+00
0.000000000000000000e+00
0.000000000000000000e+00
0.000000000000000000e+00
0.000000000000000000e+00
0.000000000000000000e+00
0.000000000000000000e+00
0.000000000000000000e+00
0.000000000000000000e+00
0.000000000000000000e+00
0.000000000000000000e+00
0.000000000000000000e+00
0.000000000000000000e+00
0.000000000000000000e+00
0.000000000000000000e+00
0.000000000000000000e+00
0.000000000000000000e+00
0.000000000000000000e+00
0.000000000000000000e+00
0.000000000000000000e+00
0.000000000000000000e+00
0.000000000000000000e+00
0.000000000000000000e+00
0.000000000000000000e+00
0.000000000000000000e+00
0.000000000000000000e+00
0.000000000000000000e+00
0.000000000000000000e+00
0.000000000000000000e+00
0.000000000000000000e+00
0.000000000000000000e+00
0.000000000000000000e+00
0.000000000000000000e+00
0.000000000000000000e+00
0.000000000000000000e+00
0.000000000000000000e+00
0.000000000000000000e+00
0.000000000000000000e+00
0.000000000000000000e+00
0.000000000000000000e+00
0.000000000000000000e+00
0.000000000000000000e+00
0.000000000000000000e+00
0.000000000000000000e+00
0.000000000000000000e+00
0.000000000000000000e+00
0.000000000000000000e+00
0.000000000000000000e+00
0.000000000000000000e+00
0.000000000000000000e+00
0.000000000000000000e+00
0.000000000000000000e+00
0.000000000000000000e+00
0.000000000000000000e+00
0.000000000000000000e+00
0.000000000000000000e+00
0.000000000000000000e+00
0.000000000000000000e+00
0.000000000000000000e+00
0.000000000000000000e+00
0.000000000000000000e+00
0.000000000000000000e+00
0.000000000000000000e+00
0.000000000000000000e+00
0.000000000000000000e+00
0.000000000000000000e+00
0.000000000000000000e+00
0.000000000000000000e+00
0.000000000000000000e+00
0.000000000000000000e+00
0.000000000000000000e+00
0.000000000000000000e+00
0.000000000000000000e+00
0.000000000000000000e+00
0.000000000000000000e+00
0.000000000000000000e+00
0.000000000000000000e+00
0.000000000000000000e+00
0.000000000000000000e+00
0.000000000000000000e+00
0.000000000000000000e+00
0.000000000000000000e+00
0.000000000000000000e+00
0.000000000000000000e+00
0.000000000000000000e+00
0.000000000000000000e+00
0.000000000000000000e+00
0.000000000000000000e+00
0.000000000000000000e+00
0.000000000000000000e+00
0.000000000000000000e+00
0.000000000000000000e+00
0.000000000000000000e+00
0.000000000000000000e+00
0.000000000000000000e+00
0.000000000000000000e+00
0.000000000000000000e+00
0.000000000000000000e+00
0.000000000000000000e+00
0.000000000000000000e+00
0.000000000000000000e+00
0.000000000000000000e+00
0.000000000000000000e+00
0.000000000000000000e+00
0.000000000000000000e+00
0.000000000000000000e+00
0.000000000000000000e+00
0.000000000000000000e+00
0.000000000000000000e+00
0.000000000000000000e+00
0.000000000000000000e+00
0.000000000000000000e+00
0.000000000000000000e+00
0.000000000000000000e+00
0.000000000000000000e+00
0.000000000000000000e+00
0.000000000000000000e+00
0.000000000000000000e+00
0.000000000000000000e+00
0.000000000000000000e+00
0.000000000000000000e+00
0.000000000000000000e+00
0.000000000000000000e+00
0.000000000000000000e+00
0.000000000000000000e+00
0.000000000000000000e+00
0.000000000000000000e+00
0.000000000000000000e+00
0.000000000000000000e+00
0.000000000000000000e+00
0.000000000000000000e+00
0.000000000000000000e+00
0.000000000000000000e+00
0.000000000000000000e+00
0.000000000000000000e+00
0.000000000000000000e+00
0.000000000000000000e+00
0.000000000000000000e+00
0.000000000000000000e+00
0.000000000000000000e+00
0.000000000000000000e+00
0.000000000000000000e+00
0.000000000000000000e+00
0.000000000000000000e+00
0.000000000000000000e+00
0.000000000000000000e+00
0.000000000000000000e+00
0.000000000000000000e+00
0.000000000000000000e+00
0.000000000000000000e+00
0.000000000000000000e+00
0.000000000000000000e+00
0.000000000000000000e+00
0.000000000000000000e+00
0.000000000000000000e+00
0.000000000000000000e+00
0.000000000000000000e+00
0.000000000000000000e+00
0.000000000000000000e+00
0.000000000000000000e+00
0.000000000000000000e+00
0.000000000000000000e+00
0.000000000000000000e+00
0.000000000000000000e+00
0.000000000000000000e+00
0.000000000000000000e+00
0.000000000000000000e+00
0.000000000000000000e+00
0.000000000000000000e+00
0.000000000000000000e+00
0.000000000000000000e+00
0.000000000000000000e+00
0.000000000000000000e+00
0.000000000000000000e+00
0.000000000000000000e+00
0.000000000000000000e+00
0.000000000000000000e+00
0.000000000000000000e+00
0.000000000000000000e+00
0.000000000000000000e+00
0.000000000000000000e+00
0.000000000000000000e+00
0.000000000000000000e+00
0.000000000000000000e+00
0.000000000000000000e+00
0.000000000000000000e+00
0.000000000000000000e+00
0.000000000000000000e+00
0.000000000000000000e+00
0.000000000000000000e+00
0.000000000000000000e+00
0.000000000000000000e+00
0.000000000000000000e+00
0.000000000000000000e+00
0.000000000000000000e+00
0.000000000000000000e+00
0.000000000000000000e+00
0.000000000000000000e+00
0.000000000000000000e+00
0.000000000000000000e+00
0.000000000000000000e+00
0.000000000000000000e+00
0.000000000000000000e+00
0.000000000000000000e+00
0.000000000000000000e+00
0.000000000000000000e+00
0.000000000000000000e+00
0.000000000000000000e+00
0.000000000000000000e+00
0.000000000000000000e+00
0.000000000000000000e+00
0.000000000000000000e+00
0.000000000000000000e+00
0.000000000000000000e+00
0.000000000000000000e+00
0.000000000000000000e+00
0.000000000000000000e+00
0.000000000000000000e+00
0.000000000000000000e+00
0.000000000000000000e+00
0.000000000000000000e+00
0.000000000000000000e+00
0.000000000000000000e+00
0.000000000000000000e+00
0.000000000000000000e+00
0.000000000000000000e+00
0.000000000000000000e+00
0.000000000000000000e+00
0.000000000000000000e+00
0.000000000000000000e+00
0.000000000000000000e+00
0.000000000000000000e+00
0.000000000000000000e+00
0.000000000000000000e+00
0.000000000000000000e+00
0.000000000000000000e+00
0.000000000000000000e+00
0.000000000000000000e+00
0.000000000000000000e+00
0.000000000000000000e+00
0.000000000000000000e+00
0.000000000000000000e+00
0.000000000000000000e+00
0.000000000000000000e+00
0.000000000000000000e+00
0.000000000000000000e+00
0.000000000000000000e+00
0.000000000000000000e+00
0.000000000000000000e+00
0.000000000000000000e+00
0.000000000000000000e+00
0.000000000000000000e+00
0.000000000000000000e+00
0.000000000000000000e+00
0.000000000000000000e+00
0.000000000000000000e+00
0.000000000000000000e+00
0.000000000000000000e+00
0.000000000000000000e+00
0.000000000000000000e+00
0.000000000000000000e+00
0.000000000000000000e+00
0.000000000000000000e+00
0.000000000000000000e+00
0.000000000000000000e+00
0.000000000000000000e+00
0.000000000000000000e+00
0.000000000000000000e+00
0.000000000000000000e+00
0.000000000000000000e+00
0.000000000000000000e+00
0.000000000000000000e+00
0.000000000000000000e+00
0.000000000000000000e+00
0.000000000000000000e+00
0.000000000000000000e+00
0.000000000000000000e+00
0.000000000000000000e+00
0.000000000000000000e+00
0.000000000000000000e+00
0.000000000000000000e+00
0.000000000000000000e+00
0.000000000000000000e+00
0.000000000000000000e+00
0.000000000000000000e+00
0.000000000000000000e+00
0.000000000000000000e+00
0.000000000000000000e+00
0.000000000000000000e+00
0.000000000000000000e+00
0.000000000000000000e+00
0.000000000000000000e+00
0.000000000000000000e+00
0.000000000000000000e+00
0.000000000000000000e+00
0.000000000000000000e+00
0.000000000000000000e+00
0.000000000000000000e+00
0.000000000000000000e+00
0.000000000000000000e+00
0.000000000000000000e+00
0.000000000000000000e+00
0.000000000000000000e+00
0.000000000000000000e+00
0.000000000000000000e+00
0.000000000000000000e+00
0.000000000000000000e+00
0.000000000000000000e+00
0.000000000000000000e+00
0.000000000000000000e+00
0.000000000000000000e+00
0.000000000000000000e+00
0.000000000000000000e+00
0.000000000000000000e+00
0.000000000000000000e+00
0.000000000000000000e+00
0.000000000000000000e+00
0.000000000000000000e+00
0.000000000000000000e+00
0.000000000000000000e+00
0.000000000000000000e+00
0.000000000000000000e+00
0.000000000000000000e+00
0.000000000000000000e+00
0.000000000000000000e+00
0.000000000000000000e+00
0.000000000000000000e+00
0.000000000000000000e+00
0.000000000000000000e+00
0.000000000000000000e+00
0.000000000000000000e+00
0.000000000000000000e+00
0.000000000000000000e+00
0.000000000000000000e+00
0.000000000000000000e+00
0.000000000000000000e+00
0.000000000000000000e+00
0.000000000000000000e+00
0.000000000000000000e+00
0.000000000000000000e+00
0.000000000000000000e+00
0.000000000000000000e+00
0.000000000000000000e+00
0.000000000000000000e+00
0.000000000000000000e+00
0.000000000000000000e+00
0.000000000000000000e+00
0.000000000000000000e+00
0.000000000000000000e+00
0.000000000000000000e+00
0.000000000000000000e+00
0.000000000000000000e+00
0.000000000000000000e+00
0.000000000000000000e+00
0.000000000000000000e+00
0.000000000000000000e+00
0.000000000000000000e+00
0.000000000000000000e+00
0.000000000000000000e+00
0.000000000000000000e+00
0.000000000000000000e+00
0.000000000000000000e+00
0.000000000000000000e+00
0.000000000000000000e+00
0.000000000000000000e+00
0.000000000000000000e+00
0.000000000000000000e+00
0.000000000000000000e+00
0.000000000000000000e+00
0.000000000000000000e+00
0.000000000000000000e+00
0.000000000000000000e+00
0.000000000000000000e+00
0.000000000000000000e+00
0.000000000000000000e+00
0.000000000000000000e+00
0.000000000000000000e+00
0.000000000000000000e+00
0.000000000000000000e+00
0.000000000000000000e+00
0.000000000000000000e+00
0.000000000000000000e+00
0.000000000000000000e+00
0.000000000000000000e+00
0.000000000000000000e+00
0.000000000000000000e+00
0.000000000000000000e+00
0.000000000000000000e+00
0.000000000000000000e+00
0.000000000000000000e+00
0.000000000000000000e+00
0.000000000000000000e+00
0.000000000000000000e+00
0.000000000000000000e+00
0.000000000000000000e+00
0.000000000000000000e+00
0.000000000000000000e+00
0.000000000000000000e+00
0.000000000000000000e+00
0.000000000000000000e+00
0.000000000000000000e+00
0.000000000000000000e+00
0.000000000000000000e+00
0.000000000000000000e+00
0.000000000000000000e+00
0.000000000000000000e+00
0.000000000000000000e+00
0.000000000000000000e+00
0.000000000000000000e+00
0.000000000000000000e+00
0.000000000000000000e+00
0.000000000000000000e+00
0.000000000000000000e+00
0.000000000000000000e+00
0.000000000000000000e+00
0.000000000000000000e+00
0.000000000000000000e+00
0.000000000000000000e+00
0.000000000000000000e+00
0.000000000000000000e+00
0.000000000000000000e+00
0.000000000000000000e+00
0.000000000000000000e+00
0.000000000000000000e+00
0.000000000000000000e+00
0.000000000000000000e+00
0.000000000000000000e+00
0.000000000000000000e+00
0.000000000000000000e+00
0.000000000000000000e+00
0.000000000000000000e+00
0.000000000000000000e+00
0.000000000000000000e+00
0.000000000000000000e+00
0.000000000000000000e+00
0.000000000000000000e+00
0.000000000000000000e+00
0.000000000000000000e+00
0.000000000000000000e+00
0.000000000000000000e+00
0.000000000000000000e+00
0.000000000000000000e+00
0.000000000000000000e+00
0.000000000000000000e+00
0.000000000000000000e+00
0.000000000000000000e+00
0.000000000000000000e+00
0.000000000000000000e+00
0.000000000000000000e+00
0.000000000000000000e+00
0.000000000000000000e+00
0.000000000000000000e+00
0.000000000000000000e+00
0.000000000000000000e+00
0.000000000000000000e+00
0.000000000000000000e+00
0.000000000000000000e+00
0.000000000000000000e+00
0.000000000000000000e+00
0.000000000000000000e+00
0.000000000000000000e+00
0.000000000000000000e+00
0.000000000000000000e+00
0.000000000000000000e+00
0.000000000000000000e+00
0.000000000000000000e+00
0.000000000000000000e+00
0.000000000000000000e+00
0.000000000000000000e+00
0.000000000000000000e+00
0.000000000000000000e+00
0.000000000000000000e+00
0.000000000000000000e+00
0.000000000000000000e+00
0.000000000000000000e+00
0.000000000000000000e+00
0.000000000000000000e+00
0.000000000000000000e+00
0.000000000000000000e+00
0.000000000000000000e+00
0.000000000000000000e+00
0.000000000000000000e+00
0.000000000000000000e+00
0.000000000000000000e+00
0.000000000000000000e+00
0.000000000000000000e+00
0.000000000000000000e+00
0.000000000000000000e+00
0.000000000000000000e+00
0.000000000000000000e+00
0.000000000000000000e+00
0.000000000000000000e+00
0.000000000000000000e+00
0.000000000000000000e+00
0.000000000000000000e+00
0.000000000000000000e+00
0.000000000000000000e+00
0.000000000000000000e+00
0.000000000000000000e+00
0.000000000000000000e+00
0.000000000000000000e+00
0.000000000000000000e+00
0.000000000000000000e+00
0.000000000000000000e+00
0.000000000000000000e+00
0.000000000000000000e+00
0.000000000000000000e+00
0.000000000000000000e+00
0.000000000000000000e+00
0.000000000000000000e+00
0.000000000000000000e+00
0.000000000000000000e+00
0.000000000000000000e+00
0.000000000000000000e+00
0.000000000000000000e+00
0.000000000000000000e+00
0.000000000000000000e+00
0.000000000000000000e+00
0.000000000000000000e+00
0.000000000000000000e+00
0.000000000000000000e+00
0.000000000000000000e+00
0.000000000000000000e+00
0.000000000000000000e+00
0.000000000000000000e+00
0.000000000000000000e+00
0.000000000000000000e+00
0.000000000000000000e+00
0.000000000000000000e+00
0.000000000000000000e+00
0.000000000000000000e+00
0.000000000000000000e+00
0.000000000000000000e+00
0.000000000000000000e+00
0.000000000000000000e+00
0.000000000000000000e+00
0.000000000000000000e+00
0.000000000000000000e+00
0.000000000000000000e+00
0.000000000000000000e+00
0.000000000000000000e+00
0.000000000000000000e+00
0.000000000000000000e+00
0.000000000000000000e+00
0.000000000000000000e+00
0.000000000000000000e+00
0.000000000000000000e+00
0.000000000000000000e+00
0.000000000000000000e+00
0.000000000000000000e+00
0.000000000000000000e+00
0.000000000000000000e+00
0.000000000000000000e+00
0.000000000000000000e+00
0.000000000000000000e+00
0.000000000000000000e+00
0.000000000000000000e+00
0.000000000000000000e+00
0.000000000000000000e+00
0.000000000000000000e+00
0.000000000000000000e+00
0.000000000000000000e+00
0.000000000000000000e+00
0.000000000000000000e+00
0.000000000000000000e+00
0.000000000000000000e+00
0.000000000000000000e+00
0.000000000000000000e+00
0.000000000000000000e+00
0.000000000000000000e+00
0.000000000000000000e+00
0.000000000000000000e+00
0.000000000000000000e+00
0.000000000000000000e+00
0.000000000000000000e+00
0.000000000000000000e+00
0.000000000000000000e+00
0.000000000000000000e+00
0.000000000000000000e+00
0.000000000000000000e+00
0.000000000000000000e+00
0.000000000000000000e+00
0.000000000000000000e+00
0.000000000000000000e+00
0.000000000000000000e+00
0.000000000000000000e+00
0.000000000000000000e+00
0.000000000000000000e+00
0.000000000000000000e+00
0.000000000000000000e+00
0.000000000000000000e+00
0.000000000000000000e+00
0.000000000000000000e+00
0.000000000000000000e+00
0.000000000000000000e+00
0.000000000000000000e+00
0.000000000000000000e+00
0.000000000000000000e+00
0.000000000000000000e+00
0.000000000000000000e+00
0.000000000000000000e+00
0.000000000000000000e+00
0.000000000000000000e+00
0.000000000000000000e+00
0.000000000000000000e+00
0.000000000000000000e+00
0.000000000000000000e+00
0.000000000000000000e+00
0.000000000000000000e+00
0.000000000000000000e+00
0.000000000000000000e+00
0.000000000000000000e+00
0.000000000000000000e+00
0.000000000000000000e+00
0.000000000000000000e+00
0.000000000000000000e+00
0.000000000000000000e+00
0.000000000000000000e+00
0.000000000000000000e+00
0.000000000000000000e+00
0.000000000000000000e+00
0.000000000000000000e+00
0.000000000000000000e+00
0.000000000000000000e+00
0.000000000000000000e+00
0.000000000000000000e+00
0.000000000000000000e+00
0.000000000000000000e+00
0.000000000000000000e+00
0.000000000000000000e+00
0.000000000000000000e+00
0.000000000000000000e+00
0.000000000000000000e+00
0.000000000000000000e+00
0.000000000000000000e+00
0.000000000000000000e+00
0.000000000000000000e+00
0.000000000000000000e+00
0.000000000000000000e+00
0.000000000000000000e+00
0.000000000000000000e+00
0.000000000000000000e+00
0.000000000000000000e+00
0.000000000000000000e+00
0.000000000000000000e+00
0.000000000000000000e+00
0.000000000000000000e+00
0.000000000000000000e+00
0.000000000000000000e+00
0.000000000000000000e+00
0.000000000000000000e+00
0.000000000000000000e+00
0.000000000000000000e+00
0.000000000000000000e+00
0.000000000000000000e+00
0.000000000000000000e+00
0.000000000000000000e+00
0.000000000000000000e+00
0.000000000000000000e+00
0.000000000000000000e+00
0.000000000000000000e+00
0.000000000000000000e+00
0.000000000000000000e+00
0.000000000000000000e+00
0.000000000000000000e+00
0.000000000000000000e+00
0.000000000000000000e+00
0.000000000000000000e+00
0.000000000000000000e+00
0.000000000000000000e+00
0.000000000000000000e+00
0.000000000000000000e+00
0.000000000000000000e+00
0.000000000000000000e+00
0.000000000000000000e+00
0.000000000000000000e+00
0.000000000000000000e+00
0.000000000000000000e+00
0.000000000000000000e+00
0.000000000000000000e+00
0.000000000000000000e+00
0.000000000000000000e+00
0.000000000000000000e+00
0.000000000000000000e+00
0.000000000000000000e+00
0.000000000000000000e+00
0.000000000000000000e+00
0.000000000000000000e+00
0.000000000000000000e+00
0.000000000000000000e+00
0.000000000000000000e+00
0.000000000000000000e+00
0.000000000000000000e+00
0.000000000000000000e+00
0.000000000000000000e+00
0.000000000000000000e+00
0.000000000000000000e+00
0.000000000000000000e+00
0.000000000000000000e+00
0.000000000000000000e+00
0.000000000000000000e+00
0.000000000000000000e+00
0.000000000000000000e+00
0.000000000000000000e+00
0.000000000000000000e+00
0.000000000000000000e+00
0.000000000000000000e+00
0.000000000000000000e+00
0.000000000000000000e+00
0.000000000000000000e+00
0.000000000000000000e+00
0.000000000000000000e+00
0.000000000000000000e+00
0.000000000000000000e+00
0.000000000000000000e+00
0.000000000000000000e+00
0.000000000000000000e+00
0.000000000000000000e+00
0.000000000000000000e+00
0.000000000000000000e+00
0.000000000000000000e+00
0.000000000000000000e+00
0.000000000000000000e+00
0.000000000000000000e+00
0.000000000000000000e+00
0.000000000000000000e+00
0.000000000000000000e+00
0.000000000000000000e+00
0.000000000000000000e+00
0.000000000000000000e+00
0.000000000000000000e+00
0.000000000000000000e+00
0.000000000000000000e+00
0.000000000000000000e+00
0.000000000000000000e+00
0.000000000000000000e+00
0.000000000000000000e+00
0.000000000000000000e+00
0.000000000000000000e+00
0.000000000000000000e+00
0.000000000000000000e+00
0.000000000000000000e+00
0.000000000000000000e+00
0.000000000000000000e+00
0.000000000000000000e+00
0.000000000000000000e+00
0.000000000000000000e+00
0.000000000000000000e+00
0.000000000000000000e+00
0.000000000000000000e+00
0.000000000000000000e+00
0.000000000000000000e+00
0.000000000000000000e+00
0.000000000000000000e+00
0.000000000000000000e+00
0.000000000000000000e+00
0.000000000000000000e+00
0.000000000000000000e+00
0.000000000000000000e+00
0.000000000000000000e+00
0.000000000000000000e+00
0.000000000000000000e+00
0.000000000000000000e+00
0.000000000000000000e+00
0.000000000000000000e+00
0.000000000000000000e+00
0.000000000000000000e+00
0.000000000000000000e+00
0.000000000000000000e+00
0.000000000000000000e+00
0.000000000000000000e+00
0.000000000000000000e+00
0.000000000000000000e+00
0.000000000000000000e+00
0.000000000000000000e+00
0.000000000000000000e+00
0.000000000000000000e+00
0.000000000000000000e+00
0.000000000000000000e+00
0.000000000000000000e+00
0.000000000000000000e+00
0.000000000000000000e+00
0.000000000000000000e+00
0.000000000000000000e+00
0.000000000000000000e+00
0.000000000000000000e+00
0.000000000000000000e+00
0.000000000000000000e+00
0.000000000000000000e+00
0.000000000000000000e+00
0.000000000000000000e+00
0.000000000000000000e+00
0.000000000000000000e+00
0.000000000000000000e+00
0.000000000000000000e+00
0.000000000000000000e+00
0.000000000000000000e+00
0.000000000000000000e+00
0.000000000000000000e+00
0.000000000000000000e+00
0.000000000000000000e+00
0.000000000000000000e+00
0.000000000000000000e+00
0.000000000000000000e+00
0.000000000000000000e+00
0.000000000000000000e+00
0.000000000000000000e+00
0.000000000000000000e+00
0.000000000000000000e+00
0.000000000000000000e+00
0.000000000000000000e+00
0.000000000000000000e+00
0.000000000000000000e+00
0.000000000000000000e+00
0.000000000000000000e+00
0.000000000000000000e+00
0.000000000000000000e+00
0.000000000000000000e+00
0.000000000000000000e+00
0.000000000000000000e+00
0.000000000000000000e+00
0.000000000000000000e+00
0.000000000000000000e+00
0.000000000000000000e+00
0.000000000000000000e+00
0.000000000000000000e+00
0.000000000000000000e+00
0.000000000000000000e+00
0.000000000000000000e+00
0.000000000000000000e+00
0.000000000000000000e+00
0.000000000000000000e+00
0.000000000000000000e+00
0.000000000000000000e+00
0.000000000000000000e+00
0.000000000000000000e+00
0.000000000000000000e+00
0.000000000000000000e+00
0.000000000000000000e+00
0.000000000000000000e+00
0.000000000000000000e+00
0.000000000000000000e+00
0.000000000000000000e+00
0.000000000000000000e+00
0.000000000000000000e+00
0.000000000000000000e+00
0.000000000000000000e+00
0.000000000000000000e+00
0.000000000000000000e+00
0.000000000000000000e+00
0.000000000000000000e+00
0.000000000000000000e+00
0.000000000000000000e+00
0.000000000000000000e+00
0.000000000000000000e+00
0.000000000000000000e+00
0.000000000000000000e+00
0.000000000000000000e+00
0.000000000000000000e+00
0.000000000000000000e+00
0.000000000000000000e+00
0.000000000000000000e+00
0.000000000000000000e+00
0.000000000000000000e+00
0.000000000000000000e+00
0.000000000000000000e+00
0.000000000000000000e+00
0.000000000000000000e+00
0.000000000000000000e+00
0.000000000000000000e+00
0.000000000000000000e+00
0.000000000000000000e+00
0.000000000000000000e+00
0.000000000000000000e+00
0.000000000000000000e+00
0.000000000000000000e+00
0.000000000000000000e+00
0.000000000000000000e+00
0.000000000000000000e+00
0.000000000000000000e+00
0.000000000000000000e+00
0.000000000000000000e+00
0.000000000000000000e+00
0.000000000000000000e+00
0.000000000000000000e+00
0.000000000000000000e+00
0.000000000000000000e+00
0.000000000000000000e+00
0.000000000000000000e+00
0.000000000000000000e+00
0.000000000000000000e+00
0.000000000000000000e+00
0.000000000000000000e+00
0.000000000000000000e+00
0.000000000000000000e+00
0.000000000000000000e+00
0.000000000000000000e+00
0.000000000000000000e+00
0.000000000000000000e+00
0.000000000000000000e+00
0.000000000000000000e+00
0.000000000000000000e+00
0.000000000000000000e+00
0.000000000000000000e+00
0.000000000000000000e+00
0.000000000000000000e+00
0.000000000000000000e+00
0.000000000000000000e+00
0.000000000000000000e+00
0.000000000000000000e+00
0.000000000000000000e+00
0.000000000000000000e+00
0.000000000000000000e+00
0.000000000000000000e+00
0.000000000000000000e+00
0.000000000000000000e+00
0.000000000000000000e+00
0.000000000000000000e+00
0.000000000000000000e+00
0.000000000000000000e+00
0.000000000000000000e+00
0.000000000000000000e+00
0.000000000000000000e+00
0.000000000000000000e+00
0.000000000000000000e+00
0.000000000000000000e+00
0.000000000000000000e+00
0.000000000000000000e+00
0.000000000000000000e+00
0.000000000000000000e+00
0.000000000000000000e+00
0.000000000000000000e+00
0.000000000000000000e+00
0.000000000000000000e+00
0.000000000000000000e+00
0.000000000000000000e+00
0.000000000000000000e+00
0.000000000000000000e+00
0.000000000000000000e+00
0.000000000000000000e+00
0.000000000000000000e+00
0.000000000000000000e+00
0.000000000000000000e+00
0.000000000000000000e+00
0.000000000000000000e+00
0.000000000000000000e+00
0.000000000000000000e+00
0.000000000000000000e+00
0.000000000000000000e+00
0.000000000000000000e+00
0.000000000000000000e+00
0.000000000000000000e+00
0.000000000000000000e+00
0.000000000000000000e+00
0.000000000000000000e+00
0.000000000000000000e+00
0.000000000000000000e+00
0.000000000000000000e+00
0.000000000000000000e+00
0.000000000000000000e+00
0.000000000000000000e+00
0.000000000000000000e+00
0.000000000000000000e+00
0.000000000000000000e+00
0.000000000000000000e+00
0.000000000000000000e+00
0.000000000000000000e+00
0.000000000000000000e+00
0.000000000000000000e+00
0.000000000000000000e+00
0.000000000000000000e+00
0.000000000000000000e+00
0.000000000000000000e+00
0.000000000000000000e+00
0.000000000000000000e+00
0.000000000000000000e+00
0.000000000000000000e+00
0.000000000000000000e+00
0.000000000000000000e+00
0.000000000000000000e+00
0.000000000000000000e+00
0.000000000000000000e+00
0.000000000000000000e+00
0.000000000000000000e+00
0.000000000000000000e+00
0.000000000000000000e+00
0.000000000000000000e+00
0.000000000000000000e+00
0.000000000000000000e+00
0.000000000000000000e+00
0.000000000000000000e+00
0.000000000000000000e+00
0.000000000000000000e+00
0.000000000000000000e+00
0.000000000000000000e+00
0.000000000000000000e+00
0.000000000000000000e+00
0.000000000000000000e+00
0.000000000000000000e+00
0.000000000000000000e+00
0.000000000000000000e+00
0.000000000000000000e+00
0.000000000000000000e+00
0.000000000000000000e+00
0.000000000000000000e+00
0.000000000000000000e+00
0.000000000000000000e+00
0.000000000000000000e+00
0.000000000000000000e+00
0.000000000000000000e+00
0.000000000000000000e+00
0.000000000000000000e+00
0.000000000000000000e+00
0.000000000000000000e+00
0.000000000000000000e+00
0.000000000000000000e+00
0.000000000000000000e+00
0.000000000000000000e+00
0.000000000000000000e+00
0.000000000000000000e+00
0.000000000000000000e+00
0.000000000000000000e+00
0.000000000000000000e+00
0.000000000000000000e+00
0.000000000000000000e+00
0.000000000000000000e+00
0.000000000000000000e+00
0.000000000000000000e+00
0.000000000000000000e+00
0.000000000000000000e+00
0.000000000000000000e+00
0.000000000000000000e+00
0.000000000000000000e+00
0.000000000000000000e+00
0.000000000000000000e+00
0.000000000000000000e+00
0.000000000000000000e+00
0.000000000000000000e+00
0.000000000000000000e+00
0.000000000000000000e+00
0.000000000000000000e+00
0.000000000000000000e+00
0.000000000000000000e+00
0.000000000000000000e+00
0.000000000000000000e+00
0.000000000000000000e+00
0.000000000000000000e+00
0.000000000000000000e+00
0.000000000000000000e+00
0.000000000000000000e+00
0.000000000000000000e+00
0.000000000000000000e+00
0.000000000000000000e+00
0.000000000000000000e+00
0.000000000000000000e+00
0.000000000000000000e+00
0.000000000000000000e+00
0.000000000000000000e+00
0.000000000000000000e+00
0.000000000000000000e+00
0.000000000000000000e+00
0.000000000000000000e+00
0.000000000000000000e+00
0.000000000000000000e+00
0.000000000000000000e+00
0.000000000000000000e+00
0.000000000000000000e+00
0.000000000000000000e+00
0.000000000000000000e+00
0.000000000000000000e+00
0.000000000000000000e+00
0.000000000000000000e+00
0.000000000000000000e+00
0.000000000000000000e+00
0.000000000000000000e+00
0.000000000000000000e+00
0.000000000000000000e+00
0.000000000000000000e+00
0.000000000000000000e+00
0.000000000000000000e+00
0.000000000000000000e+00
0.000000000000000000e+00
0.000000000000000000e+00
0.000000000000000000e+00
0.000000000000000000e+00
0.000000000000000000e+00
0.000000000000000000e+00
0.000000000000000000e+00
0.000000000000000000e+00
0.000000000000000000e+00
0.000000000000000000e+00
0.000000000000000000e+00
0.000000000000000000e+00
0.000000000000000000e+00
0.000000000000000000e+00
0.000000000000000000e+00
0.000000000000000000e+00
0.000000000000000000e+00
0.000000000000000000e+00
0.000000000000000000e+00
0.000000000000000000e+00
0.000000000000000000e+00
0.000000000000000000e+00
0.000000000000000000e+00
0.000000000000000000e+00
0.000000000000000000e+00
0.000000000000000000e+00
0.000000000000000000e+00
0.000000000000000000e+00
0.000000000000000000e+00
0.000000000000000000e+00
0.000000000000000000e+00
0.000000000000000000e+00
0.000000000000000000e+00
0.000000000000000000e+00
0.000000000000000000e+00
0.000000000000000000e+00
0.000000000000000000e+00
0.000000000000000000e+00
0.000000000000000000e+00
0.000000000000000000e+00
0.000000000000000000e+00
0.000000000000000000e+00
0.000000000000000000e+00
0.000000000000000000e+00
0.000000000000000000e+00
0.000000000000000000e+00
0.000000000000000000e+00
0.000000000000000000e+00
0.000000000000000000e+00
0.000000000000000000e+00
0.000000000000000000e+00
0.000000000000000000e+00
0.000000000000000000e+00
0.000000000000000000e+00
0.000000000000000000e+00
0.000000000000000000e+00
0.000000000000000000e+00
0.000000000000000000e+00
0.000000000000000000e+00
0.000000000000000000e+00
0.000000000000000000e+00
0.000000000000000000e+00
0.000000000000000000e+00
0.000000000000000000e+00
0.000000000000000000e+00
0.000000000000000000e+00
0.000000000000000000e+00
0.000000000000000000e+00
0.000000000000000000e+00
0.000000000000000000e+00
0.000000000000000000e+00
0.000000000000000000e+00
0.000000000000000000e+00
0.000000000000000000e+00
0.000000000000000000e+00
0.000000000000000000e+00
0.000000000000000000e+00
0.000000000000000000e+00
0.000000000000000000e+00
0.000000000000000000e+00
0.000000000000000000e+00
0.000000000000000000e+00
0.000000000000000000e+00
0.000000000000000000e+00
0.000000000000000000e+00
0.000000000000000000e+00
0.000000000000000000e+00
0.000000000000000000e+00
0.000000000000000000e+00
0.000000000000000000e+00
0.000000000000000000e+00
0.000000000000000000e+00
0.000000000000000000e+00
0.000000000000000000e+00
0.000000000000000000e+00
0.000000000000000000e+00
0.000000000000000000e+00
0.000000000000000000e+00
0.000000000000000000e+00
0.000000000000000000e+00
0.000000000000000000e+00
0.000000000000000000e+00
0.000000000000000000e+00
0.000000000000000000e+00
0.000000000000000000e+00
0.000000000000000000e+00
0.000000000000000000e+00
0.000000000000000000e+00
0.000000000000000000e+00
0.000000000000000000e+00
0.000000000000000000e+00
0.000000000000000000e+00
0.000000000000000000e+00
0.000000000000000000e+00
0.000000000000000000e+00
0.000000000000000000e+00
0.000000000000000000e+00
0.000000000000000000e+00
0.000000000000000000e+00
0.000000000000000000e+00
0.000000000000000000e+00
0.000000000000000000e+00
0.000000000000000000e+00
0.000000000000000000e+00
0.000000000000000000e+00
0.000000000000000000e+00
0.000000000000000000e+00
0.000000000000000000e+00
0.000000000000000000e+00
0.000000000000000000e+00
0.000000000000000000e+00
0.000000000000000000e+00
0.000000000000000000e+00
0.000000000000000000e+00
0.000000000000000000e+00
0.000000000000000000e+00
0.000000000000000000e+00
0.000000000000000000e+00
0.000000000000000000e+00
0.000000000000000000e+00
0.000000000000000000e+00
0.000000000000000000e+00
0.000000000000000000e+00
0.000000000000000000e+00
0.000000000000000000e+00
0.000000000000000000e+00
0.000000000000000000e+00
0.000000000000000000e+00
0.000000000000000000e+00
0.000000000000000000e+00
0.000000000000000000e+00
0.000000000000000000e+00
0.000000000000000000e+00
0.000000000000000000e+00
0.000000000000000000e+00
0.000000000000000000e+00
0.000000000000000000e+00
0.000000000000000000e+00
0.000000000000000000e+00
0.000000000000000000e+00
0.000000000000000000e+00
0.000000000000000000e+00
0.000000000000000000e+00
0.000000000000000000e+00
0.000000000000000000e+00
0.000000000000000000e+00
0.000000000000000000e+00
0.000000000000000000e+00
0.000000000000000000e+00
0.000000000000000000e+00
0.000000000000000000e+00
0.000000000000000000e+00
0.000000000000000000e+00
0.000000000000000000e+00
0.000000000000000000e+00
0.000000000000000000e+00
0.000000000000000000e+00
0.000000000000000000e+00
0.000000000000000000e+00
0.000000000000000000e+00
0.000000000000000000e+00
0.000000000000000000e+00
0.000000000000000000e+00
0.000000000000000000e+00
0.000000000000000000e+00
0.000000000000000000e+00
0.000000000000000000e+00
0.000000000000000000e+00
0.000000000000000000e+00
0.000000000000000000e+00
0.000000000000000000e+00
0.000000000000000000e+00
0.000000000000000000e+00
0.000000000000000000e+00
0.000000000000000000e+00
0.000000000000000000e+00
0.000000000000000000e+00
0.000000000000000000e+00
0.000000000000000000e+00
0.000000000000000000e+00
0.000000000000000000e+00
0.000000000000000000e+00
0.000000000000000000e+00
0.000000000000000000e+00
0.000000000000000000e+00
0.000000000000000000e+00
0.000000000000000000e+00
0.000000000000000000e+00
0.000000000000000000e+00
0.000000000000000000e+00
0.000000000000000000e+00
0.000000000000000000e+00
0.000000000000000000e+00
0.000000000000000000e+00
0.000000000000000000e+00
0.000000000000000000e+00
0.000000000000000000e+00
0.000000000000000000e+00
0.000000000000000000e+00
0.000000000000000000e+00
0.000000000000000000e+00
0.000000000000000000e+00
0.000000000000000000e+00
0.000000000000000000e+00
0.000000000000000000e+00
0.000000000000000000e+00
0.000000000000000000e+00
0.000000000000000000e+00
0.000000000000000000e+00
0.000000000000000000e+00
0.000000000000000000e+00
0.000000000000000000e+00
0.000000000000000000e+00
0.000000000000000000e+00
0.000000000000000000e+00
0.000000000000000000e+00
0.000000000000000000e+00
0.000000000000000000e+00
0.000000000000000000e+00
0.000000000000000000e+00
0.000000000000000000e+00
0.000000000000000000e+00
0.000000000000000000e+00
0.000000000000000000e+00
0.000000000000000000e+00
0.000000000000000000e+00
0.000000000000000000e+00
0.000000000000000000e+00
0.000000000000000000e+00
0.000000000000000000e+00
0.000000000000000000e+00
0.000000000000000000e+00
0.000000000000000000e+00
0.000000000000000000e+00
0.000000000000000000e+00
0.000000000000000000e+00
0.000000000000000000e+00
0.000000000000000000e+00
0.000000000000000000e+00
0.000000000000000000e+00
0.000000000000000000e+00
0.000000000000000000e+00
0.000000000000000000e+00
0.000000000000000000e+00
0.000000000000000000e+00
0.000000000000000000e+00
0.000000000000000000e+00
0.000000000000000000e+00
0.000000000000000000e+00
0.000000000000000000e+00
0.000000000000000000e+00
0.000000000000000000e+00
0.000000000000000000e+00
0.000000000000000000e+00
0.000000000000000000e+00
0.000000000000000000e+00
0.000000000000000000e+00
0.000000000000000000e+00
0.000000000000000000e+00
0.000000000000000000e+00
0.000000000000000000e+00
0.000000000000000000e+00
0.000000000000000000e+00
0.000000000000000000e+00
0.000000000000000000e+00
0.000000000000000000e+00
0.000000000000000000e+00
0.000000000000000000e+00
0.000000000000000000e+00
0.000000000000000000e+00
0.000000000000000000e+00
0.000000000000000000e+00
0.000000000000000000e+00
0.000000000000000000e+00
0.000000000000000000e+00
0.000000000000000000e+00
0.000000000000000000e+00
0.000000000000000000e+00
0.000000000000000000e+00
0.000000000000000000e+00
0.000000000000000000e+00
0.000000000000000000e+00
0.000000000000000000e+00
0.000000000000000000e+00
0.000000000000000000e+00
0.000000000000000000e+00
0.000000000000000000e+00
0.000000000000000000e+00
0.000000000000000000e+00
0.000000000000000000e+00
0.000000000000000000e+00
0.000000000000000000e+00
0.000000000000000000e+00
0.000000000000000000e+00
0.000000000000000000e+00
0.000000000000000000e+00
0.000000000000000000e+00
0.000000000000000000e+00
0.000000000000000000e+00
0.000000000000000000e+00
0.000000000000000000e+00
0.000000000000000000e+00
0.000000000000000000e+00
0.000000000000000000e+00
0.000000000000000000e+00
0.000000000000000000e+00
0.000000000000000000e+00
0.000000000000000000e+00
0.000000000000000000e+00
0.000000000000000000e+00
0.000000000000000000e+00
0.000000000000000000e+00
0.000000000000000000e+00
0.000000000000000000e+00
0.000000000000000000e+00
0.000000000000000000e+00
0.000000000000000000e+00
0.000000000000000000e+00
0.000000000000000000e+00
0.000000000000000000e+00
0.000000000000000000e+00
0.000000000000000000e+00
0.000000000000000000e+00
0.000000000000000000e+00
0.000000000000000000e+00
0.000000000000000000e+00
0.000000000000000000e+00
0.000000000000000000e+00
0.000000000000000000e+00
0.000000000000000000e+00
0.000000000000000000e+00
0.000000000000000000e+00
0.000000000000000000e+00
0.000000000000000000e+00
0.000000000000000000e+00
0.000000000000000000e+00
0.000000000000000000e+00
0.000000000000000000e+00
0.000000000000000000e+00
0.000000000000000000e+00
0.000000000000000000e+00
0.000000000000000000e+00
0.000000000000000000e+00
0.000000000000000000e+00
0.000000000000000000e+00
0.000000000000000000e+00
0.000000000000000000e+00
0.000000000000000000e+00
0.000000000000000000e+00
0.000000000000000000e+00
0.000000000000000000e+00
0.000000000000000000e+00
0.000000000000000000e+00
0.000000000000000000e+00
0.000000000000000000e+00
0.000000000000000000e+00
0.000000000000000000e+00
0.000000000000000000e+00
0.000000000000000000e+00
0.000000000000000000e+00
0.000000000000000000e+00
0.000000000000000000e+00
0.000000000000000000e+00
0.000000000000000000e+00
0.000000000000000000e+00
0.000000000000000000e+00
0.000000000000000000e+00
0.000000000000000000e+00
0.000000000000000000e+00
0.000000000000000000e+00
0.000000000000000000e+00
0.000000000000000000e+00
0.000000000000000000e+00
0.000000000000000000e+00
0.000000000000000000e+00
0.000000000000000000e+00
0.000000000000000000e+00
0.000000000000000000e+00
0.000000000000000000e+00
0.000000000000000000e+00
0.000000000000000000e+00
0.000000000000000000e+00
0.000000000000000000e+00
0.000000000000000000e+00
0.000000000000000000e+00
0.000000000000000000e+00
0.000000000000000000e+00
0.000000000000000000e+00
0.000000000000000000e+00
0.000000000000000000e+00
0.000000000000000000e+00
0.000000000000000000e+00
0.000000000000000000e+00
0.000000000000000000e+00
0.000000000000000000e+00
0.000000000000000000e+00
0.000000000000000000e+00
0.000000000000000000e+00
0.000000000000000000e+00
0.000000000000000000e+00
0.000000000000000000e+00
0.000000000000000000e+00
0.000000000000000000e+00
0.000000000000000000e+00
0.000000000000000000e+00
0.000000000000000000e+00
0.000000000000000000e+00
0.000000000000000000e+00
0.000000000000000000e+00
0.000000000000000000e+00
0.000000000000000000e+00
0.000000000000000000e+00
0.000000000000000000e+00
0.000000000000000000e+00
0.000000000000000000e+00
0.000000000000000000e+00
0.000000000000000000e+00
0.000000000000000000e+00
0.000000000000000000e+00
0.000000000000000000e+00
0.000000000000000000e+00
0.000000000000000000e+00
0.000000000000000000e+00
0.000000000000000000e+00
0.000000000000000000e+00
0.000000000000000000e+00
0.000000000000000000e+00
0.000000000000000000e+00
0.000000000000000000e+00
0.000000000000000000e+00
0.000000000000000000e+00
0.000000000000000000e+00
0.000000000000000000e+00
0.000000000000000000e+00
0.000000000000000000e+00
0.000000000000000000e+00
0.000000000000000000e+00
0.000000000000000000e+00
0.000000000000000000e+00
0.000000000000000000e+00
0.000000000000000000e+00
0.000000000000000000e+00
0.000000000000000000e+00
0.000000000000000000e+00
0.000000000000000000e+00
0.000000000000000000e+00
0.000000000000000000e+00
0.000000000000000000e+00
0.000000000000000000e+00
0.000000000000000000e+00
0.000000000000000000e+00
0.000000000000000000e+00
0.000000000000000000e+00
0.000000000000000000e+00
0.000000000000000000e+00
0.000000000000000000e+00
0.000000000000000000e+00
0.000000000000000000e+00
0.000000000000000000e+00
0.000000000000000000e+00
0.000000000000000000e+00
0.000000000000000000e+00
0.000000000000000000e+00
0.000000000000000000e+00
0.000000000000000000e+00
0.000000000000000000e+00
0.000000000000000000e+00
0.000000000000000000e+00
0.000000000000000000e+00
0.000000000000000000e+00
0.000000000000000000e+00
0.000000000000000000e+00
0.000000000000000000e+00
0.000000000000000000e+00
0.000000000000000000e+00
0.000000000000000000e+00
0.000000000000000000e+00
0.000000000000000000e+00
0.000000000000000000e+00
0.000000000000000000e+00
0.000000000000000000e+00
0.000000000000000000e+00
0.000000000000000000e+00
0.000000000000000000e+00
0.000000000000000000e+00
0.000000000000000000e+00
0.000000000000000000e+00
0.000000000000000000e+00
0.000000000000000000e+00
0.000000000000000000e+00
0.000000000000000000e+00
0.000000000000000000e+00
0.000000000000000000e+00
0.000000000000000000e+00
0.000000000000000000e+00
0.000000000000000000e+00
0.000000000000000000e+00
0.000000000000000000e+00
0.000000000000000000e+00
0.000000000000000000e+00
0.000000000000000000e+00
0.000000000000000000e+00
0.000000000000000000e+00
0.000000000000000000e+00
0.000000000000000000e+00
0.000000000000000000e+00
0.000000000000000000e+00
0.000000000000000000e+00
0.000000000000000000e+00
0.000000000000000000e+00
0.000000000000000000e+00
0.000000000000000000e+00
0.000000000000000000e+00
0.000000000000000000e+00
0.000000000000000000e+00
0.000000000000000000e+00
0.000000000000000000e+00
0.000000000000000000e+00
0.000000000000000000e+00
0.000000000000000000e+00
0.000000000000000000e+00
0.000000000000000000e+00
0.000000000000000000e+00
0.000000000000000000e+00
0.000000000000000000e+00
0.000000000000000000e+00
0.000000000000000000e+00
0.000000000000000000e+00
0.000000000000000000e+00
0.000000000000000000e+00
0.000000000000000000e+00
0.000000000000000000e+00
0.000000000000000000e+00
0.000000000000000000e+00
0.000000000000000000e+00
0.000000000000000000e+00
0.000000000000000000e+00
0.000000000000000000e+00
0.000000000000000000e+00
0.000000000000000000e+00
0.000000000000000000e+00
0.000000000000000000e+00
0.000000000000000000e+00
0.000000000000000000e+00
0.000000000000000000e+00
0.000000000000000000e+00
0.000000000000000000e+00
0.000000000000000000e+00
0.000000000000000000e+00
0.000000000000000000e+00
0.000000000000000000e+00
0.000000000000000000e+00
0.000000000000000000e+00
0.000000000000000000e+00
0.000000000000000000e+00
0.000000000000000000e+00
0.000000000000000000e+00
0.000000000000000000e+00
0.000000000000000000e+00
0.000000000000000000e+00
0.000000000000000000e+00
0.000000000000000000e+00
0.000000000000000000e+00
0.000000000000000000e+00
0.000000000000000000e+00
0.000000000000000000e+00
0.000000000000000000e+00
0.000000000000000000e+00
0.000000000000000000e+00
0.000000000000000000e+00
0.000000000000000000e+00
0.000000000000000000e+00
0.000000000000000000e+00
0.000000000000000000e+00
0.000000000000000000e+00
0.000000000000000000e+00
0.000000000000000000e+00
0.000000000000000000e+00
0.000000000000000000e+00
0.000000000000000000e+00
0.000000000000000000e+00
0.000000000000000000e+00
0.000000000000000000e+00
0.000000000000000000e+00
0.000000000000000000e+00
0.000000000000000000e+00
0.000000000000000000e+00
0.000000000000000000e+00
0.000000000000000000e+00
0.000000000000000000e+00
0.000000000000000000e+00
0.000000000000000000e+00
0.000000000000000000e+00
0.000000000000000000e+00
0.000000000000000000e+00
0.000000000000000000e+00
0.000000000000000000e+00
0.000000000000000000e+00
0.000000000000000000e+00
0.000000000000000000e+00
0.000000000000000000e+00
0.000000000000000000e+00
0.000000000000000000e+00
0.000000000000000000e+00
0.000000000000000000e+00
0.000000000000000000e+00
0.000000000000000000e+00
0.000000000000000000e+00
0.000000000000000000e+00
0.000000000000000000e+00
0.000000000000000000e+00
0.000000000000000000e+00
0.000000000000000000e+00
0.000000000000000000e+00
0.000000000000000000e+00
0.000000000000000000e+00
0.000000000000000000e+00
0.000000000000000000e+00
0.000000000000000000e+00
0.000000000000000000e+00
0.000000000000000000e+00
0.000000000000000000e+00
0.000000000000000000e+00
0.000000000000000000e+00
0.000000000000000000e+00
0.000000000000000000e+00
0.000000000000000000e+00
0.000000000000000000e+00
0.000000000000000000e+00
0.000000000000000000e+00
0.000000000000000000e+00
0.000000000000000000e+00
0.000000000000000000e+00
0.000000000000000000e+00
0.000000000000000000e+00
0.000000000000000000e+00
0.000000000000000000e+00
0.000000000000000000e+00
0.000000000000000000e+00
0.000000000000000000e+00
0.000000000000000000e+00
0.000000000000000000e+00
0.000000000000000000e+00
0.000000000000000000e+00
0.000000000000000000e+00
0.000000000000000000e+00
0.000000000000000000e+00
0.000000000000000000e+00
0.000000000000000000e+00
0.000000000000000000e+00
0.000000000000000000e+00
0.000000000000000000e+00
0.000000000000000000e+00
0.000000000000000000e+00
0.000000000000000000e+00
0.000000000000000000e+00
0.000000000000000000e+00
0.000000000000000000e+00
0.000000000000000000e+00
0.000000000000000000e+00
0.000000000000000000e+00
0.000000000000000000e+00
0.000000000000000000e+00
0.000000000000000000e+00
0.000000000000000000e+00
0.000000000000000000e+00
0.000000000000000000e+00
0.000000000000000000e+00
0.000000000000000000e+00
0.000000000000000000e+00
0.000000000000000000e+00
0.000000000000000000e+00
0.000000000000000000e+00
0.000000000000000000e+00
0.000000000000000000e+00
0.000000000000000000e+00
0.000000000000000000e+00
0.000000000000000000e+00
0.000000000000000000e+00
0.000000000000000000e+00
0.000000000000000000e+00
0.000000000000000000e+00
0.000000000000000000e+00
0.000000000000000000e+00
0.000000000000000000e+00
0.000000000000000000e+00
0.000000000000000000e+00
0.000000000000000000e+00
0.000000000000000000e+00
0.000000000000000000e+00
0.000000000000000000e+00
0.000000000000000000e+00
0.000000000000000000e+00
0.000000000000000000e+00
0.000000000000000000e+00
0.000000000000000000e+00
0.000000000000000000e+00
0.000000000000000000e+00
0.000000000000000000e+00
0.000000000000000000e+00
0.000000000000000000e+00
0.000000000000000000e+00
0.000000000000000000e+00
0.000000000000000000e+00
0.000000000000000000e+00
0.000000000000000000e+00
0.000000000000000000e+00
0.000000000000000000e+00
0.000000000000000000e+00
0.000000000000000000e+00
0.000000000000000000e+00
0.000000000000000000e+00
0.000000000000000000e+00
0.000000000000000000e+00
0.000000000000000000e+00
0.000000000000000000e+00
0.000000000000000000e+00
0.000000000000000000e+00
0.000000000000000000e+00
0.000000000000000000e+00
0.000000000000000000e+00
0.000000000000000000e+00
0.000000000000000000e+00
0.000000000000000000e+00
0.000000000000000000e+00
0.000000000000000000e+00
0.000000000000000000e+00
0.000000000000000000e+00
0.000000000000000000e+00
0.000000000000000000e+00
0.000000000000000000e+00
0.000000000000000000e+00
0.000000000000000000e+00
0.000000000000000000e+00
0.000000000000000000e+00
0.000000000000000000e+00
0.000000000000000000e+00
0.000000000000000000e+00
0.000000000000000000e+00
0.000000000000000000e+00
0.000000000000000000e+00
0.000000000000000000e+00
0.000000000000000000e+00
0.000000000000000000e+00
0.000000000000000000e+00
0.000000000000000000e+00
0.000000000000000000e+00
0.000000000000000000e+00
0.000000000000000000e+00
0.000000000000000000e+00
0.000000000000000000e+00
0.000000000000000000e+00
0.000000000000000000e+00
0.000000000000000000e+00
0.000000000000000000e+00
0.000000000000000000e+00
0.000000000000000000e+00
0.000000000000000000e+00
0.000000000000000000e+00
0.000000000000000000e+00
0.000000000000000000e+00
0.000000000000000000e+00
0.000000000000000000e+00
0.000000000000000000e+00
0.000000000000000000e+00
0.000000000000000000e+00
0.000000000000000000e+00
0.000000000000000000e+00
0.000000000000000000e+00
0.000000000000000000e+00
0.000000000000000000e+00
0.000000000000000000e+00
0.000000000000000000e+00
0.000000000000000000e+00
0.000000000000000000e+00
0.000000000000000000e+00
0.000000000000000000e+00
0.000000000000000000e+00
0.000000000000000000e+00
0.000000000000000000e+00
0.000000000000000000e+00
0.000000000000000000e+00
0.000000000000000000e+00
0.000000000000000000e+00
0.000000000000000000e+00
0.000000000000000000e+00
0.000000000000000000e+00
0.000000000000000000e+00
0.000000000000000000e+00
0.000000000000000000e+00
0.000000000000000000e+00
0.000000000000000000e+00
0.000000000000000000e+00
0.000000000000000000e+00
0.000000000000000000e+00
0.000000000000000000e+00
0.000000000000000000e+00
0.000000000000000000e+00
0.000000000000000000e+00
0.000000000000000000e+00
0.000000000000000000e+00
0.000000000000000000e+00
0.000000000000000000e+00
0.000000000000000000e+00
0.000000000000000000e+00
0.000000000000000000e+00
0.000000000000000000e+00
0.000000000000000000e+00
0.000000000000000000e+00
0.000000000000000000e+00
0.000000000000000000e+00
0.000000000000000000e+00
0.000000000000000000e+00
0.000000000000000000e+00
0.000000000000000000e+00
0.000000000000000000e+00
0.000000000000000000e+00
0.000000000000000000e+00
0.000000000000000000e+00
0.000000000000000000e+00
0.000000000000000000e+00
0.000000000000000000e+00
0.000000000000000000e+00
0.000000000000000000e+00
0.000000000000000000e+00
0.000000000000000000e+00
0.000000000000000000e+00
0.000000000000000000e+00
0.000000000000000000e+00
0.000000000000000000e+00
0.000000000000000000e+00
0.000000000000000000e+00
0.000000000000000000e+00
0.000000000000000000e+00
0.000000000000000000e+00
0.000000000000000000e+00
0.000000000000000000e+00
0.000000000000000000e+00
0.000000000000000000e+00
0.000000000000000000e+00
0.000000000000000000e+00
0.000000000000000000e+00
0.000000000000000000e+00
0.000000000000000000e+00
0.000000000000000000e+00
0.000000000000000000e+00
0.000000000000000000e+00
0.000000000000000000e+00
0.000000000000000000e+00
0.000000000000000000e+00
0.000000000000000000e+00
0.000000000000000000e+00
0.000000000000000000e+00
0.000000000000000000e+00
0.000000000000000000e+00
0.000000000000000000e+00
0.000000000000000000e+00
0.000000000000000000e+00
0.000000000000000000e+00
0.000000000000000000e+00
0.000000000000000000e+00
0.000000000000000000e+00
0.000000000000000000e+00
0.000000000000000000e+00
0.000000000000000000e+00
0.000000000000000000e+00
0.000000000000000000e+00
0.000000000000000000e+00
0.000000000000000000e+00
0.000000000000000000e+00
0.000000000000000000e+00
0.000000000000000000e+00
0.000000000000000000e+00
0.000000000000000000e+00
0.000000000000000000e+00
0.000000000000000000e+00
0.000000000000000000e+00
0.000000000000000000e+00
0.000000000000000000e+00
0.000000000000000000e+00
0.000000000000000000e+00
0.000000000000000000e+00
0.000000000000000000e+00
0.000000000000000000e+00
0.000000000000000000e+00
0.000000000000000000e+00
0.000000000000000000e+00
0.000000000000000000e+00
0.000000000000000000e+00
0.000000000000000000e+00
0.000000000000000000e+00
0.000000000000000000e+00
0.000000000000000000e+00
0.000000000000000000e+00
0.000000000000000000e+00
0.000000000000000000e+00
0.000000000000000000e+00
0.000000000000000000e+00
0.000000000000000000e+00
0.000000000000000000e+00
0.000000000000000000e+00
0.000000000000000000e+00
0.000000000000000000e+00
0.000000000000000000e+00
0.000000000000000000e+00
0.000000000000000000e+00
0.000000000000000000e+00
0.000000000000000000e+00
0.000000000000000000e+00
0.000000000000000000e+00
0.000000000000000000e+00
0.000000000000000000e+00
0.000000000000000000e+00
0.000000000000000000e+00
0.000000000000000000e+00
0.000000000000000000e+00
0.000000000000000000e+00
0.000000000000000000e+00
0.000000000000000000e+00
0.000000000000000000e+00
0.000000000000000000e+00
0.000000000000000000e+00
0.000000000000000000e+00
0.000000000000000000e+00
0.000000000000000000e+00
0.000000000000000000e+00
0.000000000000000000e+00
0.000000000000000000e+00
0.000000000000000000e+00
0.000000000000000000e+00
0.000000000000000000e+00
0.000000000000000000e+00
0.000000000000000000e+00
0.000000000000000000e+00
0.000000000000000000e+00
0.000000000000000000e+00
0.000000000000000000e+00
0.000000000000000000e+00
0.000000000000000000e+00
0.000000000000000000e+00
0.000000000000000000e+00
0.000000000000000000e+00
0.000000000000000000e+00
0.000000000000000000e+00
0.000000000000000000e+00
0.000000000000000000e+00
0.000000000000000000e+00
0.000000000000000000e+00
0.000000000000000000e+00
0.000000000000000000e+00
0.000000000000000000e+00
0.000000000000000000e+00
0.000000000000000000e+00
0.000000000000000000e+00
0.000000000000000000e+00
0.000000000000000000e+00
0.000000000000000000e+00
0.000000000000000000e+00
0.000000000000000000e+00
0.000000000000000000e+00
0.000000000000000000e+00
0.000000000000000000e+00
0.000000000000000000e+00
0.000000000000000000e+00
0.000000000000000000e+00
0.000000000000000000e+00
0.000000000000000000e+00
0.000000000000000000e+00
0.000000000000000000e+00
0.000000000000000000e+00
0.000000000000000000e+00
0.000000000000000000e+00
0.000000000000000000e+00
0.000000000000000000e+00
0.000000000000000000e+00
0.000000000000000000e+00
0.000000000000000000e+00
0.000000000000000000e+00
0.000000000000000000e+00
0.000000000000000000e+00
0.000000000000000000e+00
0.000000000000000000e+00
0.000000000000000000e+00
0.000000000000000000e+00
0.000000000000000000e+00
0.000000000000000000e+00
0.000000000000000000e+00
0.000000000000000000e+00
0.000000000000000000e+00
0.000000000000000000e+00
0.000000000000000000e+00
0.000000000000000000e+00
0.000000000000000000e+00
0.000000000000000000e+00
0.000000000000000000e+00
0.000000000000000000e+00
0.000000000000000000e+00
0.000000000000000000e+00
0.000000000000000000e+00
0.000000000000000000e+00
0.000000000000000000e+00
0.000000000000000000e+00
0.000000000000000000e+00
0.000000000000000000e+00
0.000000000000000000e+00
0.000000000000000000e+00
0.000000000000000000e+00
0.000000000000000000e+00
0.000000000000000000e+00
0.000000000000000000e+00
0.000000000000000000e+00
0.000000000000000000e+00
0.000000000000000000e+00
0.000000000000000000e+00
0.000000000000000000e+00
0.000000000000000000e+00
0.000000000000000000e+00
0.000000000000000000e+00
0.000000000000000000e+00
0.000000000000000000e+00
0.000000000000000000e+00
0.000000000000000000e+00
0.000000000000000000e+00
0.000000000000000000e+00
0.000000000000000000e+00
0.000000000000000000e+00
0.000000000000000000e+00
0.000000000000000000e+00
0.000000000000000000e+00
0.000000000000000000e+00
0.000000000000000000e+00
0.000000000000000000e+00
0.000000000000000000e+00
0.000000000000000000e+00
0.000000000000000000e+00
0.000000000000000000e+00
0.000000000000000000e+00
0.000000000000000000e+00
0.000000000000000000e+00
0.000000000000000000e+00
0.000000000000000000e+00
0.000000000000000000e+00
0.000000000000000000e+00
0.000000000000000000e+00
0.000000000000000000e+00
0.000000000000000000e+00
0.000000000000000000e+00
0.000000000000000000e+00
0.000000000000000000e+00
0.000000000000000000e+00
0.000000000000000000e+00
0.000000000000000000e+00
0.000000000000000000e+00
0.000000000000000000e+00
0.000000000000000000e+00
0.000000000000000000e+00
0.000000000000000000e+00
0.000000000000000000e+00
0.000000000000000000e+00
0.000000000000000000e+00
0.000000000000000000e+00
0.000000000000000000e+00
0.000000000000000000e+00
0.000000000000000000e+00
0.000000000000000000e+00
0.000000000000000000e+00
0.000000000000000000e+00
0.000000000000000000e+00
0.000000000000000000e+00
0.000000000000000000e+00
0.000000000000000000e+00
0.000000000000000000e+00
0.000000000000000000e+00
0.000000000000000000e+00
0.000000000000000000e+00
0.000000000000000000e+00
0.000000000000000000e+00
0.000000000000000000e+00
0.000000000000000000e+00
0.000000000000000000e+00
0.000000000000000000e+00
0.000000000000000000e+00
0.000000000000000000e+00
0.000000000000000000e+00
0.000000000000000000e+00
0.000000000000000000e+00
0.000000000000000000e+00
0.000000000000000000e+00
0.000000000000000000e+00
0.000000000000000000e+00
0.000000000000000000e+00
0.000000000000000000e+00
0.000000000000000000e+00
0.000000000000000000e+00
0.000000000000000000e+00
0.000000000000000000e+00
0.000000000000000000e+00
0.000000000000000000e+00
0.000000000000000000e+00
0.000000000000000000e+00
0.000000000000000000e+00
0.000000000000000000e+00
0.000000000000000000e+00
0.000000000000000000e+00
0.000000000000000000e+00
0.000000000000000000e+00
0.000000000000000000e+00
0.000000000000000000e+00
0.000000000000000000e+00
0.000000000000000000e+00
0.000000000000000000e+00
0.000000000000000000e+00
0.000000000000000000e+00
0.000000000000000000e+00
0.000000000000000000e+00
0.000000000000000000e+00
0.000000000000000000e+00
0.000000000000000000e+00
0.000000000000000000e+00
0.000000000000000000e+00
0.000000000000000000e+00
0.000000000000000000e+00
0.000000000000000000e+00
0.000000000000000000e+00
0.000000000000000000e+00
0.000000000000000000e+00
0.000000000000000000e+00
0.000000000000000000e+00
0.000000000000000000e+00
0.000000000000000000e+00
0.000000000000000000e+00
0.000000000000000000e+00
0.000000000000000000e+00
0.000000000000000000e+00
0.000000000000000000e+00
0.000000000000000000e+00
0.000000000000000000e+00
0.000000000000000000e+00
0.000000000000000000e+00
0.000000000000000000e+00
0.000000000000000000e+00
0.000000000000000000e+00
0.000000000000000000e+00
0.000000000000000000e+00
0.000000000000000000e+00
0.000000000000000000e+00
0.000000000000000000e+00
0.000000000000000000e+00
0.000000000000000000e+00
0.000000000000000000e+00
0.000000000000000000e+00
0.000000000000000000e+00
0.000000000000000000e+00
0.000000000000000000e+00
0.000000000000000000e+00
0.000000000000000000e+00
0.000000000000000000e+00
0.000000000000000000e+00
0.000000000000000000e+00
0.000000000000000000e+00
0.000000000000000000e+00
0.000000000000000000e+00
0.000000000000000000e+00
0.000000000000000000e+00
0.000000000000000000e+00
0.000000000000000000e+00
0.000000000000000000e+00
0.000000000000000000e+00
0.000000000000000000e+00
0.000000000000000000e+00
0.000000000000000000e+00
0.000000000000000000e+00
0.000000000000000000e+00
0.000000000000000000e+00
0.000000000000000000e+00
0.000000000000000000e+00
0.000000000000000000e+00
0.000000000000000000e+00
0.000000000000000000e+00
0.000000000000000000e+00
0.000000000000000000e+00
0.000000000000000000e+00
0.000000000000000000e+00
0.000000000000000000e+00
0.000000000000000000e+00
0.000000000000000000e+00
0.000000000000000000e+00
0.000000000000000000e+00
0.000000000000000000e+00
0.000000000000000000e+00
0.000000000000000000e+00
0.000000000000000000e+00
0.000000000000000000e+00
0.000000000000000000e+00
0.000000000000000000e+00
0.000000000000000000e+00
0.000000000000000000e+00
0.000000000000000000e+00
0.000000000000000000e+00
0.000000000000000000e+00
0.000000000000000000e+00
0.000000000000000000e+00
0.000000000000000000e+00
0.000000000000000000e+00
0.000000000000000000e+00
0.000000000000000000e+00
0.000000000000000000e+00
0.000000000000000000e+00
0.000000000000000000e+00
0.000000000000000000e+00
0.000000000000000000e+00
0.000000000000000000e+00
0.000000000000000000e+00
0.000000000000000000e+00
0.000000000000000000e+00
0.000000000000000000e+00
0.000000000000000000e+00
0.000000000000000000e+00
0.000000000000000000e+00
0.000000000000000000e+00
0.000000000000000000e+00
0.000000000000000000e+00
0.000000000000000000e+00
0.000000000000000000e+00
0.000000000000000000e+00
0.000000000000000000e+00
0.000000000000000000e+00
0.000000000000000000e+00
0.000000000000000000e+00
0.000000000000000000e+00
0.000000000000000000e+00
0.000000000000000000e+00
0.000000000000000000e+00
0.000000000000000000e+00
0.000000000000000000e+00
0.000000000000000000e+00
0.000000000000000000e+00
0.000000000000000000e+00
0.000000000000000000e+00
0.000000000000000000e+00
0.000000000000000000e+00
0.000000000000000000e+00
0.000000000000000000e+00
0.000000000000000000e+00
0.000000000000000000e+00
0.000000000000000000e+00
0.000000000000000000e+00
0.000000000000000000e+00
0.000000000000000000e+00
0.000000000000000000e+00
0.000000000000000000e+00
0.000000000000000000e+00
0.000000000000000000e+00
0.000000000000000000e+00
0.000000000000000000e+00
0.000000000000000000e+00
0.000000000000000000e+00
0.000000000000000000e+00
0.000000000000000000e+00
0.000000000000000000e+00
0.000000000000000000e+00
0.000000000000000000e+00
0.000000000000000000e+00
0.000000000000000000e+00
0.000000000000000000e+00
0.000000000000000000e+00
0.000000000000000000e+00
0.000000000000000000e+00
0.000000000000000000e+00
0.000000000000000000e+00
0.000000000000000000e+00
0.000000000000000000e+00
0.000000000000000000e+00
0.000000000000000000e+00
0.000000000000000000e+00
0.000000000000000000e+00
0.000000000000000000e+00
0.000000000000000000e+00
0.000000000000000000e+00
0.000000000000000000e+00
0.000000000000000000e+00
0.000000000000000000e+00
0.000000000000000000e+00
0.000000000000000000e+00
0.000000000000000000e+00
0.000000000000000000e+00
0.000000000000000000e+00
0.000000000000000000e+00
0.000000000000000000e+00
0.000000000000000000e+00
0.000000000000000000e+00
0.000000000000000000e+00
0.000000000000000000e+00
0.000000000000000000e+00
0.000000000000000000e+00
0.000000000000000000e+00
0.000000000000000000e+00
0.000000000000000000e+00
0.000000000000000000e+00
0.000000000000000000e+00
0.000000000000000000e+00
0.000000000000000000e+00
0.000000000000000000e+00
0.000000000000000000e+00
0.000000000000000000e+00
0.000000000000000000e+00
0.000000000000000000e+00
0.000000000000000000e+00
0.000000000000000000e+00
0.000000000000000000e+00
0.000000000000000000e+00
0.000000000000000000e+00
0.000000000000000000e+00
0.000000000000000000e+00
0.000000000000000000e+00
0.000000000000000000e+00
0.000000000000000000e+00
0.000000000000000000e+00
0.000000000000000000e+00
0.000000000000000000e+00
0.000000000000000000e+00
0.000000000000000000e+00
0.000000000000000000e+00
0.000000000000000000e+00
0.000000000000000000e+00
0.000000000000000000e+00
0.000000000000000000e+00
0.000000000000000000e+00
0.000000000000000000e+00
0.000000000000000000e+00
0.000000000000000000e+00
0.000000000000000000e+00
0.000000000000000000e+00
0.000000000000000000e+00
0.000000000000000000e+00
0.000000000000000000e+00
0.000000000000000000e+00
0.000000000000000000e+00
0.000000000000000000e+00
0.000000000000000000e+00
0.000000000000000000e+00
0.000000000000000000e+00
0.000000000000000000e+00
0.000000000000000000e+00
0.000000000000000000e+00
0.000000000000000000e+00
0.000000000000000000e+00
0.000000000000000000e+00
0.000000000000000000e+00
0.000000000000000000e+00
0.000000000000000000e+00
0.000000000000000000e+00
0.000000000000000000e+00
0.000000000000000000e+00
0.000000000000000000e+00
0.000000000000000000e+00
0.000000000000000000e+00
0.000000000000000000e+00
0.000000000000000000e+00
0.000000000000000000e+00
0.000000000000000000e+00
0.000000000000000000e+00
0.000000000000000000e+00
0.000000000000000000e+00
0.000000000000000000e+00
0.000000000000000000e+00
0.000000000000000000e+00
0.000000000000000000e+00
0.000000000000000000e+00
0.000000000000000000e+00
0.000000000000000000e+00
0.000000000000000000e+00
0.000000000000000000e+00
0.000000000000000000e+00
0.000000000000000000e+00
0.000000000000000000e+00
0.000000000000000000e+00
0.000000000000000000e+00
0.000000000000000000e+00
0.000000000000000000e+00
0.000000000000000000e+00
0.000000000000000000e+00
0.000000000000000000e+00
0.000000000000000000e+00
0.000000000000000000e+00
0.000000000000000000e+00
0.000000000000000000e+00
0.000000000000000000e+00
0.000000000000000000e+00
0.000000000000000000e+00
0.000000000000000000e+00
0.000000000000000000e+00
0.000000000000000000e+00
0.000000000000000000e+00
0.000000000000000000e+00
0.000000000000000000e+00
0.000000000000000000e+00
0.000000000000000000e+00
0.000000000000000000e+00
0.000000000000000000e+00
0.000000000000000000e+00
0.000000000000000000e+00
0.000000000000000000e+00
0.000000000000000000e+00
0.000000000000000000e+00
0.000000000000000000e+00
0.000000000000000000e+00
0.000000000000000000e+00
0.000000000000000000e+00
0.000000000000000000e+00
0.000000000000000000e+00
0.000000000000000000e+00
0.000000000000000000e+00
0.000000000000000000e+00
0.000000000000000000e+00
0.000000000000000000e+00
0.000000000000000000e+00
0.000000000000000000e+00
0.000000000000000000e+00
0.000000000000000000e+00
0.000000000000000000e+00
0.000000000000000000e+00
0.000000000000000000e+00
0.000000000000000000e+00
0.000000000000000000e+00
0.000000000000000000e+00
0.000000000000000000e+00
0.000000000000000000e+00
0.000000000000000000e+00
0.000000000000000000e+00
0.000000000000000000e+00
0.000000000000000000e+00
0.000000000000000000e+00
0.000000000000000000e+00
0.000000000000000000e+00
0.000000000000000000e+00
0.000000000000000000e+00
0.000000000000000000e+00
0.000000000000000000e+00
0.000000000000000000e+00
0.000000000000000000e+00
0.000000000000000000e+00
0.000000000000000000e+00
0.000000000000000000e+00
0.000000000000000000e+00
0.000000000000000000e+00
0.000000000000000000e+00
0.000000000000000000e+00
0.000000000000000000e+00
0.000000000000000000e+00
0.000000000000000000e+00
0.000000000000000000e+00
0.000000000000000000e+00
0.000000000000000000e+00
0.000000000000000000e+00
0.000000000000000000e+00
0.000000000000000000e+00
0.000000000000000000e+00
0.000000000000000000e+00
0.000000000000000000e+00
0.000000000000000000e+00
0.000000000000000000e+00
0.000000000000000000e+00
0.000000000000000000e+00
0.000000000000000000e+00
0.000000000000000000e+00
0.000000000000000000e+00
0.000000000000000000e+00
0.000000000000000000e+00
0.000000000000000000e+00
0.000000000000000000e+00
0.000000000000000000e+00
0.000000000000000000e+00
0.000000000000000000e+00
0.000000000000000000e+00
0.000000000000000000e+00
0.000000000000000000e+00
0.000000000000000000e+00
0.000000000000000000e+00
0.000000000000000000e+00
0.000000000000000000e+00
0.000000000000000000e+00
0.000000000000000000e+00
0.000000000000000000e+00
0.000000000000000000e+00
0.000000000000000000e+00
0.000000000000000000e+00
0.000000000000000000e+00
0.000000000000000000e+00
0.000000000000000000e+00
0.000000000000000000e+00
0.000000000000000000e+00
0.000000000000000000e+00
0.000000000000000000e+00
0.000000000000000000e+00
0.000000000000000000e+00
0.000000000000000000e+00
0.000000000000000000e+00
0.000000000000000000e+00
0.000000000000000000e+00
0.000000000000000000e+00
0.000000000000000000e+00
0.000000000000000000e+00
0.000000000000000000e+00
0.000000000000000000e+00
0.000000000000000000e+00
0.000000000000000000e+00
0.000000000000000000e+00
0.000000000000000000e+00
0.000000000000000000e+00
0.000000000000000000e+00
0.000000000000000000e+00
0.000000000000000000e+00
0.000000000000000000e+00
0.000000000000000000e+00
0.000000000000000000e+00
0.000000000000000000e+00
0.000000000000000000e+00
0.000000000000000000e+00
0.000000000000000000e+00
0.000000000000000000e+00
0.000000000000000000e+00
0.000000000000000000e+00
0.000000000000000000e+00
0.000000000000000000e+00
0.000000000000000000e+00
0.000000000000000000e+00
0.000000000000000000e+00
0.000000000000000000e+00
0.000000000000000000e+00
0.000000000000000000e+00
0.000000000000000000e+00
0.000000000000000000e+00
0.000000000000000000e+00
0.000000000000000000e+00
0.000000000000000000e+00
0.000000000000000000e+00
0.000000000000000000e+00
0.000000000000000000e+00
0.000000000000000000e+00
0.000000000000000000e+00
0.000000000000000000e+00
0.000000000000000000e+00
0.000000000000000000e+00
0.000000000000000000e+00
0.000000000000000000e+00
0.000000000000000000e+00
0.000000000000000000e+00
0.000000000000000000e+00
0.000000000000000000e+00
0.000000000000000000e+00
0.000000000000000000e+00
0.000000000000000000e+00
0.000000000000000000e+00
0.000000000000000000e+00
0.000000000000000000e+00
0.000000000000000000e+00
0.000000000000000000e+00
0.000000000000000000e+00
0.000000000000000000e+00
0.000000000000000000e+00
0.000000000000000000e+00
0.000000000000000000e+00
0.000000000000000000e+00
0.000000000000000000e+00
0.000000000000000000e+00
0.000000000000000000e+00
0.000000000000000000e+00
0.000000000000000000e+00
0.000000000000000000e+00
0.000000000000000000e+00
0.000000000000000000e+00
0.000000000000000000e+00
0.000000000000000000e+00
0.000000000000000000e+00
0.000000000000000000e+00
0.000000000000000000e+00
0.000000000000000000e+00
0.000000000000000000e+00
0.000000000000000000e+00
0.000000000000000000e+00
0.000000000000000000e+00
0.000000000000000000e+00
0.000000000000000000e+00
0.000000000000000000e+00
0.000000000000000000e+00
0.000000000000000000e+00
0.000000000000000000e+00
0.000000000000000000e+00
0.000000000000000000e+00
0.000000000000000000e+00
0.000000000000000000e+00
0.000000000000000000e+00
0.000000000000000000e+00
0.000000000000000000e+00
0.000000000000000000e+00
0.000000000000000000e+00
0.000000000000000000e+00
0.000000000000000000e+00
0.000000000000000000e+00
0.000000000000000000e+00
0.000000000000000000e+00
0.000000000000000000e+00
0.000000000000000000e+00
0.000000000000000000e+00
0.000000000000000000e+00
0.000000000000000000e+00
0.000000000000000000e+00
0.000000000000000000e+00
0.000000000000000000e+00
0.000000000000000000e+00
0.000000000000000000e+00
0.000000000000000000e+00
0.000000000000000000e+00
0.000000000000000000e+00
0.000000000000000000e+00
0.000000000000000000e+00
0.000000000000000000e+00
0.000000000000000000e+00
0.000000000000000000e+00
0.000000000000000000e+00
0.000000000000000000e+00
0.000000000000000000e+00
0.000000000000000000e+00
0.000000000000000000e+00
0.000000000000000000e+00
0.000000000000000000e+00
0.000000000000000000e+00
0.000000000000000000e+00
0.000000000000000000e+00
0.000000000000000000e+00
0.000000000000000000e+00
0.000000000000000000e+00
0.000000000000000000e+00
0.000000000000000000e+00
0.000000000000000000e+00
0.000000000000000000e+00
0.000000000000000000e+00
0.000000000000000000e+00
0.000000000000000000e+00
0.000000000000000000e+00
0.000000000000000000e+00
0.000000000000000000e+00
0.000000000000000000e+00
0.000000000000000000e+00
0.000000000000000000e+00
0.000000000000000000e+00
0.000000000000000000e+00
0.000000000000000000e+00
0.000000000000000000e+00
0.000000000000000000e+00
0.000000000000000000e+00
0.000000000000000000e+00
0.000000000000000000e+00
0.000000000000000000e+00
0.000000000000000000e+00
0.000000000000000000e+00
0.000000000000000000e+00
0.000000000000000000e+00
0.000000000000000000e+00
0.000000000000000000e+00
0.000000000000000000e+00
0.000000000000000000e+00
0.000000000000000000e+00
0.000000000000000000e+00
0.000000000000000000e+00
0.000000000000000000e+00
0.000000000000000000e+00
0.000000000000000000e+00
0.000000000000000000e+00
0.000000000000000000e+00
0.000000000000000000e+00
0.000000000000000000e+00
0.000000000000000000e+00
0.000000000000000000e+00
0.000000000000000000e+00
0.000000000000000000e+00
0.000000000000000000e+00
0.000000000000000000e+00
0.000000000000000000e+00
0.000000000000000000e+00
0.000000000000000000e+00
0.000000000000000000e+00
0.000000000000000000e+00
0.000000000000000000e+00
0.000000000000000000e+00
0.000000000000000000e+00
0.000000000000000000e+00
0.000000000000000000e+00
0.000000000000000000e+00
0.000000000000000000e+00
0.000000000000000000e+00
0.000000000000000000e+00
0.000000000000000000e+00
0.000000000000000000e+00
0.000000000000000000e+00
0.000000000000000000e+00
0.000000000000000000e+00
0.000000000000000000e+00
0.000000000000000000e+00
0.000000000000000000e+00
0.000000000000000000e+00
0.000000000000000000e+00
0.000000000000000000e+00
0.000000000000000000e+00
0.000000000000000000e+00
0.000000000000000000e+00
0.000000000000000000e+00
0.000000000000000000e+00
0.000000000000000000e+00
0.000000000000000000e+00
0.000000000000000000e+00
0.000000000000000000e+00
0.000000000000000000e+00
0.000000000000000000e+00
0.000000000000000000e+00
0.000000000000000000e+00
0.000000000000000000e+00
0.000000000000000000e+00
0.000000000000000000e+00
0.000000000000000000e+00
0.000000000000000000e+00
0.000000000000000000e+00
0.000000000000000000e+00
0.000000000000000000e+00
0.000000000000000000e+00
0.000000000000000000e+00
0.000000000000000000e+00
0.000000000000000000e+00
0.000000000000000000e+00
0.000000000000000000e+00
0.000000000000000000e+00
0.000000000000000000e+00
0.000000000000000000e+00
0.000000000000000000e+00
0.000000000000000000e+00
0.000000000000000000e+00
0.000000000000000000e+00
0.000000000000000000e+00
0.000000000000000000e+00
0.000000000000000000e+00
0.000000000000000000e+00
0.000000000000000000e+00
0.000000000000000000e+00
0.000000000000000000e+00
0.000000000000000000e+00
0.000000000000000000e+00
0.000000000000000000e+00
0.000000000000000000e+00
0.000000000000000000e+00
0.000000000000000000e+00
0.000000000000000000e+00
0.000000000000000000e+00
0.000000000000000000e+00
0.000000000000000000e+00
0.000000000000000000e+00
0.000000000000000000e+00
0.000000000000000000e+00
0.000000000000000000e+00
0.000000000000000000e+00
0.000000000000000000e+00
0.000000000000000000e+00
0.000000000000000000e+00
0.000000000000000000e+00
0.000000000000000000e+00
0.000000000000000000e+00
0.000000000000000000e+00
0.000000000000000000e+00
0.000000000000000000e+00
0.000000000000000000e+00
0.000000000000000000e+00
0.000000000000000000e+00
0.000000000000000000e+00
0.000000000000000000e+00
0.000000000000000000e+00
0.000000000000000000e+00
0.000000000000000000e+00
0.000000000000000000e+00
0.000000000000000000e+00
0.000000000000000000e+00
0.000000000000000000e+00
0.000000000000000000e+00
0.000000000000000000e+00
0.000000000000000000e+00
0.000000000000000000e+00
0.000000000000000000e+00
0.000000000000000000e+00
0.000000000000000000e+00
0.000000000000000000e+00
0.000000000000000000e+00
0.000000000000000000e+00
0.000000000000000000e+00
0.000000000000000000e+00
0.000000000000000000e+00
0.000000000000000000e+00
0.000000000000000000e+00
0.000000000000000000e+00
0.000000000000000000e+00
0.000000000000000000e+00
0.000000000000000000e+00
0.000000000000000000e+00
0.000000000000000000e+00
0.000000000000000000e+00
0.000000000000000000e+00
0.000000000000000000e+00
0.000000000000000000e+00
0.000000000000000000e+00
0.000000000000000000e+00
0.000000000000000000e+00
0.000000000000000000e+00
0.000000000000000000e+00
0.000000000000000000e+00
0.000000000000000000e+00
0.000000000000000000e+00
0.000000000000000000e+00
0.000000000000000000e+00
0.000000000000000000e+00
0.000000000000000000e+00
0.000000000000000000e+00
0.000000000000000000e+00
0.000000000000000000e+00
0.000000000000000000e+00
0.000000000000000000e+00
0.000000000000000000e+00
0.000000000000000000e+00
0.000000000000000000e+00
0.000000000000000000e+00
0.000000000000000000e+00
0.000000000000000000e+00
0.000000000000000000e+00
0.000000000000000000e+00
0.000000000000000000e+00
0.000000000000000000e+00
0.000000000000000000e+00
0.000000000000000000e+00
0.000000000000000000e+00
0.000000000000000000e+00
0.000000000000000000e+00
0.000000000000000000e+00
0.000000000000000000e+00
0.000000000000000000e+00
0.000000000000000000e+00
0.000000000000000000e+00
0.000000000000000000e+00
0.000000000000000000e+00
0.000000000000000000e+00
0.000000000000000000e+00
0.000000000000000000e+00
0.000000000000000000e+00
0.000000000000000000e+00
0.000000000000000000e+00
0.000000000000000000e+00
0.000000000000000000e+00
0.000000000000000000e+00
0.000000000000000000e+00
0.000000000000000000e+00
0.000000000000000000e+00
0.000000000000000000e+00
0.000000000000000000e+00
0.000000000000000000e+00
0.000000000000000000e+00
0.000000000000000000e+00
0.000000000000000000e+00
0.000000000000000000e+00
0.000000000000000000e+00
0.000000000000000000e+00
0.000000000000000000e+00
0.000000000000000000e+00
0.000000000000000000e+00
0.000000000000000000e+00
0.000000000000000000e+00
0.000000000000000000e+00
0.000000000000000000e+00
0.000000000000000000e+00
0.000000000000000000e+00
0.000000000000000000e+00
0.000000000000000000e+00
0.000000000000000000e+00
0.000000000000000000e+00
0.000000000000000000e+00
0.000000000000000000e+00
0.000000000000000000e+00
0.000000000000000000e+00
0.000000000000000000e+00
0.000000000000000000e+00
0.000000000000000000e+00
0.000000000000000000e+00
0.000000000000000000e+00
0.000000000000000000e+00
0.000000000000000000e+00
0.000000000000000000e+00
0.000000000000000000e+00
0.000000000000000000e+00
0.000000000000000000e+00
0.000000000000000000e+00
0.000000000000000000e+00
0.000000000000000000e+00
0.000000000000000000e+00
0.000000000000000000e+00
0.000000000000000000e+00
0.000000000000000000e+00
0.000000000000000000e+00
0.000000000000000000e+00
0.000000000000000000e+00
0.000000000000000000e+00
0.000000000000000000e+00
0.000000000000000000e+00
0.000000000000000000e+00
0.000000000000000000e+00
0.000000000000000000e+00
0.000000000000000000e+00
0.000000000000000000e+00
0.000000000000000000e+00
0.000000000000000000e+00
0.000000000000000000e+00
0.000000000000000000e+00
0.000000000000000000e+00
0.000000000000000000e+00
0.000000000000000000e+00
0.000000000000000000e+00
0.000000000000000000e+00
0.000000000000000000e+00
0.000000000000000000e+00
0.000000000000000000e+00
0.000000000000000000e+00
0.000000000000000000e+00
0.000000000000000000e+00
0.000000000000000000e+00
0.000000000000000000e+00
0.000000000000000000e+00
0.000000000000000000e+00
0.000000000000000000e+00
0.000000000000000000e+00
0.000000000000000000e+00
0.000000000000000000e+00
0.000000000000000000e+00
0.000000000000000000e+00
0.000000000000000000e+00
0.000000000000000000e+00
0.000000000000000000e+00
0.000000000000000000e+00
0.000000000000000000e+00
0.000000000000000000e+00
0.000000000000000000e+00
0.000000000000000000e+00
0.000000000000000000e+00
0.000000000000000000e+00
0.000000000000000000e+00
0.000000000000000000e+00
0.000000000000000000e+00
0.000000000000000000e+00
0.000000000000000000e+00
0.000000000000000000e+00
0.000000000000000000e+00
0.000000000000000000e+00
0.000000000000000000e+00
0.000000000000000000e+00
0.000000000000000000e+00
0.000000000000000000e+00
0.000000000000000000e+00
0.000000000000000000e+00
0.000000000000000000e+00
0.000000000000000000e+00
0.000000000000000000e+00
0.000000000000000000e+00
0.000000000000000000e+00
0.000000000000000000e+00
0.000000000000000000e+00
0.000000000000000000e+00
0.000000000000000000e+00
0.000000000000000000e+00
0.000000000000000000e+00
0.000000000000000000e+00
0.000000000000000000e+00
0.000000000000000000e+00
0.000000000000000000e+00
0.000000000000000000e+00
0.000000000000000000e+00
0.000000000000000000e+00
0.000000000000000000e+00
0.000000000000000000e+00
0.000000000000000000e+00
0.000000000000000000e+00
0.000000000000000000e+00
0.000000000000000000e+00
0.000000000000000000e+00
0.000000000000000000e+00
0.000000000000000000e+00
0.000000000000000000e+00
0.000000000000000000e+00
0.000000000000000000e+00
0.000000000000000000e+00
0.000000000000000000e+00
0.000000000000000000e+00
0.000000000000000000e+00
0.000000000000000000e+00
0.000000000000000000e+00
0.000000000000000000e+00
0.000000000000000000e+00
0.000000000000000000e+00
0.000000000000000000e+00
0.000000000000000000e+00
0.000000000000000000e+00
0.000000000000000000e+00
0.000000000000000000e+00
0.000000000000000000e+00
0.000000000000000000e+00
0.000000000000000000e+00
0.000000000000000000e+00
0.000000000000000000e+00
0.000000000000000000e+00
0.000000000000000000e+00
0.000000000000000000e+00
0.000000000000000000e+00
0.000000000000000000e+00
0.000000000000000000e+00
0.000000000000000000e+00
0.000000000000000000e+00
0.000000000000000000e+00
0.000000000000000000e+00
0.000000000000000000e+00
0.000000000000000000e+00
0.000000000000000000e+00
0.000000000000000000e+00
0.000000000000000000e+00
0.000000000000000000e+00
0.000000000000000000e+00
0.000000000000000000e+00
0.000000000000000000e+00
0.000000000000000000e+00
0.000000000000000000e+00
0.000000000000000000e+00
0.000000000000000000e+00
0.000000000000000000e+00
0.000000000000000000e+00
0.000000000000000000e+00
0.000000000000000000e+00
0.000000000000000000e+00
0.000000000000000000e+00
0.000000000000000000e+00
0.000000000000000000e+00
0.000000000000000000e+00
0.000000000000000000e+00
0.000000000000000000e+00
0.000000000000000000e+00
0.000000000000000000e+00
0.000000000000000000e+00
0.000000000000000000e+00
0.000000000000000000e+00
0.000000000000000000e+00
0.000000000000000000e+00
0.000000000000000000e+00
0.000000000000000000e+00
0.000000000000000000e+00
0.000000000000000000e+00
0.000000000000000000e+00
0.000000000000000000e+00
0.000000000000000000e+00
0.000000000000000000e+00
0.000000000000000000e+00
0.000000000000000000e+00
0.000000000000000000e+00
0.000000000000000000e+00
0.000000000000000000e+00
0.000000000000000000e+00
0.000000000000000000e+00
0.000000000000000000e+00
0.000000000000000000e+00
0.000000000000000000e+00
0.000000000000000000e+00
0.000000000000000000e+00
0.000000000000000000e+00
0.000000000000000000e+00
0.000000000000000000e+00
0.000000000000000000e+00
0.000000000000000000e+00
0.000000000000000000e+00
0.000000000000000000e+00
0.000000000000000000e+00
0.000000000000000000e+00
0.000000000000000000e+00
0.000000000000000000e+00
0.000000000000000000e+00
0.000000000000000000e+00
0.000000000000000000e+00
0.000000000000000000e+00
0.000000000000000000e+00
0.000000000000000000e+00
0.000000000000000000e+00
0.000000000000000000e+00
0.000000000000000000e+00
0.000000000000000000e+00
0.000000000000000000e+00
0.000000000000000000e+00
0.000000000000000000e+00
0.000000000000000000e+00
0.000000000000000000e+00
0.000000000000000000e+00
0.000000000000000000e+00
0.000000000000000000e+00
0.000000000000000000e+00
0.000000000000000000e+00
0.000000000000000000e+00
0.000000000000000000e+00
0.000000000000000000e+00
0.000000000000000000e+00
0.000000000000000000e+00
0.000000000000000000e+00
0.000000000000000000e+00
0.000000000000000000e+00
0.000000000000000000e+00
0.000000000000000000e+00
0.000000000000000000e+00
0.000000000000000000e+00
0.000000000000000000e+00
0.000000000000000000e+00
0.000000000000000000e+00
0.000000000000000000e+00
0.000000000000000000e+00
0.000000000000000000e+00
0.000000000000000000e+00
0.000000000000000000e+00
0.000000000000000000e+00
0.000000000000000000e+00
0.000000000000000000e+00
0.000000000000000000e+00
0.000000000000000000e+00
0.000000000000000000e+00
0.000000000000000000e+00
0.000000000000000000e+00
0.000000000000000000e+00
0.000000000000000000e+00
0.000000000000000000e+00
0.000000000000000000e+00
0.000000000000000000e+00
0.000000000000000000e+00
0.000000000000000000e+00
0.000000000000000000e+00
0.000000000000000000e+00
0.000000000000000000e+00
0.000000000000000000e+00
0.000000000000000000e+00
0.000000000000000000e+00
0.000000000000000000e+00
0.000000000000000000e+00
0.000000000000000000e+00
0.000000000000000000e+00
0.000000000000000000e+00
0.000000000000000000e+00
0.000000000000000000e+00
0.000000000000000000e+00
0.000000000000000000e+00
0.000000000000000000e+00
0.000000000000000000e+00
0.000000000000000000e+00
0.000000000000000000e+00
0.000000000000000000e+00
0.000000000000000000e+00
0.000000000000000000e+00
0.000000000000000000e+00
0.000000000000000000e+00
0.000000000000000000e+00
0.000000000000000000e+00
0.000000000000000000e+00
0.000000000000000000e+00
0.000000000000000000e+00
0.000000000000000000e+00
0.000000000000000000e+00
0.000000000000000000e+00
0.000000000000000000e+00
0.000000000000000000e+00
0.000000000000000000e+00
0.000000000000000000e+00
0.000000000000000000e+00
0.000000000000000000e+00
0.000000000000000000e+00
0.000000000000000000e+00
0.000000000000000000e+00
0.000000000000000000e+00
0.000000000000000000e+00
0.000000000000000000e+00
0.000000000000000000e+00
0.000000000000000000e+00
0.000000000000000000e+00
0.000000000000000000e+00
0.000000000000000000e+00
0.000000000000000000e+00
0.000000000000000000e+00
0.000000000000000000e+00
0.000000000000000000e+00
0.000000000000000000e+00
0.000000000000000000e+00
0.000000000000000000e+00
0.000000000000000000e+00
0.000000000000000000e+00
0.000000000000000000e+00
0.000000000000000000e+00
0.000000000000000000e+00
0.000000000000000000e+00
0.000000000000000000e+00
0.000000000000000000e+00
0.000000000000000000e+00
0.000000000000000000e+00
0.000000000000000000e+00
0.000000000000000000e+00
0.000000000000000000e+00
0.000000000000000000e+00
0.000000000000000000e+00
0.000000000000000000e+00
0.000000000000000000e+00
0.000000000000000000e+00
0.000000000000000000e+00
0.000000000000000000e+00
0.000000000000000000e+00
0.000000000000000000e+00
0.000000000000000000e+00
0.000000000000000000e+00
0.000000000000000000e+00
0.000000000000000000e+00
0.000000000000000000e+00
0.000000000000000000e+00
0.000000000000000000e+00
0.000000000000000000e+00
0.000000000000000000e+00
0.000000000000000000e+00
0.000000000000000000e+00
0.000000000000000000e+00
0.000000000000000000e+00
0.000000000000000000e+00
0.000000000000000000e+00
0.000000000000000000e+00
0.000000000000000000e+00
0.000000000000000000e+00
0.000000000000000000e+00
0.000000000000000000e+00
0.000000000000000000e+00
0.000000000000000000e+00
0.000000000000000000e+00
0.000000000000000000e+00
0.000000000000000000e+00
0.000000000000000000e+00
0.000000000000000000e+00
0.000000000000000000e+00
0.000000000000000000e+00
0.000000000000000000e+00
0.000000000000000000e+00
0.000000000000000000e+00
0.000000000000000000e+00
0.000000000000000000e+00
0.000000000000000000e+00
0.000000000000000000e+00
0.000000000000000000e+00
0.000000000000000000e+00
0.000000000000000000e+00
0.000000000000000000e+00
0.000000000000000000e+00
0.000000000000000000e+00
0.000000000000000000e+00
0.000000000000000000e+00
0.000000000000000000e+00
0.000000000000000000e+00
0.000000000000000000e+00
0.000000000000000000e+00
0.000000000000000000e+00
0.000000000000000000e+00
0.000000000000000000e+00
0.000000000000000000e+00
0.000000000000000000e+00
0.000000000000000000e+00
0.000000000000000000e+00
0.000000000000000000e+00
0.000000000000000000e+00
0.000000000000000000e+00
0.000000000000000000e+00
0.000000000000000000e+00
0.000000000000000000e+00
0.000000000000000000e+00
0.000000000000000000e+00
0.000000000000000000e+00
0.000000000000000000e+00
0.000000000000000000e+00
0.000000000000000000e+00
0.000000000000000000e+00
0.000000000000000000e+00
0.000000000000000000e+00
0.000000000000000000e+00
0.000000000000000000e+00
0.000000000000000000e+00
0.000000000000000000e+00
0.000000000000000000e+00
0.000000000000000000e+00
0.000000000000000000e+00
0.000000000000000000e+00
0.000000000000000000e+00
0.000000000000000000e+00
0.000000000000000000e+00
0.000000000000000000e+00
0.000000000000000000e+00
0.000000000000000000e+00
0.000000000000000000e+00
0.000000000000000000e+00
0.000000000000000000e+00
0.000000000000000000e+00
0.000000000000000000e+00
0.000000000000000000e+00
0.000000000000000000e+00
0.000000000000000000e+00
0.000000000000000000e+00
0.000000000000000000e+00
0.000000000000000000e+00
0.000000000000000000e+00
0.000000000000000000e+00
0.000000000000000000e+00
0.000000000000000000e+00
0.000000000000000000e+00
0.000000000000000000e+00
0.000000000000000000e+00
0.000000000000000000e+00
0.000000000000000000e+00
0.000000000000000000e+00
0.000000000000000000e+00
0.000000000000000000e+00
0.000000000000000000e+00
0.000000000000000000e+00
0.000000000000000000e+00
0.000000000000000000e+00
0.000000000000000000e+00
0.000000000000000000e+00
0.000000000000000000e+00
0.000000000000000000e+00
0.000000000000000000e+00
0.000000000000000000e+00
0.000000000000000000e+00
0.000000000000000000e+00
0.000000000000000000e+00
0.000000000000000000e+00
0.000000000000000000e+00
0.000000000000000000e+00
0.000000000000000000e+00
0.000000000000000000e+00
0.000000000000000000e+00
0.000000000000000000e+00
0.000000000000000000e+00
0.000000000000000000e+00
0.000000000000000000e+00
0.000000000000000000e+00
0.000000000000000000e+00
0.000000000000000000e+00
0.000000000000000000e+00
0.000000000000000000e+00
0.000000000000000000e+00
0.000000000000000000e+00
0.000000000000000000e+00
0.000000000000000000e+00
0.000000000000000000e+00
0.000000000000000000e+00
0.000000000000000000e+00
0.000000000000000000e+00
0.000000000000000000e+00
0.000000000000000000e+00
0.000000000000000000e+00
0.000000000000000000e+00
0.000000000000000000e+00
0.000000000000000000e+00
0.000000000000000000e+00
0.000000000000000000e+00
0.000000000000000000e+00
0.000000000000000000e+00
0.000000000000000000e+00
0.000000000000000000e+00
0.000000000000000000e+00
0.000000000000000000e+00
0.000000000000000000e+00
0.000000000000000000e+00
0.000000000000000000e+00
0.000000000000000000e+00
0.000000000000000000e+00
0.000000000000000000e+00
0.000000000000000000e+00
0.000000000000000000e+00
0.000000000000000000e+00
0.000000000000000000e+00
0.000000000000000000e+00
0.000000000000000000e+00
0.000000000000000000e+00
0.000000000000000000e+00
0.000000000000000000e+00
0.000000000000000000e+00
0.000000000000000000e+00
0.000000000000000000e+00
0.000000000000000000e+00
0.000000000000000000e+00
0.000000000000000000e+00
0.000000000000000000e+00
0.000000000000000000e+00
0.000000000000000000e+00
0.000000000000000000e+00
0.000000000000000000e+00
0.000000000000000000e+00
0.000000000000000000e+00
0.000000000000000000e+00
0.000000000000000000e+00
0.000000000000000000e+00
0.000000000000000000e+00
0.000000000000000000e+00
0.000000000000000000e+00
0.000000000000000000e+00
0.000000000000000000e+00
0.000000000000000000e+00
0.000000000000000000e+00
0.000000000000000000e+00
0.000000000000000000e+00
0.000000000000000000e+00
0.000000000000000000e+00
0.000000000000000000e+00
0.000000000000000000e+00
0.000000000000000000e+00
0.000000000000000000e+00
0.000000000000000000e+00
0.000000000000000000e+00
0.000000000000000000e+00
0.000000000000000000e+00
0.000000000000000000e+00
0.000000000000000000e+00
0.000000000000000000e+00
0.000000000000000000e+00
0.000000000000000000e+00
0.000000000000000000e+00
0.000000000000000000e+00
0.000000000000000000e+00
0.000000000000000000e+00
0.000000000000000000e+00
0.000000000000000000e+00
0.000000000000000000e+00
0.000000000000000000e+00
0.000000000000000000e+00
0.000000000000000000e+00
0.000000000000000000e+00
0.000000000000000000e+00
0.000000000000000000e+00
0.000000000000000000e+00
0.000000000000000000e+00
0.000000000000000000e+00
0.000000000000000000e+00
0.000000000000000000e+00
0.000000000000000000e+00
0.000000000000000000e+00
0.000000000000000000e+00
0.000000000000000000e+00
0.000000000000000000e+00
0.000000000000000000e+00
0.000000000000000000e+00
0.000000000000000000e+00
0.000000000000000000e+00
0.000000000000000000e+00
0.000000000000000000e+00
0.000000000000000000e+00
0.000000000000000000e+00
0.000000000000000000e+00
0.000000000000000000e+00
0.000000000000000000e+00
0.000000000000000000e+00
0.000000000000000000e+00
0.000000000000000000e+00
0.000000000000000000e+00
0.000000000000000000e+00
0.000000000000000000e+00
0.000000000000000000e+00
0.000000000000000000e+00
0.000000000000000000e+00
0.000000000000000000e+00
0.000000000000000000e+00
0.000000000000000000e+00
0.000000000000000000e+00
0.000000000000000000e+00
0.000000000000000000e+00
0.000000000000000000e+00
0.000000000000000000e+00
0.000000000000000000e+00
0.000000000000000000e+00
0.000000000000000000e+00
0.000000000000000000e+00
0.000000000000000000e+00
0.000000000000000000e+00
0.000000000000000000e+00
0.000000000000000000e+00
0.000000000000000000e+00
0.000000000000000000e+00
0.000000000000000000e+00
0.000000000000000000e+00
0.000000000000000000e+00
0.000000000000000000e+00
0.000000000000000000e+00
0.000000000000000000e+00
0.000000000000000000e+00
0.000000000000000000e+00
0.000000000000000000e+00
0.000000000000000000e+00
0.000000000000000000e+00
0.000000000000000000e+00
0.000000000000000000e+00
0.000000000000000000e+00
0.000000000000000000e+00
0.000000000000000000e+00
0.000000000000000000e+00
0.000000000000000000e+00
0.000000000000000000e+00
0.000000000000000000e+00
0.000000000000000000e+00
0.000000000000000000e+00
0.000000000000000000e+00
0.000000000000000000e+00
0.000000000000000000e+00
0.000000000000000000e+00
0.000000000000000000e+00
0.000000000000000000e+00
0.000000000000000000e+00
0.000000000000000000e+00
0.000000000000000000e+00
0.000000000000000000e+00
0.000000000000000000e+00
0.000000000000000000e+00
0.000000000000000000e+00
0.000000000000000000e+00
0.000000000000000000e+00
0.000000000000000000e+00
0.000000000000000000e+00
0.000000000000000000e+00
0.000000000000000000e+00
0.000000000000000000e+00
0.000000000000000000e+00
0.000000000000000000e+00
0.000000000000000000e+00
0.000000000000000000e+00
0.000000000000000000e+00
0.000000000000000000e+00
0.000000000000000000e+00
0.000000000000000000e+00
0.000000000000000000e+00
0.000000000000000000e+00
0.000000000000000000e+00
0.000000000000000000e+00
0.000000000000000000e+00
0.000000000000000000e+00
0.000000000000000000e+00
0.000000000000000000e+00
0.000000000000000000e+00
0.000000000000000000e+00
0.000000000000000000e+00
0.000000000000000000e+00
0.000000000000000000e+00
0.000000000000000000e+00
0.000000000000000000e+00
0.000000000000000000e+00
0.000000000000000000e+00
0.000000000000000000e+00
0.000000000000000000e+00
0.000000000000000000e+00
0.000000000000000000e+00
0.000000000000000000e+00
0.000000000000000000e+00
0.000000000000000000e+00
0.000000000000000000e+00
0.000000000000000000e+00
0.000000000000000000e+00
0.000000000000000000e+00
0.000000000000000000e+00
0.000000000000000000e+00
0.000000000000000000e+00
0.000000000000000000e+00
0.000000000000000000e+00
0.000000000000000000e+00
0.000000000000000000e+00
0.000000000000000000e+00
0.000000000000000000e+00
0.000000000000000000e+00
0.000000000000000000e+00
0.000000000000000000e+00
0.000000000000000000e+00
0.000000000000000000e+00
0.000000000000000000e+00
0.000000000000000000e+00
0.000000000000000000e+00
0.000000000000000000e+00
0.000000000000000000e+00
0.000000000000000000e+00
0.000000000000000000e+00
0.000000000000000000e+00
0.000000000000000000e+00
0.000000000000000000e+00
0.000000000000000000e+00
0.000000000000000000e+00
0.000000000000000000e+00
0.000000000000000000e+00
0.000000000000000000e+00
0.000000000000000000e+00
0.000000000000000000e+00
0.000000000000000000e+00
0.000000000000000000e+00
0.000000000000000000e+00
0.000000000000000000e+00
0.000000000000000000e+00
0.000000000000000000e+00
0.000000000000000000e+00
0.000000000000000000e+00
0.000000000000000000e+00
0.000000000000000000e+00
0.000000000000000000e+00
0.000000000000000000e+00
0.000000000000000000e+00
0.000000000000000000e+00
0.000000000000000000e+00
0.000000000000000000e+00
0.000000000000000000e+00
0.000000000000000000e+00
0.000000000000000000e+00
0.000000000000000000e+00
0.000000000000000000e+00
0.000000000000000000e+00
0.000000000000000000e+00
0.000000000000000000e+00
0.000000000000000000e+00
0.000000000000000000e+00
0.000000000000000000e+00
0.000000000000000000e+00
0.000000000000000000e+00
0.000000000000000000e+00
0.000000000000000000e+00
0.000000000000000000e+00
0.000000000000000000e+00
0.000000000000000000e+00
0.000000000000000000e+00
0.000000000000000000e+00
0.000000000000000000e+00
0.000000000000000000e+00
0.000000000000000000e+00
0.000000000000000000e+00
0.000000000000000000e+00
0.000000000000000000e+00
0.000000000000000000e+00
0.000000000000000000e+00
0.000000000000000000e+00
0.000000000000000000e+00
0.000000000000000000e+00
0.000000000000000000e+00
0.000000000000000000e+00
0.000000000000000000e+00
0.000000000000000000e+00
0.000000000000000000e+00
0.000000000000000000e+00
0.000000000000000000e+00
0.000000000000000000e+00
0.000000000000000000e+00
0.000000000000000000e+00
0.000000000000000000e+00
0.000000000000000000e+00
0.000000000000000000e+00
0.000000000000000000e+00
0.000000000000000000e+00
0.000000000000000000e+00
0.000000000000000000e+00
0.000000000000000000e+00
0.000000000000000000e+00
0.000000000000000000e+00
0.000000000000000000e+00
0.000000000000000000e+00
0.000000000000000000e+00
0.000000000000000000e+00
0.000000000000000000e+00
0.000000000000000000e+00
0.000000000000000000e+00
0.000000000000000000e+00
0.000000000000000000e+00
0.000000000000000000e+00
0.000000000000000000e+00
0.000000000000000000e+00
0.000000000000000000e+00
0.000000000000000000e+00
0.000000000000000000e+00
0.000000000000000000e+00
0.000000000000000000e+00
0.000000000000000000e+00
0.000000000000000000e+00
0.000000000000000000e+00
0.000000000000000000e+00
0.000000000000000000e+00
0.000000000000000000e+00
0.000000000000000000e+00
0.000000000000000000e+00
0.000000000000000000e+00
0.000000000000000000e+00
0.000000000000000000e+00
0.000000000000000000e+00
0.000000000000000000e+00
0.000000000000000000e+00
0.000000000000000000e+00
0.000000000000000000e+00
0.000000000000000000e+00
0.000000000000000000e+00
0.000000000000000000e+00
0.000000000000000000e+00
0.000000000000000000e+00
0.000000000000000000e+00
0.000000000000000000e+00
0.000000000000000000e+00
0.000000000000000000e+00
0.000000000000000000e+00
0.000000000000000000e+00
0.000000000000000000e+00
0.000000000000000000e+00
0.000000000000000000e+00
0.000000000000000000e+00
0.000000000000000000e+00
0.000000000000000000e+00
0.000000000000000000e+00
0.000000000000000000e+00
0.000000000000000000e+00
0.000000000000000000e+00
0.000000000000000000e+00
0.000000000000000000e+00
0.000000000000000000e+00
0.000000000000000000e+00
0.000000000000000000e+00
0.000000000000000000e+00
0.000000000000000000e+00
0.000000000000000000e+00
0.000000000000000000e+00
0.000000000000000000e+00
0.000000000000000000e+00
0.000000000000000000e+00
0.000000000000000000e+00
0.000000000000000000e+00
0.000000000000000000e+00
0.000000000000000000e+00
0.000000000000000000e+00
0.000000000000000000e+00
0.000000000000000000e+00
0.000000000000000000e+00
0.000000000000000000e+00
0.000000000000000000e+00
0.000000000000000000e+00
0.000000000000000000e+00
0.000000000000000000e+00
0.000000000000000000e+00
0.000000000000000000e+00
0.000000000000000000e+00
0.000000000000000000e+00
0.000000000000000000e+00
0.000000000000000000e+00
0.000000000000000000e+00
0.000000000000000000e+00
0.000000000000000000e+00
0.000000000000000000e+00
0.000000000000000000e+00
0.000000000000000000e+00
0.000000000000000000e+00
0.000000000000000000e+00
0.000000000000000000e+00
0.000000000000000000e+00
0.000000000000000000e+00
0.000000000000000000e+00
0.000000000000000000e+00
0.000000000000000000e+00
0.000000000000000000e+00
0.000000000000000000e+00
0.000000000000000000e+00
0.000000000000000000e+00
0.000000000000000000e+00
0.000000000000000000e+00
0.000000000000000000e+00
0.000000000000000000e+00
0.000000000000000000e+00
0.000000000000000000e+00
0.000000000000000000e+00
0.000000000000000000e+00
0.000000000000000000e+00
0.000000000000000000e+00
0.000000000000000000e+00
0.000000000000000000e+00
0.000000000000000000e+00
0.000000000000000000e+00
0.000000000000000000e+00
0.000000000000000000e+00
0.000000000000000000e+00
0.000000000000000000e+00
0.000000000000000000e+00
0.000000000000000000e+00
0.000000000000000000e+00
0.000000000000000000e+00
0.000000000000000000e+00
0.000000000000000000e+00
0.000000000000000000e+00
0.000000000000000000e+00
0.000000000000000000e+00
0.000000000000000000e+00
0.000000000000000000e+00
0.000000000000000000e+00
0.000000000000000000e+00
0.000000000000000000e+00
0.000000000000000000e+00
0.000000000000000000e+00
0.000000000000000000e+00
0.000000000000000000e+00
0.000000000000000000e+00
0.000000000000000000e+00
0.000000000000000000e+00
0.000000000000000000e+00
0.000000000000000000e+00
0.000000000000000000e+00
0.000000000000000000e+00
0.000000000000000000e+00
0.000000000000000000e+00
0.000000000000000000e+00
0.000000000000000000e+00
0.000000000000000000e+00
0.000000000000000000e+00
0.000000000000000000e+00
0.000000000000000000e+00
0.000000000000000000e+00
0.000000000000000000e+00
0.000000000000000000e+00
0.000000000000000000e+00
0.000000000000000000e+00
0.000000000000000000e+00
0.000000000000000000e+00
0.000000000000000000e+00
0.000000000000000000e+00
0.000000000000000000e+00
0.000000000000000000e+00
0.000000000000000000e+00
0.000000000000000000e+00
0.000000000000000000e+00
0.000000000000000000e+00
0.000000000000000000e+00
0.000000000000000000e+00
0.000000000000000000e+00
0.000000000000000000e+00
0.000000000000000000e+00
0.000000000000000000e+00
0.000000000000000000e+00
0.000000000000000000e+00
0.000000000000000000e+00
0.000000000000000000e+00
0.000000000000000000e+00
0.000000000000000000e+00
0.000000000000000000e+00
0.000000000000000000e+00
0.000000000000000000e+00
0.000000000000000000e+00
0.000000000000000000e+00
0.000000000000000000e+00
0.000000000000000000e+00
0.000000000000000000e+00
0.000000000000000000e+00
0.000000000000000000e+00
0.000000000000000000e+00
0.000000000000000000e+00
0.000000000000000000e+00
0.000000000000000000e+00
0.000000000000000000e+00
0.000000000000000000e+00
0.000000000000000000e+00
0.000000000000000000e+00
0.000000000000000000e+00
0.000000000000000000e+00
0.000000000000000000e+00
0.000000000000000000e+00
0.000000000000000000e+00
0.000000000000000000e+00
0.000000000000000000e+00
0.000000000000000000e+00
0.000000000000000000e+00
0.000000000000000000e+00
0.000000000000000000e+00
0.000000000000000000e+00
0.000000000000000000e+00
0.000000000000000000e+00
0.000000000000000000e+00
0.000000000000000000e+00
0.000000000000000000e+00
0.000000000000000000e+00
0.000000000000000000e+00
0.000000000000000000e+00
0.000000000000000000e+00
0.000000000000000000e+00
0.000000000000000000e+00
0.000000000000000000e+00
0.000000000000000000e+00
0.000000000000000000e+00
0.000000000000000000e+00
0.000000000000000000e+00
0.000000000000000000e+00
0.000000000000000000e+00
0.000000000000000000e+00
0.000000000000000000e+00
0.000000000000000000e+00
0.000000000000000000e+00
0.000000000000000000e+00
0.000000000000000000e+00
0.000000000000000000e+00
0.000000000000000000e+00
0.000000000000000000e+00
0.000000000000000000e+00
0.000000000000000000e+00
0.000000000000000000e+00
0.000000000000000000e+00
0.000000000000000000e+00
0.000000000000000000e+00
0.000000000000000000e+00
0.000000000000000000e+00
0.000000000000000000e+00
0.000000000000000000e+00
0.000000000000000000e+00
0.000000000000000000e+00
0.000000000000000000e+00
0.000000000000000000e+00
0.000000000000000000e+00
0.000000000000000000e+00
0.000000000000000000e+00
0.000000000000000000e+00
0.000000000000000000e+00
0.000000000000000000e+00
0.000000000000000000e+00
0.000000000000000000e+00
0.000000000000000000e+00
0.000000000000000000e+00
0.000000000000000000e+00
0.000000000000000000e+00
0.000000000000000000e+00
0.000000000000000000e+00
0.000000000000000000e+00
0.000000000000000000e+00
0.000000000000000000e+00
0.000000000000000000e+00
0.000000000000000000e+00
0.000000000000000000e+00
0.000000000000000000e+00
0.000000000000000000e+00
0.000000000000000000e+00
0.000000000000000000e+00
0.000000000000000000e+00
0.000000000000000000e+00
0.000000000000000000e+00
0.000000000000000000e+00
0.000000000000000000e+00
0.000000000000000000e+00
0.000000000000000000e+00
0.000000000000000000e+00
0.000000000000000000e+00
0.000000000000000000e+00
0.000000000000000000e+00
0.000000000000000000e+00
0.000000000000000000e+00
0.000000000000000000e+00
0.000000000000000000e+00
0.000000000000000000e+00
0.000000000000000000e+00
0.000000000000000000e+00
0.000000000000000000e+00
0.000000000000000000e+00
0.000000000000000000e+00
0.000000000000000000e+00
0.000000000000000000e+00
0.000000000000000000e+00
0.000000000000000000e+00
0.000000000000000000e+00
0.000000000000000000e+00
0.000000000000000000e+00
0.000000000000000000e+00
0.000000000000000000e+00
0.000000000000000000e+00
0.000000000000000000e+00
0.000000000000000000e+00
0.000000000000000000e+00
0.000000000000000000e+00
0.000000000000000000e+00
0.000000000000000000e+00
0.000000000000000000e+00
0.000000000000000000e+00
0.000000000000000000e+00
0.000000000000000000e+00
0.000000000000000000e+00
0.000000000000000000e+00
0.000000000000000000e+00
0.000000000000000000e+00
0.000000000000000000e+00
0.000000000000000000e+00
0.000000000000000000e+00
0.000000000000000000e+00
0.000000000000000000e+00
0.000000000000000000e+00
0.000000000000000000e+00
0.000000000000000000e+00
0.000000000000000000e+00
0.000000000000000000e+00
0.000000000000000000e+00
0.000000000000000000e+00
0.000000000000000000e+00
0.000000000000000000e+00
0.000000000000000000e+00
0.000000000000000000e+00
0.000000000000000000e+00
0.000000000000000000e+00
0.000000000000000000e+00
0.000000000000000000e+00
0.000000000000000000e+00
0.000000000000000000e+00
0.000000000000000000e+00
0.000000000000000000e+00
0.000000000000000000e+00
0.000000000000000000e+00
0.000000000000000000e+00
0.000000000000000000e+00
0.000000000000000000e+00
0.000000000000000000e+00
0.000000000000000000e+00
0.000000000000000000e+00
0.000000000000000000e+00
0.000000000000000000e+00
0.000000000000000000e+00
0.000000000000000000e+00
0.000000000000000000e+00
0.000000000000000000e+00
0.000000000000000000e+00
0.000000000000000000e+00
0.000000000000000000e+00
0.000000000000000000e+00
0.000000000000000000e+00
0.000000000000000000e+00
0.000000000000000000e+00
0.000000000000000000e+00
0.000000000000000000e+00
0.000000000000000000e+00
0.000000000000000000e+00
0.000000000000000000e+00
0.000000000000000000e+00
0.000000000000000000e+00
0.000000000000000000e+00
0.000000000000000000e+00
0.000000000000000000e+00
0.000000000000000000e+00
0.000000000000000000e+00
0.000000000000000000e+00
0.000000000000000000e+00
0.000000000000000000e+00
0.000000000000000000e+00
0.000000000000000000e+00
0.000000000000000000e+00
0.000000000000000000e+00
0.000000000000000000e+00
0.000000000000000000e+00
0.000000000000000000e+00
0.000000000000000000e+00
0.000000000000000000e+00
0.000000000000000000e+00
0.000000000000000000e+00
0.000000000000000000e+00
0.000000000000000000e+00
0.000000000000000000e+00
0.000000000000000000e+00
0.000000000000000000e+00
0.000000000000000000e+00
0.000000000000000000e+00
0.000000000000000000e+00
0.000000000000000000e+00
0.000000000000000000e+00
0.000000000000000000e+00
0.000000000000000000e+00
0.000000000000000000e+00
0.000000000000000000e+00
0.000000000000000000e+00
0.000000000000000000e+00
0.000000000000000000e+00
0.000000000000000000e+00
0.000000000000000000e+00
0.000000000000000000e+00
0.000000000000000000e+00
0.000000000000000000e+00
0.000000000000000000e+00
0.000000000000000000e+00
0.000000000000000000e+00
0.000000000000000000e+00
0.000000000000000000e+00
0.000000000000000000e+00
0.000000000000000000e+00
0.000000000000000000e+00
0.000000000000000000e+00
0.000000000000000000e+00
0.000000000000000000e+00
0.000000000000000000e+00
0.000000000000000000e+00
0.000000000000000000e+00
0.000000000000000000e+00
0.000000000000000000e+00
0.000000000000000000e+00
0.000000000000000000e+00
0.000000000000000000e+00
0.000000000000000000e+00
0.000000000000000000e+00
0.000000000000000000e+00
0.000000000000000000e+00
0.000000000000000000e+00
0.000000000000000000e+00
0.000000000000000000e+00
0.000000000000000000e+00
0.000000000000000000e+00
0.000000000000000000e+00
0.000000000000000000e+00
0.000000000000000000e+00
0.000000000000000000e+00
0.000000000000000000e+00
0.000000000000000000e+00
0.000000000000000000e+00
0.000000000000000000e+00
0.000000000000000000e+00
0.000000000000000000e+00
0.000000000000000000e+00
0.000000000000000000e+00
0.000000000000000000e+00
0.000000000000000000e+00
0.000000000000000000e+00
0.000000000000000000e+00
0.000000000000000000e+00
0.000000000000000000e+00
0.000000000000000000e+00
0.000000000000000000e+00
0.000000000000000000e+00
0.000000000000000000e+00
0.000000000000000000e+00
0.000000000000000000e+00
0.000000000000000000e+00
0.000000000000000000e+00
0.000000000000000000e+00
0.000000000000000000e+00
0.000000000000000000e+00
0.000000000000000000e+00
0.000000000000000000e+00
0.000000000000000000e+00
0.000000000000000000e+00
0.000000000000000000e+00
0.000000000000000000e+00
0.000000000000000000e+00
0.000000000000000000e+00
0.000000000000000000e+00
0.000000000000000000e+00
0.000000000000000000e+00
0.000000000000000000e+00
0.000000000000000000e+00
0.000000000000000000e+00
0.000000000000000000e+00
0.000000000000000000e+00
0.000000000000000000e+00
0.000000000000000000e+00
0.000000000000000000e+00
0.000000000000000000e+00
0.000000000000000000e+00
0.000000000000000000e+00
0.000000000000000000e+00
0.000000000000000000e+00
0.000000000000000000e+00
0.000000000000000000e+00
0.000000000000000000e+00
0.000000000000000000e+00
0.000000000000000000e+00
0.000000000000000000e+00
0.000000000000000000e+00
0.000000000000000000e+00
0.000000000000000000e+00
0.000000000000000000e+00
0.000000000000000000e+00
0.000000000000000000e+00
0.000000000000000000e+00
0.000000000000000000e+00
0.000000000000000000e+00
0.000000000000000000e+00
0.000000000000000000e+00
0.000000000000000000e+00
0.000000000000000000e+00
0.000000000000000000e+00
0.000000000000000000e+00
0.000000000000000000e+00
0.000000000000000000e+00
0.000000000000000000e+00
0.000000000000000000e+00
0.000000000000000000e+00
0.000000000000000000e+00
0.000000000000000000e+00
0.000000000000000000e+00
0.000000000000000000e+00
0.000000000000000000e+00
0.000000000000000000e+00
0.000000000000000000e+00
0.000000000000000000e+00
0.000000000000000000e+00
0.000000000000000000e+00
0.000000000000000000e+00
0.000000000000000000e+00
0.000000000000000000e+00
0.000000000000000000e+00
0.000000000000000000e+00
0.000000000000000000e+00
0.000000000000000000e+00
0.000000000000000000e+00
0.000000000000000000e+00
0.000000000000000000e+00
0.000000000000000000e+00
0.000000000000000000e+00
0.000000000000000000e+00
0.000000000000000000e+00
0.000000000000000000e+00
0.000000000000000000e+00
0.000000000000000000e+00
0.000000000000000000e+00
0.000000000000000000e+00
0.000000000000000000e+00
0.000000000000000000e+00
0.000000000000000000e+00
0.000000000000000000e+00
0.000000000000000000e+00
0.000000000000000000e+00
0.000000000000000000e+00
0.000000000000000000e+00
0.000000000000000000e+00
0.000000000000000000e+00
0.000000000000000000e+00
0.000000000000000000e+00
0.000000000000000000e+00
0.000000000000000000e+00
0.000000000000000000e+00
0.000000000000000000e+00
0.000000000000000000e+00
0.000000000000000000e+00
0.000000000000000000e+00
0.000000000000000000e+00
0.000000000000000000e+00
0.000000000000000000e+00
0.000000000000000000e+00
0.000000000000000000e+00
0.000000000000000000e+00
0.000000000000000000e+00
0.000000000000000000e+00
0.000000000000000000e+00
0.000000000000000000e+00
0.000000000000000000e+00
0.000000000000000000e+00
0.000000000000000000e+00
0.000000000000000000e+00
0.000000000000000000e+00
0.000000000000000000e+00
0.000000000000000000e+00
0.000000000000000000e+00
0.000000000000000000e+00
0.000000000000000000e+00
0.000000000000000000e+00
0.000000000000000000e+00
0.000000000000000000e+00
0.000000000000000000e+00
0.000000000000000000e+00
0.000000000000000000e+00
0.000000000000000000e+00
0.000000000000000000e+00
0.000000000000000000e+00
0.000000000000000000e+00
0.000000000000000000e+00
0.000000000000000000e+00
0.000000000000000000e+00
0.000000000000000000e+00
0.000000000000000000e+00
0.000000000000000000e+00
0.000000000000000000e+00
0.000000000000000000e+00
0.000000000000000000e+00
0.000000000000000000e+00
0.000000000000000000e+00
0.000000000000000000e+00
0.000000000000000000e+00
0.000000000000000000e+00
0.000000000000000000e+00
0.000000000000000000e+00
0.000000000000000000e+00
0.000000000000000000e+00
0.000000000000000000e+00
0.000000000000000000e+00
0.000000000000000000e+00
0.000000000000000000e+00
0.000000000000000000e+00
0.000000000000000000e+00
0.000000000000000000e+00
0.000000000000000000e+00
0.000000000000000000e+00
0.000000000000000000e+00
0.000000000000000000e+00
0.000000000000000000e+00
0.000000000000000000e+00
0.000000000000000000e+00
0.000000000000000000e+00
0.000000000000000000e+00
0.000000000000000000e+00
0.000000000000000000e+00
0.000000000000000000e+00
0.000000000000000000e+00
0.000000000000000000e+00
0.000000000000000000e+00
0.000000000000000000e+00
0.000000000000000000e+00
0.000000000000000000e+00
0.000000000000000000e+00
0.000000000000000000e+00
0.000000000000000000e+00
0.000000000000000000e+00
0.000000000000000000e+00
0.000000000000000000e+00
0.000000000000000000e+00
0.000000000000000000e+00
0.000000000000000000e+00
0.000000000000000000e+00
0.000000000000000000e+00
0.000000000000000000e+00
0.000000000000000000e+00
0.000000000000000000e+00
0.000000000000000000e+00
0.000000000000000000e+00
0.000000000000000000e+00
0.000000000000000000e+00
0.000000000000000000e+00
0.000000000000000000e+00
0.000000000000000000e+00
0.000000000000000000e+00
0.000000000000000000e+00
0.000000000000000000e+00
0.000000000000000000e+00
0.000000000000000000e+00
0.000000000000000000e+00
0.000000000000000000e+00
0.000000000000000000e+00
0.000000000000000000e+00
0.000000000000000000e+00
0.000000000000000000e+00
0.000000000000000000e+00
0.000000000000000000e+00
0.000000000000000000e+00
0.000000000000000000e+00
0.000000000000000000e+00
0.000000000000000000e+00
0.000000000000000000e+00
0.000000000000000000e+00
0.000000000000000000e+00
0.000000000000000000e+00
0.000000000000000000e+00
0.000000000000000000e+00
0.000000000000000000e+00
0.000000000000000000e+00
0.000000000000000000e+00
0.000000000000000000e+00
0.000000000000000000e+00
0.000000000000000000e+00
0.000000000000000000e+00
0.000000000000000000e+00
0.000000000000000000e+00
0.000000000000000000e+00
0.000000000000000000e+00
0.000000000000000000e+00
0.000000000000000000e+00
0.000000000000000000e+00
0.000000000000000000e+00
0.000000000000000000e+00
0.000000000000000000e+00
0.000000000000000000e+00
0.000000000000000000e+00
0.000000000000000000e+00
0.000000000000000000e+00
0.000000000000000000e+00
0.000000000000000000e+00
0.000000000000000000e+00
0.000000000000000000e+00
0.000000000000000000e+00
0.000000000000000000e+00
0.000000000000000000e+00
0.000000000000000000e+00
0.000000000000000000e+00
0.000000000000000000e+00
0.000000000000000000e+00
0.000000000000000000e+00
0.000000000000000000e+00
0.000000000000000000e+00
0.000000000000000000e+00
0.000000000000000000e+00
0.000000000000000000e+00
0.000000000000000000e+00
0.000000000000000000e+00
0.000000000000000000e+00
0.000000000000000000e+00
0.000000000000000000e+00
0.000000000000000000e+00
0.000000000000000000e+00
0.000000000000000000e+00
0.000000000000000000e+00
0.000000000000000000e+00
0.000000000000000000e+00
0.000000000000000000e+00
0.000000000000000000e+00
0.000000000000000000e+00
0.000000000000000000e+00
0.000000000000000000e+00
0.000000000000000000e+00
0.000000000000000000e+00
0.000000000000000000e+00
0.000000000000000000e+00
0.000000000000000000e+00
0.000000000000000000e+00
0.000000000000000000e+00
0.000000000000000000e+00
0.000000000000000000e+00
0.000000000000000000e+00
0.000000000000000000e+00
0.000000000000000000e+00
0.000000000000000000e+00
0.000000000000000000e+00
0.000000000000000000e+00
0.000000000000000000e+00
0.000000000000000000e+00
0.000000000000000000e+00
0.000000000000000000e+00
0.000000000000000000e+00
0.000000000000000000e+00
0.000000000000000000e+00
0.000000000000000000e+00
0.000000000000000000e+00
0.000000000000000000e+00
0.000000000000000000e+00
0.000000000000000000e+00
0.000000000000000000e+00
0.000000000000000000e+00
0.000000000000000000e+00
0.000000000000000000e+00
0.000000000000000000e+00
0.000000000000000000e+00
0.000000000000000000e+00
0.000000000000000000e+00
0.000000000000000000e+00
0.000000000000000000e+00
0.000000000000000000e+00
0.000000000000000000e+00
0.000000000000000000e+00
0.000000000000000000e+00
0.000000000000000000e+00
0.000000000000000000e+00
0.000000000000000000e+00
0.000000000000000000e+00
0.000000000000000000e+00
0.000000000000000000e+00
0.000000000000000000e+00
0.000000000000000000e+00
0.000000000000000000e+00
0.000000000000000000e+00
0.000000000000000000e+00
0.000000000000000000e+00
0.000000000000000000e+00
0.000000000000000000e+00
0.000000000000000000e+00
0.000000000000000000e+00
0.000000000000000000e+00
0.000000000000000000e+00
0.000000000000000000e+00
0.000000000000000000e+00
0.000000000000000000e+00
0.000000000000000000e+00
0.000000000000000000e+00
0.000000000000000000e+00
0.000000000000000000e+00
0.000000000000000000e+00
0.000000000000000000e+00
0.000000000000000000e+00
0.000000000000000000e+00
0.000000000000000000e+00
0.000000000000000000e+00
0.000000000000000000e+00
0.000000000000000000e+00
0.000000000000000000e+00
0.000000000000000000e+00
0.000000000000000000e+00
0.000000000000000000e+00
0.000000000000000000e+00
0.000000000000000000e+00
0.000000000000000000e+00
0.000000000000000000e+00
0.000000000000000000e+00
0.000000000000000000e+00
0.000000000000000000e+00
0.000000000000000000e+00
0.000000000000000000e+00
0.000000000000000000e+00
0.000000000000000000e+00
0.000000000000000000e+00
0.000000000000000000e+00
0.000000000000000000e+00
0.000000000000000000e+00
0.000000000000000000e+00
0.000000000000000000e+00
0.000000000000000000e+00
0.000000000000000000e+00
0.000000000000000000e+00
0.000000000000000000e+00
0.000000000000000000e+00
0.000000000000000000e+00
0.000000000000000000e+00
0.000000000000000000e+00
0.000000000000000000e+00
0.000000000000000000e+00
0.000000000000000000e+00
0.000000000000000000e+00
0.000000000000000000e+00
0.000000000000000000e+00
0.000000000000000000e+00
0.000000000000000000e+00
0.000000000000000000e+00
0.000000000000000000e+00
0.000000000000000000e+00
0.000000000000000000e+00
0.000000000000000000e+00
0.000000000000000000e+00
0.000000000000000000e+00
0.000000000000000000e+00
0.000000000000000000e+00
0.000000000000000000e+00
0.000000000000000000e+00
0.000000000000000000e+00
0.000000000000000000e+00
0.000000000000000000e+00
0.000000000000000000e+00
0.000000000000000000e+00
0.000000000000000000e+00
0.000000000000000000e+00
0.000000000000000000e+00
0.000000000000000000e+00
0.000000000000000000e+00
0.000000000000000000e+00
0.000000000000000000e+00
0.000000000000000000e+00
0.000000000000000000e+00
0.000000000000000000e+00
0.000000000000000000e+00
0.000000000000000000e+00
0.000000000000000000e+00
0.000000000000000000e+00
0.000000000000000000e+00
0.000000000000000000e+00
0.000000000000000000e+00
0.000000000000000000e+00
0.000000000000000000e+00
0.000000000000000000e+00
0.000000000000000000e+00
0.000000000000000000e+00
0.000000000000000000e+00
0.000000000000000000e+00
0.000000000000000000e+00
0.000000000000000000e+00
0.000000000000000000e+00
0.000000000000000000e+00
0.000000000000000000e+00
0.000000000000000000e+00
0.000000000000000000e+00
0.000000000000000000e+00
0.000000000000000000e+00
0.000000000000000000e+00
0.000000000000000000e+00
0.000000000000000000e+00
0.000000000000000000e+00
0.000000000000000000e+00
0.000000000000000000e+00
0.000000000000000000e+00
0.000000000000000000e+00
0.000000000000000000e+00
0.000000000000000000e+00
0.000000000000000000e+00
0.000000000000000000e+00
0.000000000000000000e+00
0.000000000000000000e+00
0.000000000000000000e+00
0.000000000000000000e+00
0.000000000000000000e+00
0.000000000000000000e+00
0.000000000000000000e+00
0.000000000000000000e+00
0.000000000000000000e+00
0.000000000000000000e+00
0.000000000000000000e+00
0.000000000000000000e+00
0.000000000000000000e+00
0.000000000000000000e+00
0.000000000000000000e+00
0.000000000000000000e+00
0.000000000000000000e+00
0.000000000000000000e+00
0.000000000000000000e+00
0.000000000000000000e+00
0.000000000000000000e+00
0.000000000000000000e+00
0.000000000000000000e+00
0.000000000000000000e+00
0.000000000000000000e+00
0.000000000000000000e+00
0.000000000000000000e+00
0.000000000000000000e+00
0.000000000000000000e+00
0.000000000000000000e+00
0.000000000000000000e+00
0.000000000000000000e+00
0.000000000000000000e+00
0.000000000000000000e+00
0.000000000000000000e+00
0.000000000000000000e+00
0.000000000000000000e+00
0.000000000000000000e+00
0.000000000000000000e+00
0.000000000000000000e+00
0.000000000000000000e+00
0.000000000000000000e+00
0.000000000000000000e+00
0.000000000000000000e+00
0.000000000000000000e+00
0.000000000000000000e+00
0.000000000000000000e+00
0.000000000000000000e+00
0.000000000000000000e+00
0.000000000000000000e+00
0.000000000000000000e+00
0.000000000000000000e+00
0.000000000000000000e+00
0.000000000000000000e+00
0.000000000000000000e+00
0.000000000000000000e+00
0.000000000000000000e+00
0.000000000000000000e+00
0.000000000000000000e+00
0.000000000000000000e+00
0.000000000000000000e+00
0.000000000000000000e+00
0.000000000000000000e+00
0.000000000000000000e+00
0.000000000000000000e+00
0.000000000000000000e+00
0.000000000000000000e+00
0.000000000000000000e+00
0.000000000000000000e+00
0.000000000000000000e+00
0.000000000000000000e+00
0.000000000000000000e+00
0.000000000000000000e+00
0.000000000000000000e+00
0.000000000000000000e+00
0.000000000000000000e+00
0.000000000000000000e+00
0.000000000000000000e+00
0.000000000000000000e+00
0.000000000000000000e+00
0.000000000000000000e+00
0.000000000000000000e+00
0.000000000000000000e+00
0.000000000000000000e+00
0.000000000000000000e+00
0.000000000000000000e+00
0.000000000000000000e+00
0.000000000000000000e+00
0.000000000000000000e+00
0.000000000000000000e+00
0.000000000000000000e+00
0.000000000000000000e+00
0.000000000000000000e+00
0.000000000000000000e+00
0.000000000000000000e+00
0.000000000000000000e+00
0.000000000000000000e+00
0.000000000000000000e+00
0.000000000000000000e+00
0.000000000000000000e+00
0.000000000000000000e+00
0.000000000000000000e+00
0.000000000000000000e+00
0.000000000000000000e+00
0.000000000000000000e+00
0.000000000000000000e+00
0.000000000000000000e+00
0.000000000000000000e+00
0.000000000000000000e+00
0.000000000000000000e+00
0.000000000000000000e+00
0.000000000000000000e+00
0.000000000000000000e+00
0.000000000000000000e+00
0.000000000000000000e+00
0.000000000000000000e+00
0.000000000000000000e+00
0.000000000000000000e+00
0.000000000000000000e+00
0.000000000000000000e+00
0.000000000000000000e+00
0.000000000000000000e+00
0.000000000000000000e+00
0.000000000000000000e+00
0.000000000000000000e+00
0.000000000000000000e+00
0.000000000000000000e+00
