4.373329828808254142e-04
1.968206455633277757e-03
3.499170714511353093e-03
5.030143423372142840e-03
6.561042246072737276e-03
8.091784846470230150e-03
9.622288888421709138e-03
1.115247203578426799e-02
1.268225195241499959e-02
1.421154630217098813e-02
1.574027274890933692e-02
1.726834895648713189e-02
1.879569258876145899e-02
2.032222130958941109e-02
2.184785278282808454e-02
2.337250467233456530e-02
2.489609464196594971e-02
2.641854035557932717e-02
2.793975947703179058e-02
2.945966967018042587e-02
3.097818859888232246e-02
3.249523392699458363e-02
3.401072331837429880e-02
3.552457443687855043e-02
3.703670494636442795e-02
3.854703251068902770e-02
4.005547479370945296e-02
4.156194945928277928e-02
4.306637417126610301e-02
4.456866659351651355e-02
4.606874438989110032e-02
4.756652522424695967e-02
4.906192676044119488e-02
5.055486666233086762e-02
5.204526259377309505e-02
5.353303221862494576e-02
5.501809320074354387e-02
5.650036320398595102e-02
5.797975989220926357e-02
5.945620092927059869e-02
6.092960397902699721e-02
6.239988670533559018e-02
6.386696677205347394e-02
6.533076184303769629e-02
6.679118958214540214e-02
6.824816765323364620e-02
6.970161372015953871e-02
7.115144544678016214e-02
7.259758049695259896e-02
7.403993653453395940e-02
7.547843122338131205e-02
7.691298222735178103e-02
7.834350721030242104e-02
7.976992383609035620e-02
8.119214976857266897e-02
8.261010267160644183e-02
8.402370020904875725e-02
8.543286004475672546e-02
8.683749984258741506e-02
8.823753726639793626e-02
8.963288998004538544e-02
9.102347564738685892e-02
9.240921193227941144e-02
9.379001649858018097e-02
9.516580701014619448e-02
9.653650113083461770e-02
9.790201652450250536e-02
9.926227085500696767e-02
1.006171817862050455e-01
1.019666669819538907e-01
1.033106441061105163e-01
1.046490308225321020e-01
1.059817447950757163e-01
1.073087036875984279e-01
1.086298251639573331e-01
1.099450268880095422e-01
1.112542265236121236e-01
1.125573417346221877e-01
1.138542901848967892e-01
1.151449895382930522e-01
1.164293574586680730e-01
1.177073116098789202e-01
1.189787696557826763e-01
1.202436492602364793e-01
1.215018680870973977e-01
1.227533438002225280e-01
1.239979940634689248e-01
1.252357365406936984e-01
1.264664888957539590e-01
1.276901687925068030e-01
1.289066938948093266e-01
1.301159818665185708e-01
1.313179503714916596e-01
1.325125170735856339e-01
1.336995996366577011e-01
1.348791157245648464e-01
1.360509830011642218e-01
1.372151191303128681e-01
1.383714417758679094e-01
1.395198686016864698e-01
1.406603172716255901e-01
1.417927054495423389e-01
1.429169507992938404e-01
1.440329709847372464e-01
1.451406836697295144e-01
1.462400065181278797e-01
1.473308571937893274e-01
1.484131533605709818e-01
1.494868126823299392e-01
1.505517528229233237e-01
1.516078914462081761e-01
1.526551462160415928e-01
1.536934347962806979e-01
1.547226748507825322e-01
1.557427840434042754e-01
1.567536800380028850e-01
1.577552804984355683e-01
1.587475030885593663e-01
1.597302654722313753e-01
1.607034853133087193e-01
1.616670802756484115e-01
1.626209680231076593e-01
1.635650662195434202e-01
1.644992925288128738e-01
1.654235646147731165e-01
1.663378001412812168e-01
1.672419167721942435e-01
1.681358321713693482e-01
1.690194640026635164e-01
1.698927299299339555e-01
1.707555476170376785e-01
1.716078347278318095e-01
1.724495089261734448e-01
1.732804878759196532e-01
1.741006892409275308e-01
1.749100306850541742e-01
1.757084298721567073e-01
1.764958044660921432e-01
1.772720721307177172e-01
1.780371505298903312e-01
1.787909573274672204e-01
1.795334101873053978e-01
1.802644267732619876e-01
1.809850139177284212e-01
1.817035565455658586e-01
1.824218175551760857e-01
1.831397811459319624e-01
1.838574315172065432e-01
1.845747528683726879e-01
1.852917293988034508e-01
1.860083453078717197e-01
1.867245847949504101e-01
1.874404320594125206e-01
1.881558713006310501e-01
1.888708867179788864e-01
1.895854625108290281e-01
1.902995828785543908e-01
1.910132320205278622e-01
1.917263941361225799e-01
1.924390534247112927e-01
1.931511940856670551e-01
1.938628003183628379e-01
1.945738563221715844e-01
1.952843462964662102e-01
1.959942544406196863e-01
1.967035649540049835e-01
1.974122620359950453e-01
1.981203298859627870e-01
1.988277527032811520e-01
1.995345146873232223e-01
2.002406000374617745e-01
2.009459929530698907e-01
2.016506776335205142e-01
2.023546382781864772e-01
2.030578590864409172e-01
2.037603242576566109e-01
2.044620179912065849e-01
2.051629244864638379e-01
2.058630279428012855e-01
2.065623125595918430e-01
2.072607625362085093e-01
2.079583620720242554e-01
2.086550953664119135e-01
2.093509466187446211e-01
2.100459000283951827e-01
2.107399397947365693e-01
2.114330501171417520e-01
2.121252151949837572e-01
2.128164192276354727e-01
2.135066464144698140e-01
2.141958809548598630e-01
2.148841070481784243e-01
2.155713088937985522e-01
2.162574706910930789e-01
2.169425766394350585e-01
2.176266109381974623e-01
2.183095577867531500e-01
2.189914013844751761e-01
2.196721259307364005e-01
2.203517156249098496e-01
2.210301546663684391e-01
2.217074272544851121e-01
2.223835175886328674e-01
2.230584098681845651e-01
2.237320882925132870e-01
2.244045370609919487e-01
2.250757403729934103e-01
2.257456824278906149e-01
2.264143474250566723e-01
2.270817195638644981e-01
2.277477830436869244e-01
2.284125220638969500e-01
2.290759208238676015e-01
2.297379635229718220e-01
2.303986343605824438e-01
2.310579175360725490e-01
2.317157972488150530e-01
2.323722576981828991e-01
2.330272830835490028e-01
2.336808576042863628e-01
2.343329654597678946e-01
2.349835908493666525e-01
2.356327179724554410e-01
2.362803310284072866e-01
2.369264142165951881e-01
2.375709517363920054e-01
2.382139277871707927e-01
2.388553265683044657e-01
2.394951322791659121e-01
2.401333291191280750e-01
2.407699012875640643e-01
2.414048329838466844e-01
2.420381084073489064e-01
2.426697117574437290e-01
2.432996272335040955e-01
2.439278390349030046e-01
2.445543313610133163e-01
2.451790884112079461e-01
2.458020943848600315e-01
2.464233334813424048e-01
2.470427899000279814e-01
2.476604478402898157e-01
2.482762915015007399e-01
2.488903050830337804e-01
2.495024727842618806e-01
2.501127788045580669e-01
2.507212073432951716e-01
2.513277425998461378e-01
2.519323687735840478e-01
2.525350700638817614e-01
2.531358306701123051e-01
2.537346347916485390e-01
2.543314666278634339e-01
2.549263103781300166e-01
2.555191502418211469e-01
2.561099704183097958e-01
2.566987551069689899e-01
2.572854885071716446e-01
2.578701548182906200e-01
2.584527382396989981e-01
2.590332229707696943e-01
2.596115932108756796e-01
2.601878331593897586e-01
2.607619270156850688e-01
2.613338589791344702e-01
2.619036132491109892e-01
2.624711740249875414e-01
2.630365255061369312e-01
2.635996518919323517e-01
2.641605373817466629e-01
2.647191661749527247e-01
2.652755224709236193e-01
2.658295904690322620e-01
2.663813543686516239e-01
2.669307983691545649e-01
2.674779066699141672e-01
2.680226634703032351e-01
2.685650529696947952e-01
2.691050593674619296e-01
2.696426668629773316e-01
2.701778596556140832e-01
2.707106219447452666e-01
2.712409379297436307e-01
2.717687918099822575e-01
2.722941677848340070e-01
2.728170500536719056e-01
2.733374228158688135e-01
2.738552702707978681e-01
2.743705766178318184e-01
2.748833260563436354e-01
2.753935027857065121e-01
2.759010910052930865e-01
2.764060749144764406e-01
2.769084387126296010e-01
2.774081665991254275e-01
2.779052427733368913e-01
2.783996514346370188e-01
2.788913767823986145e-01
2.793804030159947605e-01
2.798667143347983166e-01
2.803502949381823650e-01
2.808311290255197101e-01
2.813092007961833230e-01
2.817844944495462856e-01
2.822569941849815134e-01
2.827266842018618664e-01
2.831935486995602602e-01
2.836575718774497767e-01
2.841187379349033315e-01
2.845770310712939510e-01
2.850324354859944398e-01
2.854849353783778243e-01
2.859345149478170756e-01
2.863811583936850536e-01
2.868248499153547848e-01
2.872655737121992403e-01
2.877033139835913911e-01
2.881380549289040416e-01
2.885697807475103849e-01
2.889984756387831144e-01
2.894241238020953677e-01
2.898467094368200048e-01
2.902662167423300521e-01
2.906826299179983697e-01
2.910959331631979841e-01
2.915061106773018662e-01
2.919131466596828206e-01
2.923170253097140403e-01
2.927177308267682188e-01
2.931152474102184935e-01
2.935095592594377800e-01
2.939006505737989938e-01
2.942885055526751059e-01
2.946731083954389763e-01
2.950544433014637424e-01
2.954324944701222089e-01
2.958072461007874021e-01
2.961786823928322376e-01
2.965467875456297420e-01
2.969115457585527751e-01
2.972729412309743080e-01
2.976309581622673117e-01
2.979855807518047017e-01
2.983367931989595045e-01
2.986845797031046357e-01
2.990289244636130106e-01
2.993698116798576558e-01
2.997072255512114869e-01
3.000411502770473637e-01
3.003715700567384239e-01
3.006984690896575274e-01
3.010218315751775897e-01
3.013416417126716373e-01
3.016578837015125303e-01
3.019705417410732951e-01
3.022796000307268471e-01
3.025850427698462131e-01
3.028868541578041973e-01
3.031850183939739374e-01
3.034795196777281823e-01
3.037703422084401250e-01
3.040574701854825146e-01
3.043408878082283775e-01
3.046205792760506292e-01
3.048965287883224073e-01
3.051687205444163498e-01
3.054371387437056495e-01
3.057017675855632222e-01
3.059625912693618721e-01
3.062195939944748480e-01
3.064727599602747321e-01
3.067220733661347176e-01
3.069675184114276645e-01
3.072090792955267102e-01
3.074467402178044928e-01
3.076804853776342052e-01
3.079102989743887631e-01
3.081361652074410262e-01
3.083580682761639657e-01
3.085759923799306637e-01
3.087899217181139799e-01
3.089998404900867746e-01
3.092057328952221851e-01
3.094075831328930160e-01
3.096053754024722937e-01
3.097990939033329894e-01
3.099887228348480184e-01
3.101742463963902963e-01
3.103556487873327940e-01
3.105329142070485937e-01
3.107060268549104443e-01
3.108749709302914277e-01
3.110397306325644595e-01
3.112002901611025107e-01
3.113566337152784413e-01
3.115087454944653889e-01
3.116566096980361023e-01
3.118002105253637191e-01
3.119395321758210438e-01
3.120745588487810473e-01
3.122052747436168119e-01
3.123316640597012528e-01
3.124537109964071191e-01
3.125713997531075483e-01
3.126847145291754559e-01
3.127936395239839240e-01
3.128981589369057015e-01
3.129982569673138704e-01
3.130939178145812352e-01
3.131851256780808779e-01
3.132718647571856585e-01
3.133541192512687701e-01
3.134318733597029061e-01
3.135051112818610375e-01
3.135738172171162463e-01
3.136379753648413926e-01
3.136975699244094473e-01
3.137525850951932704e-01
3.138030050765659995e-01
3.138488140679006055e-01
3.138899962685697820e-01
3.139265358779467219e-01
3.139584170954042852e-01
3.139856241203153875e-01
3.140081411520531662e-01
3.140259523899903149e-01
3.140390420334998045e-01
3.140473942819548281e-01
3.140509933347282456e-01
3.140485557212306933e-01
3.140369490875690728e-01
3.140160801468773188e-01
3.139860050997895780e-01
3.139467801469401631e-01
3.138984614889631097e-01
3.138411053264927308e-01
3.137747678601630619e-01
3.136995052906082493e-01
3.136153738184626616e-01
3.135224296443602787e-01
3.134207289689354137e-01
3.133103279928221574e-01
3.131912829166547119e-01
3.130636499410672791e-01
3.129274852666939499e-01
3.127828450941689820e-01
3.126297856241265216e-01
3.124683630572007154e-01
3.122986335940258762e-01
3.121206534352359285e-01
3.119344787814652409e-01
3.117401658333479597e-01
3.115377707915181760e-01
3.113273498566101471e-01
3.111089592292579642e-01
3.108826551100959401e-01
3.106484936997581658e-01
3.104065311988787323e-01
3.101568238080920081e-01
3.098994277280319731e-01
3.096343991593329403e-01
3.093617943026290007e-01
3.090816693585543562e-01
3.087940805277432088e-01
3.084990840108296495e-01
3.081967360084479912e-01
3.078870927212322695e-01
3.075702103498166862e-01
3.072461450948354988e-01
3.069149531569227984e-01
3.065766907367128424e-01
3.062314140348397218e-01
3.058791792519376385e-01
3.055200425886407944e-01
3.051540602455833362e-01
3.047812884233994657e-01
3.044017833227232184e-01
3.040156011441889627e-01
3.036227980884307898e-01
3.032234303560829014e-01
3.028175541477794441e-01
3.024052256641545644e-01
3.019865011058425197e-01
3.015614366734773455e-01
3.011300885676933548e-01
3.006925129891246939e-01
3.002487661384054540e-01
2.997989042161700035e-01
2.993429834230522668e-01
2.988810599596865569e-01
2.984131900267070203e-01
2.979394298247478590e-01
2.974598355544431638e-01
2.969744634164272479e-01
2.964833696113342021e-01
2.959866103397981729e-01
2.954842418024534179e-01
2.949763201999340279e-01
2.944629017328742049e-01
2.939440426019080954e-01
2.934197990076700124e-01
2.928902271507939359e-01
2.923553832319142343e-01
2.918153234516648875e-01
2.912701040106802086e-01
2.907197811095942885e-01
2.901644109490413848e-01
2.896040497296555327e-01
2.890387536520710454e-01
2.884685789169221248e-01
2.878935817248428064e-01
2.873138182764673476e-01
2.867293447724298394e-01
2.861402174133645948e-01
2.855464923999057048e-01
2.849482259326873157e-01
2.843454742123437406e-01
2.837382934395089595e-01
2.831267398148172854e-01
2.825108695389028091e-01
2.818907388123997881e-01
2.812664038359423135e-01
2.806379208101645872e-01
2.800053459357008667e-01
2.793687354131851874e-01
2.787281454432518069e-01
2.780836322265348715e-01
2.774352519636685832e-01
2.767830608552871441e-01
2.761271151020245895e-01
2.754674709045152881e-01
2.748041844633932751e-01
2.741373119792928081e-01
2.734669096528479226e-01
2.727930336846929316e-01
2.721157402754619259e-01
2.714350856257892186e-01
2.707511259363088452e-01
2.700639174076550630e-01
2.693735162404619632e-01
2.686799786353637476e-01
2.679833607929946737e-01
2.672837189139887215e-01
2.665811091989802595e-01
2.658755878486034341e-01
2.651672110634923918e-01
2.644560350442812235e-01
2.637421159916041868e-01
2.630255101060954281e-01
2.623062735883892049e-01
2.615844626391195527e-01
2.608601334589207288e-01
2.601333422484269353e-01
2.594041452082723187e-01
2.586725985390909699e-01
2.579387584415172019e-01
2.572026811161851612e-01
2.564644227637288831e-01
2.557240395847826253e-01
2.549815877799807007e-01
2.542371235499571447e-01
2.534907030953460483e-01
2.527423826167817800e-01
2.519922183148983197e-01
2.512402663903300915e-01
2.504865830437110197e-01
2.497312244756753896e-01
2.489742468868574310e-01
2.482157064778911792e-01
2.474556594494108919e-01
2.466941620020507431e-01
2.459312703364449071e-01
2.451670406532275304e-01
2.444015291530328704e-01
2.436347920364949071e-01
2.428668855042481201e-01
2.420978657569264336e-01
2.413277889951640776e-01
2.405567114195952261e-01
2.397846892308541089e-01
2.390117786295748448e-01
2.382380358163916634e-01
2.374635169919387390e-01
2.366882783568501902e-01
2.359123761117601359e-01
2.351358664573028612e-01
2.343588055941125126e-01
2.335812497228232920e-01
2.328032550440692905e-01
2.320248777584848487e-01
2.312461740667038912e-01
2.304672001693607586e-01
2.296880122670896252e-01
2.289086665605246096e-01
2.281292192502999416e-01
2.273497265370497122e-01
2.265702446214081789e-01
2.257908297040095158e-01
2.250115379854878139e-01
2.242324256664773308e-01
2.234535489476121850e-01
2.226749640295265509e-01
2.218967271128546581e-01
2.211188943982306532e-01
2.203415220862887658e-01
2.195646663776630314e-01
2.187883834729877353e-01
2.180127295728969961e-01
2.172377608780250435e-01
2.164635335890060241e-01
2.156901039064740566e-01
2.149175280310634817e-01
2.141458621634082793e-01
2.133751625041427347e-01
2.126054852539009943e-01
2.118368866133171768e-01
2.110694227830255676e-01
2.103031499636602575e-01
2.095381243558554485e-01
2.087744021602453981e-01
2.080120395774641140e-01
2.072510928081458814e-01
2.064916180529247913e-01
2.057336715124351290e-01
2.049773093873109853e-01
2.042225878781865345e-01
2.034695631856960618e-01
2.027182915104736305e-01
2.019688290531534702e-01
2.012212320143696720e-01
2.004755565947564933e-01
1.997318589949480250e-01
1.989901954155786079e-01
1.982506220572822775e-01
1.975131951206931802e-01
1.967779708064456012e-01
1.960450053151736316e-01
1.953143548475115010e-01
1.945860756040933559e-01
1.938602237855533428e-01
1.931368555925257469e-01
1.924160272256446036e-01
1.916977948855441427e-01
1.909822147728585384e-01
1.902693430882219372e-01
1.895592360322685965e-01
1.888519498056326074e-01
1.881475406089482272e-01
1.874460646428496302e-01
1.867475781079707964e-01
1.860521372049460942e-01
1.853597981344096701e-01
1.846706170969956429e-01
1.839846502933382699e-01
1.833019539240716700e-01
1.826225841898300173e-01
1.819465972912475138e-01
1.812740494289582505e-01
1.806049968035964848e-01
1.799394956157963910e-01
1.792776020661920600e-01
1.786193723554178048e-01
1.779648626841077719e-01
1.773141292528959967e-01
1.766672282624167367e-01
1.760242159133041662e-01
1.753851484061925148e-01
1.747500819417159290e-01
1.741190727205084998e-01
1.734921769432044847e-01
1.728694508104380856e-01
1.722509505228433657e-01
1.716367322810546381e-01
1.710268522857058826e-01
1.704213667374314956e-01
1.698203318368655124e-01
1.692238037846421628e-01
1.686318387813956210e-01
1.680444930277600335e-01
1.674618227243695190e-01
1.668838840718583905e-01
1.663107332708607111e-01
1.657424265220107384e-01
1.651790200259425079e-01
1.646205699832904157e-01
1.640671325946884418e-01
1.635187640607708437e-01
1.629755205821717401e-01
1.624374583595253885e-01
1.619046335934658798e-01
1.613771024846274160e-01
1.608549212336442269e-01
1.603381460411504311e-01
1.598268331077802862e-01
1.593210386341677998e-01
1.588208188209472571e-01
1.583262298687528324e-01
1.578373279782186445e-01
1.573541693499790062e-01
1.568768101846679530e-01
1.564053066829196315e-01
1.559397150453683545e-01
1.554800914726481575e-01
1.550264921653933536e-01
1.545789733242380337e-01
1.541375911498163997e-01
1.537024018427625982e-01
1.532734616037108033e-01
1.528508266332951893e-01
1.524345531321500136e-01
1.520246973009093672e-01
1.516213153402073965e-01
1.512244634506783869e-01
1.508341978329562905e-01
1.504505655841890943e-01
1.500697758603728449e-01
1.496886938628356478e-01
1.493073297982651926e-01
1.489256938733491964e-01
1.485437962947753487e-01
1.481616472692313113e-01
1.477792570034049124e-01
1.473966357039837027e-01
1.470137935776554827e-01
1.466307408311079141e-01
1.462474876710287974e-01
1.458640443041056556e-01
1.454804209370263168e-01
1.450966277764784429e-01
1.447126750291497232e-01
1.443285729017279029e-01
1.439443316009006713e-01
1.435599613333557456e-01
1.431754723057807599e-01
1.427908747248635146e-01
1.424061787972916715e-01
1.420213947297529200e-01
1.416365327289349496e-01
1.412516030015254775e-01
1.408666157542123043e-01
1.404815811936829806e-01
1.400965095266252514e-01
1.397114109597268894e-01
1.393262956996755286e-01
1.389411739531588863e-01
1.385560559268646519e-01
1.381709518274805426e-01
1.377858718616943035e-01
1.374008262361935684e-01
1.370158251576660824e-01
1.366308788327995627e-01
1.362459974682816433e-01
1.358611912708000968e-01
1.354764704470426129e-01
1.350918452036969364e-01
1.347073257474506458e-01
1.343229222849915139e-01
1.339386450230072578e-01
1.335545041681855394e-01
1.331705099272141313e-01
1.327866725067806675e-01
1.324030021135728930e-01
1.320195089542784972e-01
1.316362032355851419e-01
1.312530951641806554e-01
1.308701949467525882e-01
1.304875127899887410e-01
1.301050589005767755e-01
1.297228434852043810e-01
1.293408767505593582e-01
1.289591689033292854e-01
1.285777301502019354e-01
1.281965706978649977e-01
1.278157007530061340e-01
1.274351305223131170e-01
1.270548702124735807e-01
1.266749300301752978e-01
1.262953201821059301e-01
1.259160508749531671e-01
1.255371323154047536e-01
1.251585747101483514e-01
1.247803882658717056e-01
1.244025831892625195e-01
1.240251696870084963e-01
1.236481579657972701e-01
1.232715582323165998e-01
1.228953806932541609e-01
1.225196355552976707e-01
1.221443330251348602e-01
1.217694833094533635e-01
1.213950966149409810e-01
1.210211831482853329e-01
1.206477531161741779e-01
1.202748167252951778e-01
1.199023841823360359e-01
1.195304656939844834e-01
1.191590714669282375e-01
1.187882117078549321e-01
1.184178966234523955e-01
1.180481364204082062e-01
1.176789413054100675e-01
1.173103214851457521e-01
1.169422871663028940e-01
1.165748485555692937e-01
1.162080158596325713e-01
1.158417992851804579e-01
1.154762090389006568e-01
1.151112553274808437e-01
1.147469483576087634e-01
1.143832983359721056e-01
1.140203154692585596e-01
1.136580099641558567e-01
1.132963920273517139e-01
1.129354718655337514e-01
1.125752596853897419e-01
1.122157656936073472e-01
1.118570000968742983e-01
1.114989731018783264e-01
1.111416949153070516e-01
1.107851757438482465e-01
1.104294257941895868e-01
1.100744552730188036e-01
1.097202743870235309e-01
1.093668933428915691e-01
1.090143223473105383e-01
1.086625716069681835e-01
1.083116513285522081e-01
1.079615717187503432e-01
1.076123429842501950e-01
1.072639753317395361e-01
1.069164789679060562e-01
1.065698640994374724e-01
1.062241409330214464e-01
1.058793196753457511e-01
1.055354105330980202e-01
1.051924237129660267e-01
1.048503694216373627e-01
1.045092578657998705e-01
1.041690992521411008e-01
1.038299037873489233e-01
1.034916816781109167e-01
1.031544431311148535e-01
1.028181983530484095e-01
1.024829575505992602e-01
1.021487309304551505e-01
1.018155286993037562e-01
1.014833610638327943e-01
1.011522382307299683e-01
1.008221704066829538e-01
1.004931677983794958e-01
1.001652406125072697e-01
9.983839905575399298e-02
9.951265333480736885e-02
9.918801365635507294e-02
9.886449022708485024e-02
9.854209325368439021e-02
9.822083294284145172e-02
9.790071950124355771e-02
9.758176313557859194e-02
9.726397405253417450e-02
9.694736245879805037e-02
9.663193856105785351e-02
9.631771256600138442e-02
9.600469468031624931e-02
9.569289511069024867e-02
9.538232406381098871e-02
9.507299174636624217e-02
9.476490836504368465e-02
9.445808412653100561e-02
9.415252923751593617e-02
9.384825390468617967e-02
9.354526833472946723e-02
9.324358273433340505e-02
9.294320731018575199e-02
9.264415226897423916e-02
9.234642781738651440e-02
9.205004416211030882e-02
9.175501150983335352e-02
9.146134006724328247e-02
9.116904004102788228e-02
9.087812163787478692e-02
9.058859506447171361e-02
9.030047052750639347e-02
9.001375823366652984e-02
8.972846838963979832e-02
8.944461120211390226e-02
8.916219687777661440e-02
8.888123562331551319e-02
8.860173764541838526e-02
8.832371315077289231e-02
8.804717234606677934e-02
8.777212543798773581e-02
8.749858263322345120e-02
8.722655413846162886e-02
8.695605016038998603e-02
8.668708090569622604e-02
8.641965658106803838e-02
8.615378739319314028e-02
8.588948354875920732e-02
8.562675525445397062e-02
8.536561271696517517e-02
8.510606614298041328e-02
8.484812573918747158e-02
8.459180171227402567e-02
8.433710426892777889e-02
8.408404361583642073e-02
8.383262995968771003e-02
8.358287350716926689e-02
8.333478446496886405e-02
8.308837303977417710e-02
8.284364943827290939e-02
8.260062386715276428e-02
8.235930653310144511e-02
8.211970764280666912e-02
8.188183740295609803e-02
8.164570602023750456e-02
8.141132370133853657e-02
8.117870065294688353e-02
8.094784708175030430e-02
8.071877319443644672e-02
8.049148919769305577e-02
8.026600529820780705e-02
8.004233170266843167e-02
7.982047861776259134e-02
7.960045625017803106e-02
7.938227480660242641e-02
7.916594449372350850e-02
7.895147551822893905e-02
7.873887808680646305e-02
7.852816240614379772e-02
7.831933868292856316e-02
7.811241712384851821e-02
7.790740793559138011e-02
7.770432132484479670e-02
7.750316749829654073e-02
7.730395666263424614e-02
7.710669902454567182e-02
7.691140479071849334e-02
7.671808416784042794e-02
7.652674736259915123e-02
7.633740458168239429e-02
7.615006603177787436e-02
7.596474191957323929e-02
7.578144245175623406e-02
7.560017783501457589e-02
7.542095827603592650e-02
7.524379398150798925e-02
7.506869515811849525e-02
7.489567201255512008e-02
7.472473475150560873e-02
7.455589358165762293e-02
7.438915870969887989e-02
7.422454034231709685e-02
7.406204868619993553e-02
7.390169394803514091e-02
7.374348633451041635e-02
7.358743605231343743e-02
7.343355330813192139e-02
7.328184830865357158e-02
7.313233126056609135e-02
7.298501237055718405e-02
7.283990184531453915e-02
7.269700989152587389e-02
7.255634671587889162e-02
7.241792252506128180e-02
7.228174752576076167e-02
7.214783192466503459e-02
7.201618592846179001e-02
7.188681974383873130e-02
7.175974357748358956e-02
7.163496763608404039e-02
7.151250212632778713e-02
7.139235725490256090e-02
7.127454322849603729e-02
7.115907025379593354e-02
7.104594853748993910e-02
7.093518828626575734e-02
7.082679970681109161e-02
7.072079300581367300e-02
7.061717838996114938e-02
7.051596606594126571e-02
7.041716624044171147e-02
7.032078912015020389e-02
7.022684491175443244e-02
7.013534382194210048e-02
7.004629605740091136e-02
6.995971182481856843e-02
6.987560133088278891e-02
6.979397478228126228e-02
6.971484238570170577e-02
6.963821434783178110e-02
6.956410087535923326e-02
6.949251217497173783e-02
6.942345845335702592e-02
6.935694991720280089e-02
6.929299677319672446e-02
6.923160922802654160e-02
6.917279748837992792e-02
6.911657176094458677e-02
6.906294225240826312e-02
6.901177332191177349e-02
6.896140284826844657e-02
6.891135727725042348e-02
6.886163485224833236e-02
6.881223381665277361e-02
6.876315241385437538e-02
6.871438888724380745e-02
6.866594148021164246e-02
6.861780843614853631e-02
6.856998799844510328e-02
6.852247841049198540e-02
6.847527791567978306e-02
6.842838475739912441e-02
6.838179717904066535e-02
6.833551342399502015e-02
6.828953173565280310e-02
6.824385035740462846e-02
6.819846753264116601e-02
6.815338150475300227e-02
6.810859051713076540e-02
6.806409281316511128e-02
6.801988663624662645e-02
6.797597022976595293e-02
6.793234183711373275e-02
6.788899970168058018e-02
6.784594206685710949e-02
6.780316717603397658e-02
6.776067327260178186e-02
6.771845859995113959e-02
6.767652140147271955e-02
6.763485992055710827e-02
6.759347240059494777e-02
6.755235708497688008e-02
6.751151221709349171e-02
6.747093604033543857e-02
6.743062679809333493e-02
6.739058273375780894e-02
6.735080209071948876e-02
6.731128311236900252e-02
6.727202404209696451e-02
6.723302312329401675e-02
6.719427859935077352e-02
6.715578871365786295e-02
6.711755170960591321e-02
6.707956583058556632e-02
6.704182931998740880e-02
6.700434042120211042e-02
6.696709737762025771e-02
6.693009843263250658e-02
6.689334182962947128e-02
6.685682581200177999e-02
6.682054862314004695e-02
6.678450850643490033e-02
6.674870370527699603e-02
6.671313246305692057e-02
6.667779302316532986e-02
6.664268362899283815e-02
6.660780252393007361e-02
6.657314795136763663e-02
6.653871815469619699e-02
6.650451137730635509e-02
6.647052586258875295e-02
6.643675985393397709e-02
6.640321159473271118e-02
6.636987932837552784e-02
6.633676129825308299e-02
6.630385574775600477e-02
6.627116092027490746e-02
6.623867505920041920e-02
6.620639640792315428e-02
6.617432320983376859e-02
6.614245370832286253e-02
6.611078614678106424e-02
6.607931876859901577e-02
6.604804981716733137e-02
6.601697753587663919e-02
6.598610016811756740e-02
6.595541595728074413e-02
6.592492314675678367e-02
6.589461997993631415e-02
6.586450470020996373e-02
6.583457555096836056e-02
6.580483077560213279e-02
6.577526861750190856e-02
6.574588732005831604e-02
6.571668512666196948e-02
6.568766028070349705e-02
6.565881102557354076e-02
6.563013560466270102e-02
6.560163226136163372e-02
6.557329923906093927e-02
6.554513478115123193e-02
6.551713713102318148e-02
6.548930453206738833e-02
6.546163522767446674e-02
6.543412746123507262e-02
6.540677947613980636e-02
6.537958951577930999e-02
6.535255582354418391e-02
6.532567664282511177e-02
6.529895021701265234e-02
6.527237478949746152e-02
6.524594860367016746e-02
6.521966990292139832e-02
6.519353693064176836e-02
6.516754793022190573e-02
6.514170114505245246e-02
6.511599481852402282e-02
6.509042719402723109e-02
6.506499651495271930e-02
6.503970102469110171e-02
6.501453896663300647e-02
6.498950858416907561e-02
6.496460812068993729e-02
6.493983581958617801e-02
6.491518992424846757e-02
6.489066867806740635e-02
6.486627032443363639e-02
6.484199310673775807e-02
6.481783526837042730e-02
6.479379505272225837e-02
6.476987070318386552e-02
6.474606046314590468e-02
6.472236257599897624e-02
6.469877528513369447e-02
6.467529683394072915e-02
6.465192546581066679e-02
6.462865942413414944e-02
6.460549695230179135e-02
6.458243629370424843e-02
6.455947569173210721e-02
6.453661338977602357e-02
6.451384763122661181e-02
6.449117665947450007e-02
6.446859871791030261e-02
6.444611204992466147e-02
6.442371489890820480e-02
6.440140550825153298e-02
6.437918212134530194e-02
6.435704298158013981e-02
6.433498633234663311e-02
6.431301041703545163e-02
6.429111347903716800e-02
6.426929376174247976e-02
6.424754950854195956e-02
6.422587896282624942e-02
6.420428036798597748e-02
6.418275196741177191e-02
6.416129200449426084e-02
6.413989872262405856e-02
6.411857036519179320e-02
6.409730517558809293e-02
6.407610139720358589e-02
6.405495727342890022e-02
6.403387104765466409e-02
6.401284096327149176e-02
6.399186526367002525e-02
6.397094219224085110e-02
6.395006999237465295e-02
6.392924690746201732e-02
6.390847118089358625e-02
6.388774105605998788e-02
6.386705477635183648e-02
6.384641058515974632e-02
6.382580672587438719e-02
6.380524144188633173e-02
6.378471297658624972e-02
6.376421957336474156e-02
6.374375947561244926e-02
6.372333092671998711e-02
6.370293217007798325e-02
6.368256144907705196e-02
6.366221700710786302e-02
6.364189708756098907e-02
6.362159993382708600e-02
6.360132378929676811e-02
6.358106689736066353e-02
6.356082750140941429e-02
6.354060384483362078e-02
6.352039417102393892e-02
6.350019672337096910e-02
6.348000974526533946e-02
6.345983148009767816e-02
6.343966017125861334e-02
6.341949406213877316e-02
6.339933139612878576e-02
6.337917041661927930e-02
6.335900936700086805e-02
6.333884649066418016e-02
6.331868003099984377e-02
6.329850823139851479e-02
6.327832933525076586e-02
6.325814158594723902e-02
6.323794322687860403e-02
6.321773250143541967e-02
6.319750765300835571e-02
6.317726692498802643e-02
6.315700856076507386e-02
6.313673080373008450e-02
6.311643189727371428e-02
6.309611008478659133e-02
6.307576360965932993e-02
6.305539071528255823e-02
6.303498964504689051e-02
6.301455864234299653e-02
6.299409595056144895e-02
6.297359981309290367e-02
6.295306847332798883e-02
6.293250017465730484e-02
6.291189316047150759e-02
6.289124567416118361e-02
6.287055595911701655e-02
6.284982225872959294e-02
6.282904281638952704e-02
6.280821587548748863e-02
6.278733967941405036e-02
6.276641247155989589e-02
6.274543249531561173e-02
6.272439799407183991e-02
6.270330721121919471e-02
6.268215839014830426e-02
6.266094977424979673e-02
6.263967960691432801e-02
6.261834613153245688e-02
6.259694759149486698e-02
6.257548223019215872e-02
6.255394829101498799e-02
6.253234401735392745e-02
6.251066765259964686e-02
6.248891744014275357e-02
6.246709162337388960e-02
6.244518844568366922e-02
6.242320615046271365e-02
6.240114298110165103e-02
6.237899718099110952e-02
6.235676699352173113e-02
6.233445066208411628e-02
6.231204643006891392e-02
6.228955254086673138e-02
6.226696723786818988e-02
6.224428876446393144e-02
6.222151536404457728e-02
6.219864528000076942e-02
6.217567675572310132e-02
6.215260803460222194e-02
6.212943736002874556e-02
6.210616297539330727e-02
6.208278312408653521e-02
6.205929604949903672e-02
6.203569999502146076e-02
6.201199320404441467e-02
6.198817391995854742e-02
6.196424038615444552e-02
6.194019084602278569e-02
6.191602354295415445e-02
6.189173672033919382e-02
6.186732862156852503e-02
6.184279749003279009e-02
6.181814156912257552e-02
6.179335910222855804e-02
6.176844833274131724e-02
6.174340750405152289e-02
6.171823485954974764e-02
6.169292864262667514e-02
6.166748709667289191e-02
6.164190846507903998e-02
6.161619099123575444e-02
6.159033291853362180e-02
6.156433249036331878e-02
6.153818795011543885e-02
6.151189754118062403e-02
6.148545950694948165e-02
6.145887209081265373e-02
6.143213353616075456e-02
6.140524208638441228e-02
6.137819598487428280e-02
6.135099347502093875e-02
6.132363280021507074e-02
6.129611220384722364e-02
6.126842992930810888e-02
6.124058421998829910e-02
6.121257331927840162e-02
6.118439547056912092e-02
6.115604891725099496e-02
6.112753190271472126e-02
6.109884267035087246e-02
6.106996847901285247e-02
6.104087331018616391e-02
6.101155654022828029e-02
6.098202045360626156e-02
6.095226733478709830e-02
6.092229946823782966e-02
6.089211913842543233e-02
6.086172862981695242e-02
6.083113022687940130e-02
6.080032621407979732e-02
6.076931887588512410e-02
6.073811049676244855e-02
6.070670336117873350e-02
6.067509975360104585e-02
6.064330195849635535e-02
6.061131226033171504e-02
6.057913294357410161e-02
6.054676629269056809e-02
6.051421459214811199e-02
6.048148012641373777e-02
6.044856517995449152e-02
6.041547203723736381e-02
6.038220298272936604e-02
6.034876030089754428e-02
6.031514627620887525e-02
6.028136319313041891e-02
6.024741333612914501e-02
6.021329898967209271e-02
6.017902243822627339e-02
6.014458596625871234e-02
6.010999185823640706e-02
6.007524239862638976e-02
6.004033987189565102e-02
6.000528656251125081e-02
5.997008475494015195e-02
5.993473673364941440e-02
5.989924478310602179e-02
5.986361118777701329e-02
5.982783823212940028e-02
5.979192820063017333e-02
5.975588337774637160e-02
5.971970604794500648e-02
5.968339849569308242e-02
5.964696300545763857e-02
5.961040186170566552e-02
5.957371734890419546e-02
5.953691175152023979e-02
5.949998735402081684e-02
5.946294644087292414e-02
5.942579129654360082e-02
5.938852420549983746e-02
5.935114745220868709e-02
5.931366332113711948e-02
5.927607409675219458e-02
5.923838206352090296e-02
5.920058950591024910e-02
5.916269870838727213e-02
5.912471195541896957e-02
5.908663153147236669e-02
5.904845972101448875e-02
5.901019880851232635e-02
5.897185107843291862e-02
5.893341881524328391e-02
5.889490430341038502e-02
5.885630982740130274e-02
5.881763767168303458e-02
5.877889012072257113e-02
5.874006945898695847e-02
5.870117797094320800e-02
5.866221794105830334e-02
5.862319165379930447e-02
5.858410139363317420e-02
5.854494944502698639e-02
5.850573809244771772e-02
5.846646962036241429e-02
5.842714631323803892e-02
5.838777045554167239e-02
5.834834433174027057e-02
5.830887022630090039e-02
5.826935042369053852e-02
5.822978720837623107e-02
5.819018286482496166e-02
5.815053967750377639e-02
5.811085993087966584e-02
5.807114590941965526e-02
5.803139989759076300e-02
5.799162417986001433e-02
5.795182104069439982e-02
5.791199276456094475e-02
5.787214163592667437e-02
5.783226993925859316e-02
5.779237995902373332e-02
5.775247397968909235e-02
5.771255428572168167e-02
5.767262316158853347e-02
5.763268289175666609e-02
5.759273576069307010e-02
5.755278405286479854e-02
5.751283005273882809e-02
5.747287604478217710e-02
5.743292431346190552e-02
5.739297714324498312e-02
5.735303681859843516e-02
5.731310562398927305e-02
5.727318584388454287e-02
5.723327976275123519e-02
5.719338966505636140e-02
5.715351783526693985e-02
5.711366655785000968e-02
5.707383811727254064e-02
5.703403479800160658e-02
5.699425888450417726e-02
5.695451266124727796e-02
5.691479841269794088e-02
5.687511842332314271e-02
5.683547497758995731e-02
5.679587035996534056e-02
5.675630685491635935e-02
5.671678674690998345e-02
5.667731232041325895e-02
5.663788585989320418e-02
5.659850964981680971e-02
5.655918597465110081e-02
5.651991711886310277e-02
5.648070536691982696e-02
5.644155300328828478e-02
5.640246231243550151e-02
5.636343557882848160e-02
5.632447508693423643e-02
5.628558312121979823e-02
5.624676196615215756e-02
5.620801390619836052e-02
5.616934122582539768e-02
5.613074620950029431e-02
5.609223114169006874e-02
5.605379830686173931e-02
5.601544998948230353e-02
5.597718847401880748e-02
5.593901604493823482e-02
5.590093498670761080e-02
5.586294758379397457e-02
5.582505612066430978e-02
5.578726288178563475e-02
5.574957015162498170e-02
5.571198021464935507e-02
5.567449535532579402e-02
5.563711785812126137e-02
5.559985000750283096e-02
5.556269408793747949e-02
5.552565238389223917e-02
5.548872717983410752e-02
5.545192076023013061e-02
5.541523540954729904e-02
5.537867341225264500e-02
5.534223705281315908e-02
5.530592861569589430e-02
5.526975038536783430e-02
5.523370464629601129e-02
5.519779368294742278e-02
5.516201977978910792e-02
5.512638522128806423e-02
5.509089229191130310e-02
5.505554327612587062e-02
5.502034045839875737e-02
5.498528612319698861e-02
5.495038255498756880e-02
5.491563203823751627e-02
5.488103685741384241e-02
5.484659929698357944e-02
5.481232164141372487e-02
5.477820617517131091e-02
5.474425518272333507e-02
5.471047094853683651e-02
5.467685575707881274e-02
5.464341189281628208e-02
5.461014164021625594e-02
5.457704728374575265e-02
5.454413110787179747e-02
5.451139539706139486e-02
5.447884243578157704e-02
5.444647450849932069e-02
5.441429389968169272e-02
5.438230289379565596e-02
5.435050377530827731e-02
5.431889882868653346e-02
5.428749033839744970e-02
5.425628058890805128e-02
5.422527186468536348e-02
5.419446645019636993e-02
5.416386662990810980e-02
5.413347468828758058e-02
5.410329290980183531e-02
5.407332357891785068e-02
5.404356898010264504e-02
5.401403139782324364e-02
5.398471311654667176e-02
5.395561642073992692e-02
5.392674359487002744e-02
5.389809692340399166e-02
5.386967869080884486e-02
5.384149118155160535e-02
5.381353668009925678e-02
5.378581747091884524e-02
5.375833583847737518e-02
5.373109406724187187e-02
5.370409444167933977e-02
5.367733924625679720e-02
5.365083076544125557e-02
5.362457128369973319e-02
5.359856308549924842e-02
5.357280845530681956e-02
5.354730967758945109e-02
5.352206903681417521e-02
5.349708881744797556e-02
5.347237130395789823e-02
5.344791878081097541e-02
5.342373353247416995e-02
5.339981784341453486e-02
5.337617399809906071e-02
5.335280428099478667e-02
5.332971097656872411e-02
5.330689636928789832e-02
5.328436274361927905e-02
5.326211238402993320e-02
5.324014757498684441e-02
5.321847060095704490e-02
5.319708374640753218e-02
5.317598929580535233e-02
5.315518953361749593e-02
5.313468674431098826e-02
5.311448321235282682e-02
5.309458122221005077e-02
5.307498305834966457e-02
5.305569100523867959e-02
5.303670734734414194e-02
5.301803436913302831e-02
5.299967435507236396e-02
5.298162958962916724e-02
5.296390235727047729e-02
5.294649494246325694e-02
5.292940962967457308e-02
5.291264870337140935e-02
5.289621444802079797e-02
5.288010914808974339e-02
5.286433508804528475e-02
5.284889455235440570e-02
5.283378982548413844e-02
5.281902319190149436e-02
5.280459693607349181e-02
5.279051334246713523e-02
5.277677469554945683e-02
5.276338327978746801e-02
5.275034137964818015e-02
5.273765127959860466e-02
5.272531526410578068e-02
5.271333561763667103e-02
5.270171462465833567e-02
5.269045456963779295e-02
5.267955773704203343e-02
5.266902641133808932e-02
5.265886287699296509e-02
5.264906941847369293e-02
5.263964832024727036e-02
5.263060186678071573e-02
5.262193234254105428e-02
5.261364203199529743e-02
5.260573321961044962e-02
5.259820818985355001e-02
5.259106922719158222e-02
5.258431861609159236e-02
5.257795864102057792e-02
5.257199158644556419e-02
5.256641973683354868e-02
5.256124537665157054e-02
5.255647079036663422e-02
5.255209826244575805e-02
5.254813007735594649e-02
5.254456851956423175e-02
5.254141587353762521e-02
5.253867442374311747e-02
5.253634645464777542e-02
5.253443425071856188e-02
5.253294009642252294e-02
5.253186627622664917e-02
5.253121507459799361e-02
5.253098877600354683e-02
5.253192618175710898e-02
5.253485593927855607e-02
5.253977491703900465e-02
5.254667924721925093e-02
5.255556506200003558e-02
5.256642849356215480e-02
5.257926567408637009e-02
5.259407273575343600e-02
5.261084581074414179e-02
5.262958103123926284e-02
5.265027452941952596e-02
5.267292243746576202e-02
5.269752088755871172e-02
5.272406601187912961e-02
5.275255394260781883e-02
5.278298081192551311e-02
5.281534275201301559e-02
5.284963589505106696e-02
5.288585637322047034e-02
5.292400031870196642e-02
5.296406386367633751e-02
5.300604314032434511e-02
5.304993428082678542e-02
5.309573341736438523e-02
5.314343668211794075e-02
5.319304020726824123e-02
5.324454012499602734e-02
5.329793256748207447e-02
5.335321366690715800e-02
5.341037955545204635e-02
5.346942636529750104e-02
5.353035022862431130e-02
5.359314727761322478e-02
5.365781364444501683e-02
5.372434546130047672e-02
5.379273886036036595e-02
5.386298997380542519e-02
5.393509493381647840e-02
5.400904987257423850e-02
5.408485092225951557e-02
5.416249421505306416e-02
5.424197588313566659e-02
5.432329205868807742e-02
5.440643887389105121e-02
5.449141246092539803e-02
5.457820895197187938e-02
5.466682447921124288e-02
5.475725517482426391e-02
5.484949717099172478e-02
5.494354659989440087e-02
5.503939959371303287e-02
5.513705228462842389e-02
5.523650080482128688e-02
5.533774128647245966e-02
5.544076986176270372e-02
5.554558266287275975e-02
5.565217582198340313e-02
5.576054547127542310e-02
5.587068774292958118e-02
5.598259876912663191e-02
5.609627468204737150e-02
5.621171161387253368e-02
5.632890569678293546e-02
5.644785306295931060e-02
5.656854984458242752e-02
5.669099217383308242e-02
5.681517618289202987e-02
5.694109800394003829e-02
5.706875376915787612e-02
5.719813961072633263e-02
5.732925166082615542e-02
5.746208605163810601e-02
5.759663891534299446e-02
5.773290638412156145e-02
5.787088459015457542e-02
5.801056966562281869e-02
5.815195774270706663e-02
5.829504495358805993e-02
5.843982743044659478e-02
5.858630130546344655e-02
5.873446271081935594e-02
5.888430777869511218e-02
5.903583264127144903e-02
5.918903343072919737e-02
5.934390627924910483e-02
5.950044731901195372e-02
5.965865268219847778e-02
5.981851850098948015e-02
5.998004090756569456e-02
6.014321603410794498e-02
6.030804001279693738e-02
6.047450897581350265e-02
6.064261905533836067e-02
6.081236638355231455e-02
6.098374709263611887e-02
6.115675731477054899e-02
6.133139318213637337e-02
6.150765082691436042e-02
6.168552638128529247e-02
6.186501597742991715e-02
6.204611574752901676e-02
6.222882182376336668e-02
6.241313033831373536e-02
6.259903742336087040e-02
6.278653921108558189e-02
6.297563183366859663e-02
6.316631142329072468e-02
6.335857411213269286e-02
6.355241603237532511e-02
6.374783331619934823e-02
6.394482209578554455e-02
6.414337850331462698e-02
6.434349867096747499e-02
6.454517873092481539e-02
6.474841481536741661e-02
6.495320305647603321e-02
6.515953958643144750e-02
6.536742053741442793e-02
6.557684204160574293e-02
6.578780023118616094e-02
6.600029123833645039e-02
6.621431119523739361e-02
6.642985623406975904e-02
6.664692248701428734e-02
6.686550608625177472e-02
6.708560316396298961e-02
6.730720985232870046e-02
6.753032228352967570e-02
6.775493658974669764e-02
6.798104890316050697e-02
6.820865535595189988e-02
6.843775208030163093e-02
6.866833520839048244e-02
6.890040087239922284e-02
6.913394520450862057e-02
6.936896433689941632e-02
6.960545440175243403e-02
6.984341153124840051e-02
7.008283185756811196e-02
7.032371151289232292e-02
7.056604662940173245e-02
7.080983333927726164e-02
7.105506777469960955e-02
7.130174606784955849e-02
7.154986435090783525e-02
7.179941875605523605e-02
7.205040541547255706e-02
7.230282046134052509e-02
7.255666002583993635e-02
7.281192024115154537e-02
7.306859723945613450e-02
7.332668715293445827e-02
7.358618611376731289e-02
7.384709025413545291e-02
7.410939570621963290e-02
7.437309860220063518e-02
7.463819507425924205e-02
7.490468125457622195e-02
7.517255327533231557e-02
7.544180726870833298e-02
7.571243936688501486e-02
7.598444570204314352e-02
7.625782240636348741e-02
7.653256561202681496e-02
7.680867145121390849e-02
7.708613605610552255e-02
7.736495555888243947e-02
7.764512609172539992e-02
7.792664378681521398e-02
7.820950477633252518e-02
7.849370519245832400e-02
7.877924116737324012e-02
7.906610883325808359e-02
7.935430432229362285e-02
7.964382376666061247e-02
7.993466329853982089e-02
8.022681905011201653e-02
8.052028715355799560e-02
8.081506374105849877e-02
8.111114494479430836e-02
8.140852689694620670e-02
8.170720572969493445e-02
8.200717757522128781e-02
8.230843856570600747e-02
8.261098483332990350e-02
8.291481251027371657e-02
8.321991772871821513e-02
8.352629662084419537e-02
8.383394531883239797e-02
8.414285995486361913e-02
8.445303666111859953e-02
8.476447156977814923e-02
8.507716081302298117e-02
8.539110052303391929e-02
8.570628683199171816e-02
8.602271587207713233e-02
8.634038377547093024e-02
8.665928667435390809e-02
8.697942070090682043e-02
8.730078198731033856e-02
8.762336666574542521e-02
8.794717086839276554e-02
8.827219072743312800e-02
8.859842237504725326e-02
8.892586194341596528e-02
8.925450556471996311e-02
8.958434937114007068e-02
8.991538949485705645e-02
9.024762206805167497e-02
9.058104322290469468e-02
9.091564909159688401e-02
9.125143580630903917e-02
9.158839949922190082e-02
9.192653630251622354e-02
9.226584234837281739e-02
9.260631376897246470e-02
9.294794669649585062e-02
9.329073726312385462e-02
9.363468160103716187e-02
9.397977584241659632e-02
9.432601611944288478e-02
9.467339856429682343e-02
9.502191930915920848e-02
9.537157448621075284e-02
9.572236022763223884e-02
9.607427266560447654e-02
9.642730793230819275e-02
9.678146215992419754e-02
9.713673148063312057e-02
9.749311202661591069e-02
9.785059993005333634e-02
9.820919132312606881e-02
9.856888233801494592e-02
9.892966910690070836e-02
9.929154776196409682e-02
9.965451443538592136e-02
1.000185652593469782e-01
1.003836963660279524e-01
1.007499038876096820e-01
1.011171839562729075e-01
1.014855327041984390e-01
1.018549462635669894e-01
1.022254207665593689e-01
1.025969523453563181e-01
1.029695371321386194e-01
1.033431712590870688e-01
1.037178508583824210e-01
1.040935720622054167e-01
1.044703310027368381e-01
1.048481238121574816e-01
1.052269466226481015e-01
1.056067955663894664e-01
1.059876667755623586e-01
1.063695563823475188e-01
1.067524605189257014e-01
1.071363753174777861e-01
1.075212969101844440e-01
1.079072214292262910e-01
1.082941450067844702e-01
1.086820637750395141e-01
1.090709738661722328e-01
1.094608714123634086e-01
1.098517525457937821e-01
1.102436133986441635e-01
1.106364501030952935e-01
1.110302587913279265e-01
1.114250355955228866e-01
1.118207766478609005e-01
1.122174780805227506e-01
1.126151360256892192e-01
1.130137466155410608e-01
1.134133059822590162e-01
1.138138102580239230e-01
1.142152555750165221e-01
1.146176380654175403e-01
1.150209538614078153e-01
1.154251990951680740e-01
1.158303698988790986e-01
1.162364624047216716e-01
1.166434727448765196e-01
1.170513970515244528e-01
1.174602314568462536e-01
1.178699720930226486e-01
1.182806150922344618e-01
1.186921565866624201e-01
1.191052453641245484e-01
1.195318872465163246e-01
1.199765170109180351e-01
1.204390483918906102e-01
1.209193951239953130e-01
1.214174709417932679e-01
1.219331895798455717e-01
1.224664647727133904e-01
1.230172102549579594e-01
1.235853397611403198e-01
1.241707670258216933e-01
1.247734057835632182e-01
1.253931697689260050e-01
1.260299727164712613e-01
1.266837283607601117e-01
1.273543504363537082e-01
1.280417526778132031e-01
1.287458488196997486e-01
1.294665525965744968e-01
1.302037777429986276e-01
1.309574379935332378e-01
1.317274470827395072e-01
1.325137187451785881e-01
1.333161667154116603e-01
1.341347047279998206e-01
1.349692465175042488e-01
1.358197058184860972e-01
1.366859963655064902e-01
1.375680318931266632e-01
1.384657261359076574e-01
1.393789928284107082e-01
1.403077457051966070e-01
1.412518985008271166e-01
1.422113649498631671e-01
1.431860587868657719e-01
1.441758937463962220e-01
1.451807835630155863e-01
1.462006419712850447e-01
1.472353827057656939e-01
1.482849195010187970e-01
1.493491660916053954e-01
1.504280362120866965e-01
1.515214435970238527e-01
1.526293019809779605e-01
1.537515250985102833e-01
1.548880266841818620e-01
1.560387204725539323e-01
1.572035201981875630e-01
1.583823395956439617e-01
1.595750923994842529e-01
1.607816923442696166e-01
1.620020531645611772e-01
1.632360885949201423e-01
1.644837123699075532e-01
1.657448382240846452e-01
1.670193798920125705e-01
1.683072511082524814e-01
1.696083656073654744e-01
1.709226371239127573e-01
1.722499793924554545e-01
1.735903061475543296e-01
1.749435311237713120e-01
1.763095680556671652e-01
1.776883306778030691e-01
1.790797327247401483e-01
1.804836879310395825e-01
1.819001100312624686e-01
1.833289127599700141e-01
1.847700098517233158e-01
1.862233150410835814e-01
1.876887420626119352e-01
1.891662046508695016e-01
1.906556165404174885e-01
1.921568914658170202e-01
1.936699431616292211e-01
1.951946853624153266e-01
1.967310318027363780e-01
1.982788962171536384e-01
1.998381923402281768e-01
2.014088339065211453e-01
2.029907346505937238e-01
2.045838083070070923e-01
2.061879686103223475e-01
2.078031292951007247e-01
2.094292040959032375e-01
2.110661067472911212e-01
2.127137509838255558e-01
2.143720505400676657e-01
2.160409191505785476e-01
2.177202705499189095e-01
2.194100184726508751e-01
2.211100766533351525e-01
2.228203588265328938e-01
2.245407787268051680e-01
2.262712500887131828e-01
2.280116866468180903e-01
2.297620021356809872e-01
2.315221102898630812e-01
2.332919248439255799e-01
2.350713595324294691e-01
2.368603280899360675e-01
2.386587442510064438e-01
2.404665217502016950e-01
2.422835743220831395e-01
2.441098157012118186e-01
2.459451596221488290e-01
2.477895198194555171e-01
2.496428100276927575e-01
2.515049439814219245e-01
2.533758354152040315e-01
2.552553980636004249e-01
2.571435456611720349e-01
2.590401919424801247e-01
2.609452506420857909e-01
2.628586354945502968e-01
2.647802602344346279e-01
2.667100385963001030e-01
2.686478843147078188e-01
2.705937111242181503e-01
2.725474327593937485e-01
2.745089629547949883e-01
2.764782154449830220e-01
2.784551039645190018e-01
2.804395422479641908e-01
2.824314440298796303e-01
2.844307230448264723e-01
2.864372930273659246e-01
2.884510677120590838e-01
2.904719608334671577e-01
2.924998861261512428e-01
2.945347573246726025e-01
2.965764881635922223e-01
2.986249923774713100e-01
3.006801837008710732e-01
3.027419758683526640e-01
3.048102826144771793e-01
3.068850176738057711e-01
3.089660947808997027e-01
3.110534276703199597e-01
3.131469300766277497e-01
3.152465157343843360e-01
3.173520983781507598e-01
3.194635917424881177e-01
3.215809095619576730e-01
3.237039655711205777e-01
3.258326735045379841e-01
3.279669470967708222e-01
3.301067000823805775e-01
3.322518461959274583e-01
3.344022991719742266e-01
3.365579727450812575e-01
3.387187806498095366e-01
3.408846366207203826e-01
3.430554543923747812e-01
3.452311476993341621e-01
3.474116302761595110e-01
3.495968158574120355e-01
3.517866181776526657e-01
3.539809509714429980e-01
3.561797279733436850e-01
3.583828629179162117e-01
3.605902695397215085e-01
3.628018615733210051e-01
3.650175527532756869e-01
3.672372568141465954e-01
3.694608874904951601e-01
3.716883585168822557e-01
3.739195836278691454e-01
3.761544765580170924e-01
3.783929510418870823e-01
3.806349208140402118e-01
3.828802996090378552e-01
3.851290011614411091e-01
3.873809392058110146e-01
3.896360274767087795e-01
3.918941797086956669e-01
3.941553096363326070e-01
3.964193309941801413e-01
3.986861575168009209e-01
4.009557029387553206e-01
4.032278809946044928e-01
4.055026054189094786e-01
4.077797899462317077e-01
4.100593483111319992e-01
4.123411942481717829e-01
4.146252414919120999e-01
4.169114037769140468e-01
4.191995948377387760e-01
4.214897284089476059e-01
4.237817182251015224e-01
4.260754780207617332e-01
4.283709215304893902e-01
4.306679624888455904e-01
4.329665146303915413e-01
4.352664916896884506e-01
4.375678074012973040e-01
4.398703754997794757e-01
4.421741097196959513e-01
4.444789237956080497e-01
4.467847314620766452e-01
4.490914464536630568e-01
4.513989825049283811e-01
4.537072533504338812e-01
4.560161727247407093e-01
4.583256543624097956e-01
4.606356119980026254e-01
4.629459593660792960e-01
4.652566102012026250e-01
4.675674782379329320e-01
4.698784772108315355e-01
4.721895208544594769e-01
4.745005229033776861e-01
4.768113970921476485e-01
4.791220571553303498e-01
4.814324168274869975e-01
4.837423898431786884e-01
4.860518899369666856e-01
4.883608308434119194e-01
4.906691262970759859e-01
4.929766900325194823e-01
4.952834357843038382e-01
4.975892772869902614e-01
4.998941282751397930e-01
5.021979024833136407e-01
5.045005136460728457e-01
5.068018754979787266e-01
5.091019017735923802e-01
5.114005062074749031e-01
5.136976025341873919e-01
5.159931044882911655e-01
5.182869258043473204e-01
5.205789802169170644e-01
5.228691814605612720e-01
5.251574432698413730e-01
5.274436793793184641e-01
5.297278035235528648e-01
5.320097294371073371e-01
5.342893708545422005e-01
5.365666415104186626e-01
5.388414551392977092e-01
5.411137254757407700e-01
5.433833662543088305e-01
5.456502912095632096e-01
5.479144140760647819e-01
5.501756485883747549e-01
5.524339084810542255e-01
5.546891074886647344e-01
5.569411593457671561e-01
5.591899777869226984e-01
5.614354765466923469e-01
5.636775693596375314e-01
5.659161699603190154e-01
5.681511920832983398e-01
5.703825494631367121e-01
5.726101558343946740e-01
5.748339249316338773e-01
5.770537704894155295e-01
5.792696062423006165e-01
5.814813459248502348e-01
5.836889032716257031e-01
5.858921920171880071e-01
5.880911258960982435e-01
5.902856186429179530e-01
5.924755839922077882e-01
5.946609356785294009e-01
5.968415874364426665e-01
5.990174530005106801e-01
6.011884461052935391e-01
6.033544804853525623e-01
6.055154698752489573e-01
6.076713280095435987e-01
6.098219686227978054e-01
6.119673054495727849e-01
6.141072522244299670e-01
6.162417226819297822e-01
6.183706305566337713e-01
6.204938895831032530e-01
6.226114134958991020e-01
6.247231160295825259e-01
6.268289109187147323e-01
6.289287118978572622e-01
6.310224327015705459e-01
6.331099870644161243e-01
6.351912887209549829e-01
6.372662514057487737e-01
6.393347888533577050e-01
6.414001176712966767e-01
6.434766558048286011e-01
6.455659995647436977e-01
6.476680353662519485e-01
6.497826496245627803e-01
6.519097287548861752e-01
6.540491591724318932e-01
6.562008272924094721e-01
6.583646195300281168e-01
6.605404223004989195e-01
6.627281220190309741e-01
6.649276051008338184e-01
6.671387579611174345e-01
6.693614670150914714e-01
6.715956186779656889e-01
6.738410993649499581e-01
6.760977954912538168e-01
6.783655934720870251e-01
6.806443797226595649e-01
6.829340406581809741e-01
6.852344626938609018e-01
6.875455322449092188e-01
6.898671357265357962e-01
6.921991595539501718e-01
6.945414901423623277e-01
6.968940139069818018e-01
6.992566172630183541e-01
7.016291866256817444e-01
7.040116084101817329e-01
7.064037690317280793e-01
7.088055549055305438e-01
7.112168524467988862e-01
7.136375480707428665e-01
7.160675281925720226e-01
7.185066792274964476e-01
7.209548875907255683e-01
7.234120396974692557e-01
7.258780219629364927e-01
7.283527208023385935e-01
7.308360226308842078e-01
7.333278138637838728e-01
7.358279809162465712e-01
7.383364102034822851e-01
7.408529881407008855e-01
7.433776011431117992e-01
7.459101356259252302e-01
7.484504780043504946e-01
7.509985146935973521e-01
7.535541321088760069e-01
7.561172166653958859e-01
7.586876547783666380e-01
7.612653328629981342e-01
7.638501373345001344e-01
7.664419546080822876e-01
7.690406710989544647e-01
7.716461732223264258e-01
7.742583473934078198e-01
7.768770800274082955e-01
7.795022575395378350e-01
7.821337663450060873e-01
7.847714928590227013e-01
7.874153234967975479e-01
7.900651446735402761e-01
7.927208428044606459e-01
7.953823043047684171e-01
7.980494155896734609e-01
8.007220630743844270e-01
8.034001331741128515e-01
8.060835123040679395e-01
8.087720868794591178e-01
8.114657433154960353e-01
8.141643680273883410e-01
8.168678474303464609e-01
8.195760679395793780e-01
8.222889159702974071e-01
8.250062779377099753e-01
8.277280402570267315e-01
8.304540893434577686e-01
8.331843116122124027e-01
8.359185934785008376e-01
8.386568213575325004e-01
8.413988816645173729e-01
8.441446608146649933e-01
8.468940452231851213e-01
8.496469213052876279e-01
8.524031754761819402e-01
8.551626941510782620e-01
8.579253637451860204e-01
8.606910706737153083e-01
8.634597013518753306e-01
8.662311421948760692e-01
8.690052796179276173e-01
8.717820000362392907e-01
8.745611898650209604e-01
8.773427355194823862e-01
8.801265234148334393e-01
8.829124399662827694e-01
8.857003715890418016e-01
8.884902046983196300e-01
8.912818257093260144e-01
8.940751210372706037e-01
8.968699770973631580e-01
8.996662803048133261e-01
9.024639170748312011e-01
9.052627738226260989e-01
9.080627369634078905e-01
9.108636929123863357e-01
9.136655280847713057e-01
9.164681288957725602e-01
9.192713817605993043e-01
9.220751730944619640e-01
9.248793893125701882e-01
9.276839168301335148e-01
9.304886420623617038e-01
9.332934514244645152e-01
9.360982313316517089e-01
9.389028681991329339e-01
9.417072484421180611e-01
9.445112584758169616e-01
9.473147847154391732e-01
9.501177135761943449e-01
9.529199314732923476e-01
9.557213248219433854e-01
9.585217800373563302e-01
9.613211835347414969e-01
9.641194217293076463e-01
9.669163810362662037e-01
9.697119478708261520e-01
9.725060086481968069e-01
9.752984497835887057e-01
9.780891576922111641e-01
9.808780187892738311e-01
9.836649194899864668e-01
9.864497462095588309e-01
9.892323853632010167e-01
9.920127233661220068e-01
9.947906466335322273e-01
9.975660415806413273e-01
1.000338794622658956e+00
1.003108792174794761e+00
1.005875920652258504e+00
1.008640066470260166e+00
1.011401116044009063e+00
1.014158955788715621e+00
1.016913472119588713e+00
1.019664551451838763e+00
1.022412080200675311e+00
1.025155944781307671e+00
1.027896031608946492e+00
1.030632227098800646e+00
1.033364417666080559e+00
1.036092489725995547e+00
1.038816329693755147e+00
1.041535823984570008e+00
1.044250859013648114e+00
1.046961321196201444e+00
1.049667096947438205e+00
1.052368072682569045e+00
1.055064134816803278e+00
1.057755169765350445e+00
1.060441063943420525e+00
1.063121703766223503e+00
1.065796975648968692e+00
1.068466766006866076e+00
1.071130961255125191e+00
1.073789447808956021e+00
1.076442112083568103e+00
1.079088840494171198e+00
1.081729519455975508e+00
1.084364035384190350e+00
1.086992274694025262e+00
1.089614123800690448e+00
1.092229469119395668e+00
1.094838197065349794e+00
1.097440194053763918e+00
1.100035346499846689e+00
1.102623540818808312e+00
1.105204663425858769e+00
1.107778600736207153e+00
1.110345239165063891e+00
1.112904465127638298e+00
1.115456165039139913e+00
1.118000225314779161e+00
1.120536532369764471e+00
1.123064972619307600e+00
1.125585432478616976e+00
1.128097798362902582e+00
1.130601956687374177e+00
1.133097793867241743e+00
1.135585196317714596e+00
1.138064050454002718e+00
1.140534242691316091e+00
1.142995659444863810e+00
1.145448187129856077e+00
1.147891712161502653e+00
1.150326120955012854e+00
1.152751299925597328e+00
1.155167135488464503e+00
1.157573514058825470e+00
1.159970322051889324e+00
1.162357445882865603e+00
1.164734771966964511e+00
1.167102186719395140e+00
1.169459576555368363e+00
1.171806827890092606e+00
1.174143827138778517e+00
1.176470460716635857e+00
1.178786615038873720e+00
1.181092176520702308e+00
1.183387031577331161e+00
1.185671066623970260e+00
1.187944168075829143e+00
1.190206222348117793e+00
1.192457115856044858e+00
1.194696735014821654e+00
1.196924966239657717e+00
1.199141695945761921e+00
1.201346810548344690e+00
1.203540196462615786e+00
1.205721740103784301e+00
1.207891327887060662e+00
1.210048846227653963e+00
1.212194181540774851e+00
1.214327220241631977e+00
1.216447848745436211e+00
1.218555953467396202e+00
1.220651420822722377e+00
1.222734137226624718e+00
1.224803989094312096e+00
1.226860862840995159e+00
1.228904644881882557e+00
1.230935221632185383e+00
1.232952479507112287e+00
1.234956304921873471e+00
1.236946584291678919e+00
1.238923204031737946e+00
1.240886050557260534e+00
1.242835010283456443e+00
1.244769969625534989e+00
1.246690814998706598e+00
1.248597432818180142e+00
1.250489709499166491e+00
1.252367531456873628e+00
1.254230785106513535e+00
1.256079356863294638e+00
1.257913133142426698e+00
1.259732000359120585e+00
1.261535844928584504e+00
1.263324553266028438e+00
1.265098011786663035e+00
1.266856106905697388e+00
1.268598725038341701e+00
1.270325752599804625e+00
1.272037076005297473e+00
1.273732581670029118e+00
1.275412156009209319e+00
1.277075685438047614e+00
1.278723056371754430e+00
1.280354155225538859e+00
1.281968868414610663e+00
1.283567082354180267e+00
1.285148683459456542e+00
1.286713558145649916e+00
1.288261592827969704e+00
1.289792673921625887e+00
1.291306687841828005e+00
1.292803521003786038e+00
1.294283059822709969e+00
1.295745190713809114e+00
1.297189800092292788e+00
1.298616774373371641e+00
1.300025999972254542e+00
1.301417363304152364e+00
1.302790750784273754e+00
1.304146048827829363e+00
1.305483143850028283e+00
1.306801922266080496e+00
1.308102270491195984e+00
1.309384074940583398e+00
1.310647222029454273e+00
1.311891598173016593e+00
1.313117089786481451e+00
1.314323583285057939e+00
1.315510965083955597e+00
1.316679121598384627e+00
1.317827939243554791e+00
1.318964899094843712e+00
1.320101497066948903e+00
1.321237828086563537e+00
1.322373865815766436e+00
1.323509583916634424e+00
1.324644956051245881e+00
1.325779955881678518e+00
1.326914557070010492e+00
1.328048733278319737e+00
1.329182458168683745e+00
1.330315705403180671e+00
1.331448448643888671e+00
1.332580661552885237e+00
1.333712317792248303e+00
1.334843391024055581e+00
1.335973854910385672e+00
1.337103683113316066e+00
1.338232849294924476e+00
1.339361327117289280e+00
1.340489090242487968e+00
1.341616112332598476e+00
1.342742367049698737e+00
1.343867828055866687e+00
1.344992469013180481e+00
1.346116263583717831e+00
1.347239185429556230e+00
1.348361208212774054e+00
1.349482305595449017e+00
1.350602451239659274e+00
1.351721618807482317e+00
1.352839781960996302e+00
1.353956914362279162e+00
1.355072989673408390e+00
1.356187981556462807e+00
1.357301863673519016e+00
1.358414609686656060e+00
1.359526193257951432e+00
1.360636588049482620e+00
1.361745767723328449e+00
1.362853705941565519e+00
1.363960376366272875e+00
1.365065752659528009e+00
1.366169808483408854e+00
1.367272517499993123e+00
1.368373853371358750e+00
1.369473789759583893e+00
1.370572300326746262e+00
1.371669358734923794e+00
1.372764938646194643e+00
1.373859013722636080e+00
1.374951557626326704e+00
1.376042544019344227e+00
1.377131946563765919e+00
1.378219738921670601e+00
1.379305894755135542e+00
1.380390387726238899e+00
1.381473191497058384e+00
1.382554279729672153e+00
1.383633626086158142e+00
1.384711204228593839e+00
1.385786987819057403e+00
1.386860950519626767e+00
1.387933065992379866e+00
1.389003307899394635e+00
1.390071649902748563e+00
1.391138065664519807e+00
1.392202528846786524e+00
1.393265013111626205e+00
1.394325492121117005e+00
1.395383939537336859e+00
1.396440329022363480e+00
1.397494634238274802e+00
1.398546828847148760e+00
1.399596886511063065e+00
1.400644780892095875e+00
1.401690485652325346e+00
1.402733974453828747e+00
1.403775220958684455e+00
1.404814198828970406e+00
1.405850881726763868e+00
1.406885243314143219e+00
1.407917257253186616e+00
1.408946897205971327e+00
1.409974136834575731e+00
1.410998949801077540e+00
1.412021309767554689e+00
1.413041190396084890e+00
1.414058565348746743e+00
1.415073408287616852e+00
1.416085692874774260e+00
1.417095392772296680e+00
1.418102481642261603e+00
1.419106933146747185e+00
1.420108720947831360e+00
1.421107818707591841e+00
1.422104200088106563e+00
1.423097838751453681e+00
1.424088708359710687e+00
1.425076782574955958e+00
1.426062035059266986e+00
1.427044439474721926e+00
1.428023969483398714e+00
1.429000598747374395e+00
1.429974300928728015e+00
1.430945049689537285e+00
1.431912818691879696e+00
1.432877581597833183e+00
1.433839312069475902e+00
1.434797983768885787e+00
1.435753570358140330e+00
1.436706045499317685e+00
1.437655382854496011e+00
1.438601556085752575e+00
1.439544538855165756e+00
1.440484304824813266e+00
1.441420827656773263e+00
1.442354081013123235e+00
1.443284038555941562e+00
1.444210673947305512e+00
1.445133960849293686e+00
1.446053872923983796e+00
1.446970383833453111e+00
1.447883467239780009e+00
1.448793096805042646e+00
1.449699246191318514e+00
1.450601889060685989e+00
1.451500999075222342e+00
1.452396549897005729e+00
1.453288515188114527e+00
1.454176868610625784e+00
1.455061583826617877e+00
1.455942634498168520e+00
1.456819994287355646e+00
1.457693636856257635e+00
1.458563535866951977e+00
1.459429664981516384e+00
1.460291997862029012e+00
1.461150508170568019e+00
1.462005169569210450e+00
1.462855955720035128e+00
1.463702840285119766e+00
1.464545796926541188e+00
1.465384799306378882e+00
1.466219821086710340e+00
1.467050835929612607e+00
1.467877817497164061e+00
1.468700739451443305e+00
1.469519575454526716e+00
1.470334299168493786e+00
1.471144884255421337e+00
1.471951304377387748e+00
1.472753533196470732e+00
1.473551544374748667e+00
1.474345311574298378e+00
1.475134808457198687e+00
1.475920008685527529e+00
1.476700885921361950e+00
1.477477413826781216e+00
1.478249566063862375e+00
1.479017316294682471e+00
1.479780638181321217e+00
1.480539505385855215e+00
1.481293891570362398e+00
1.482043770396921367e+00
1.482789115527609836e+00
1.483529900624505071e+00
1.484266099349686119e+00
1.484997685365229803e+00
1.485724632333214279e+00
1.486446913915717927e+00
1.487164503774818236e+00
1.487877375572593142e+00
1.488585502971120800e+00
1.489288859632478479e+00
1.489987419218744558e+00
1.490681155391996970e+00
1.491370041814313430e+00
1.492054052147771870e+00
1.492733160054450448e+00
1.493407339196426431e+00
1.494076563235778421e+00
1.494740805834584352e+00
1.495400040654921270e+00
1.496054241358867776e+00
1.496703381608501804e+00
1.497347435065900845e+00
1.497986375393142833e+00
1.498620176252306146e+00
1.499248811305468498e+00
1.499872254214706935e+00
1.500490478642100722e+00
1.501103458249726907e+00
1.501711166699663424e+00
1.502313577653988652e+00
1.502910664774780081e+00
1.503502401724115867e+00
1.504088762164073723e+00
1.504669719756731139e+00
1.505245248164166938e+00
1.505815321048458388e+00
1.506379912071683425e+00
1.506938994895920203e+00
1.507492543183246658e+00
1.508040530595740281e+00
1.508582930795479005e+00
1.509119717444540987e+00
1.509650864205004162e+00
1.510176344738946463e+00
1.510696132708445605e+00
1.511210201775579298e+00
1.511718525602425922e+00
1.512221077851062967e+00
1.512717832183569033e+00
1.513208762262020723e+00
1.513693841748496860e+00
1.514173044305075599e+00
1.514646343593834210e+00
1.515113713276850405e+00
1.515575127016203227e+00
1.516030558473969059e+00
1.516479981312226943e+00
1.516923369193054372e+00
1.517360695778529278e+00
1.517791934730729375e+00
1.518217059711733041e+00
1.518636044383617545e+00
1.519048862408461487e+00
1.519455487448342357e+00
1.519855893165337646e+00
1.520250053221526176e+00
1.520637941278985217e+00
1.521019530999792702e+00
1.521394796046026565e+00
1.521763710079765408e+00
1.522126246763085833e+00
1.522482379758066662e+00
1.522832082726785830e+00
1.523175329331319938e+00
1.523512093233748921e+00
1.523842348096149601e+00
1.524166067580599471e+00
1.524483225349177351e+00
1.524793795063960511e+00
1.525097750387026441e+00
1.525395064980454407e+00
1.525685712506321456e+00
1.525969666626704857e+00
1.526246901003684098e+00
1.526517389299335781e+00
1.526781105175737840e+00
1.527038022294969100e+00
1.527288114319106160e+00
1.527531354910228290e+00
1.527767717730412755e+00
1.527997176441737492e+00
1.528219704706280213e+00
1.528435276186118852e+00
1.528643864543332009e+00
1.528845443439996066e+00
1.529039986538190510e+00
1.529227467499992388e+00
1.529407859987479856e+00
1.529581137662730850e+00
1.529747274187823081e+00
1.529906243224834261e+00
1.530058018435842548e+00
1.530202573482926320e+00
1.530339882028162402e+00
1.530469917733629837e+00
1.530592654261405894e+00
1.530708065273568286e+00
1.530816124432195613e+00
1.530916805399365366e+00
1.531010081837155257e+00
1.531095927407643220e+00
1.531174315772907635e+00
1.531245220595025547e+00
1.531308615536075557e+00
1.531364474258135600e+00
1.531412770423283387e+00
1.531453477693596632e+00
1.531486569731153269e+00
1.531512020198031454e+00
1.531529802756308900e+00
1.531539891068063541e+00
1.531542170837700834e+00
1.531533567376127225e+00
1.531512621760242832e+00
1.531479406704704171e+00
1.531433994924166209e+00
1.531376459133285683e+00
1.531306872046717338e+00
1.531225306379118134e+00
1.531131834845142592e+00
1.531026530159447896e+00
1.530909465036689010e+00
1.530780712191522452e+00
1.530640344338603187e+00
1.530488434192587066e+00
1.530325054468130608e+00
1.530150277879889220e+00
1.529964177142518533e+00
1.529766824970675065e+00
1.529558294079014003e+00
1.529338657182191197e+00
1.529107986994862500e+00
1.528866356231683987e+00
1.528613837607311732e+00
1.528350503836400254e+00
1.528076427633606738e+00
1.527791681713586369e+00
1.527496338790995445e+00
1.527190471580489151e+00
1.526874152796723116e+00
1.526547455154354305e+00
1.526210451368037901e+00
1.525863214152429537e+00
1.525505816222185063e+00
1.525138330291960553e+00
1.524760829076411195e+00
1.524373385290193950e+00
1.523976071647963559e+00
1.523568960864376320e+00
1.523152125654088307e+00
1.522725638731754705e+00
1.522289572812031810e+00
1.521844000609575032e+00
1.521388994839040443e+00
1.520924628215083896e+00
1.520450973452361465e+00
1.519968103265528114e+00
1.519476090369240584e+00
1.518975007478154060e+00
1.518464927306924617e+00
1.517945922570208550e+00
1.517418065982660824e+00
1.516881430258937513e+00
1.516336088113694691e+00
1.515782112261587988e+00
1.515219575417273257e+00
1.514648550295406348e+00
1.514069109610642894e+00
1.513481326077638967e+00
1.512885272411050419e+00
1.512281021325532437e+00
1.511668645535741984e+00
1.511048217756333578e+00
1.510419810701963961e+00
1.509783497087288762e+00
1.509139349626963833e+00
1.508487441035644361e+00
1.507827844027987529e+00
1.507160631318647415e+00
1.506485875622280979e+00
1.505803649653543630e+00
1.505114026127091664e+00
1.504417077757580268e+00
1.503712877259665515e+00
1.503001497348003257e+00
1.502283010737249569e+00
1.501557490142059637e+00
1.500825008277089978e+00
1.500085637856996001e+00
1.499339451596433559e+00
1.498586522210058503e+00
1.497826922412526462e+00
1.497060724918493735e+00
1.496288002442615950e+00
1.495508827699548515e+00
1.494723273403947728e+00
1.493931412270468995e+00
1.493133317013768613e+00
1.492329060348501990e+00
1.491518714989324979e+00
1.490702353650893874e+00
1.489880049047864086e+00
1.489051873894891465e+00
1.488217900906631641e+00
1.487378202797740689e+00
1.486532852282874462e+00
1.485681922076688810e+00
1.484825484893839143e+00
1.483963613448981533e+00
1.483096380456772057e+00
1.482223858631866342e+00
1.481346120688919799e+00
1.480463239342589166e+00
1.479575287307529186e+00
1.478682337298396599e+00
1.477784462029846368e+00
1.476881734216535458e+00
1.475974226573118164e+00
1.475062011814251672e+00
1.474145162654591168e+00
1.473223751808792281e+00
1.472297851991511752e+00
1.471367535917404545e+00
1.470432876301126290e+00
1.469493945857333284e+00
1.468550817300681155e+00
1.467603563345825979e+00
1.466652256707423385e+00
1.465696970100129448e+00
1.464737776238599354e+00
1.463774747837489620e+00
1.462807957611455656e+00
1.461837478275153090e+00
1.460863382543238442e+00
1.459885743130366897e+00
1.458904632751194752e+00
1.457920124120377192e+00
1.456932289952570514e+00
1.455941202962430348e+00
1.454946935864612989e+00
1.453949561373773625e+00
1.452949152204568328e+00
1.451945781071652730e+00
1.450939520689682904e+00
1.449930443773314481e+00
1.448918623037203535e+00
1.447904131196005695e+00
1.446887040964376592e+00
1.445867425056972522e+00
1.444845356188448893e+00
1.443820907073461779e+00
1.442794150426667033e+00
1.441765158962719839e+00
1.440734005396276718e+00
1.439700762441992854e+00
1.438665502814525210e+00
1.437628299228528084e+00
1.436589224398658660e+00
1.435548351039571680e+00
1.434505751865924106e+00
1.433461499592370458e+00
1.432415666933567699e+00
1.431368326604170349e+00
1.430319551318836035e+00
1.429269413792218613e+00
1.428217986738975487e+00
1.427165342873762066e+00
1.426111554911232870e+00
1.425056695566045750e+00
1.424000837552854781e+00
1.422944053586317148e+00
1.421886416381087370e+00
1.420827998651822854e+00
1.419768873113177676e+00
1.418709112479809020e+00
1.417648789466371628e+00
1.416587976787522685e+00
1.415526747157916265e+00
1.414465173292209998e+00
1.413403327905057738e+00
1.412341283711117557e+00
1.411279113425043086e+00
1.410216889761491954e+00
1.409154685435118459e+00
1.408092573160579564e+00
1.407030625652530231e+00
1.405968915625627425e+00
1.404907515794525441e+00
1.403846498873881465e+00
1.402785937578350239e+00
1.401725904622588503e+00
1.400666472721251221e+00
1.399607714588995133e+00
1.398549702940474981e+00
1.397492510490347728e+00
1.396436209953268781e+00
1.395380874043893105e+00
1.394326575476877661e+00
1.393273386966877414e+00
1.392221381228548882e+00
1.391170630976547251e+00
1.390121208925529261e+00
1.389073187790149211e+00
1.388026640285064950e+00
1.386981639124930332e+00
1.385938257024402320e+00
1.384896566698136322e+00
1.383856640860788634e+00
1.382818552227013997e+00
1.381782373511469597e+00
1.380748177428810175e+00
1.379716036693692471e+00
1.378686024020771228e+00
1.377658212124703185e+00
1.376632673720143529e+00
1.375609481521749000e+00
1.374588708244173674e+00
1.373570426602075401e+00
1.372554709310108256e+00
1.371541629082929870e+00
1.370531258635194094e+00
1.369523670681558336e+00
1.368518937936677338e+00
1.367517133115207617e+00
1.366518328931805248e+00
1.365522598101124530e+00
1.364530013337822867e+00
1.363540647356555002e+00
1.362554572871977676e+00
1.361571862598745852e+00
1.360592589251516271e+00
1.359616825544943675e+00
1.358644644193684803e+00
1.357676117912395064e+00
1.356711319415730310e+00
1.355750321418346171e+00
1.354793196634899166e+00
1.353840017780043814e+00
1.352890857568437522e+00
1.351945788714734809e+00
1.351004883933592193e+00
1.350068215939665084e+00
1.349135857447609999e+00
1.348207881172081235e+00
1.347284359827736644e+00
1.346365366129230523e+00
1.345450972791219613e+00
1.344541252528358655e+00
1.343636278055305056e+00
1.342736122086712891e+00
1.341840857337239346e+00
1.340950556521539161e+00
1.340065292354269078e+00
1.339185137550084725e+00
1.338310164823641069e+00
1.337440446889595069e+00
1.336576056462601469e+00
1.335717066257317232e+00
1.334863548988396875e+00
1.334015577370497807e+00
1.333173224118274325e+00
1.332336561946383391e+00
1.331505663569479747e+00
1.330680601702220134e+00
1.329861449059259737e+00
1.329048278355255297e+00
1.328241162304861112e+00
1.327440173622734587e+00
1.326645385023530244e+00
1.325856869221905043e+00
1.325074698932513728e+00
1.324298946870013260e+00
1.323529685749057938e+00
1.322766988284305167e+00
1.322010927190409690e+00
1.321261575182028247e+00
1.320519004973815358e+00
1.319783289280427985e+00
1.319054500816521314e+00
1.318332712296751863e+00
1.317617996435774597e+00
1.316910425948245811e+00
1.316210073548821358e+00
1.315517011952156423e+00
1.314831313872907970e+00
1.314153052025730517e+00
1.313482299125281028e+00
1.312819127886214465e+00
1.312163611023187348e+00
1.311515821250854863e+00
1.310875831283873527e+00
1.310243713836898083e+00
1.309619541624585493e+00
1.309003387361590942e+00
1.308395323762570506e+00
1.307795423542179369e+00
1.307203759415074718e+00
1.306619564736846151e+00
1.306037845339738546e+00
1.305457756690432625e+00
1.304879290328105679e+00
1.304302437791932334e+00
1.303727190621089438e+00
1.303153540354752948e+00
1.302581478532098824e+00
1.302010996692302802e+00
1.301442086374542173e+00
1.300874739117991563e+00
1.300308946461828041e+00
1.299744699945227122e+00
1.299181991107364986e+00
1.298620811487418480e+00
1.298061152624562009e+00
1.297503006057973307e+00
1.296946363326827223e+00
1.296391215970300825e+00
1.295837555527569407e+00
1.295285373537810036e+00
1.294734661540197340e+00
1.294185411073908609e+00
1.293637613678119136e+00
1.293091260892005767e+00
1.292546344254743573e+00
1.292002855305509845e+00
1.291460785583479431e+00
1.290920126627829401e+00
1.290380869977735045e+00
1.289843007172373213e+00
1.289306529750919195e+00
1.288771429252549838e+00
1.288237697216440214e+00
1.287705325181767391e+00
1.287174304687706883e+00
1.286644627273435093e+00
1.286116284478127758e+00
1.285589267840961503e+00
1.285063568901111397e+00
1.284539179197754510e+00
1.284016090270066357e+00
1.283494293657223562e+00
1.282973780898401861e+00
1.282454543532776770e+00
1.281936573099525356e+00
1.281419861137822691e+00
1.280904399186845843e+00
1.280390178785769884e+00
1.279877191473772102e+00
1.279365428790027348e+00
1.278854882273712690e+00
1.278345543464003198e+00
1.277837403900075941e+00
1.277330455121106212e+00
1.276824688666270857e+00
1.276320096074745170e+00
1.275816668885705552e+00
1.275314398638327962e+00
1.274813276871789025e+00
1.274313295125264034e+00
1.273814444937929613e+00
1.273316717848961499e+00
1.272820105397535873e+00
1.272324599122828914e+00
1.271830190564016583e+00
1.271336871260274837e+00
1.270844632750780301e+00
1.270353466574708268e+00
1.269863364271235362e+00
1.269374317379537320e+00
1.268886317438790545e+00
1.268399355988170552e+00
1.267913424566854408e+00
1.267428514714017407e+00
1.266944617968835729e+00
1.266461725870485555e+00
1.265979829958142622e+00
1.265498921770983554e+00
1.265018992848184087e+00
1.264540034728920626e+00
1.264062038952368683e+00
1.263584997057704662e+00
1.263108900584104521e+00
1.262633741070744664e+00
1.262159510056800826e+00
1.261686199081449189e+00
1.261213799683865711e+00
1.260742303403226794e+00
1.260271701778707953e+00
1.259801986349485814e+00
1.259333148654736334e+00
1.258865180233635250e+00
1.258398072625358965e+00
1.257931817369083438e+00
1.257466406003984849e+00
1.257001830069239157e+00
1.256538081104022098e+00
1.256075150647510741e+00
1.255613030238879935e+00
1.255151711417306748e+00
1.254691185721966473e+00
1.254231444692035957e+00
1.253772479866690936e+00
1.253314282785106926e+00
1.252856844986460771e+00
1.252400158009927988e+00
1.251944213394685201e+00
1.251489002679907925e+00
1.251034517404773005e+00
1.250580749108455736e+00
1.250127689330132519e+00
1.249675329608979091e+00
1.249223661484172299e+00
1.248772676494887435e+00
1.248322366180301124e+00
1.247872722079588881e+00
1.247423735731927330e+00
1.246975398676491986e+00
1.246527702452459696e+00
1.246080638599005752e+00
1.245634198655306779e+00
1.245188374160538070e+00
1.244743156653876914e+00
1.244298537674498162e+00
1.243854508761578881e+00
1.243411061454294364e+00
1.242968187291821458e+00
1.242525877813335455e+00
1.242084124558012759e+00
1.241642919065029549e+00
1.241202252873561784e+00
1.240762117522785868e+00
1.240322504551877092e+00
1.239883405500012081e+00
1.239444811906367017e+00
1.239006715310117857e+00
1.238569107250440116e+00
1.238131979266511085e+00
1.237695322897505612e+00
1.237259129682600323e+00
1.236823391160971175e+00
1.236388098871794572e+00
1.235953244354246028e+00
1.235518819147501945e+00
1.235084814790738506e+00
1.234651222823131667e+00
1.234218034783856943e+00
1.233785242212091404e+00
1.233352836647010342e+00
1.232920809627790604e+00
1.232489152693607259e+00
1.232057857383637378e+00
1.231626915237056252e+00
1.231196317793040285e+00
1.230766056590765434e+00
1.230336123169408546e+00
1.229906509068144249e+00
1.229477205826149833e+00
1.229048204982600589e+00
1.228619498076673144e+00
1.228191076647543456e+00
1.227762932234387261e+00
1.227335056376380962e+00
1.226907440612700295e+00
1.226480076482521886e+00
1.226052955525021249e+00
1.225626069279375008e+00
1.225199409284758900e+00
1.224772967080348884e+00
1.224346734205321141e+00
1.223920702198851851e+00
1.223494862600116972e+00
1.223069206948292909e+00
1.222643726782554952e+00
1.222218413642079948e+00
1.221793259066043413e+00
1.221368254593621971e+00
1.220943391763991137e+00
1.220518662116327757e+00
1.220094057189807346e+00
1.219669568523605863e+00
1.219245187656899265e+00
1.218820906128864179e+00
1.218396715478676562e+00
1.217972607245512373e+00
1.217548572968547349e+00
1.217124604186958114e+00
1.216700692439920406e+00
1.216276829266610404e+00
1.215853006206204512e+00
1.215429214797877799e+00
1.215005446580807558e+00
1.214581693094168857e+00
1.214157945877138545e+00
1.213734196468892135e+00
1.213310436408606252e+00
1.212886657235456411e+00
1.212462850488618793e+00
1.212039007707269800e+00
1.211615120430585391e+00
1.211191180197741302e+00
1.210767178547914158e+00
1.210343107020279030e+00
1.209918957154013652e+00
1.209494720488292208e+00
1.209070388562292431e+00
1.208645952915189170e+00
1.208221405086159272e+00
1.207796736614378474e+00
1.207371939039022957e+00
1.206947003899268456e+00
1.206521922734291596e+00
1.206096687083267893e+00
1.205671288485374193e+00
1.205245718479785566e+00
1.204819968605679081e+00
1.204394030402229809e+00
1.203967895408614597e+00
1.203541555164009402e+00
1.203115001207589962e+00
1.202688225078532902e+00
1.202261218316013514e+00
1.201833972459208422e+00
1.201406479047293363e+00
1.200978729619444962e+00
1.200550715714838512e+00
1.200122428872651303e+00
1.199693860632057740e+00
1.199265002532235558e+00
1.198835846112359604e+00
1.198406382911606283e+00
1.197976604469151996e+00
1.197546502324172923e+00
1.197116068015844359e+00
1.196685293083342927e+00
1.196254169065844586e+00
1.195822687502525739e+00
1.195390839932561677e+00
1.194958617895129471e+00
1.194526012929404191e+00
1.194093016574562904e+00
1.193659620369780683e+00
1.193225815854234151e+00
1.192791594567099267e+00
1.192356948047552878e+00
1.191921867834769611e+00
1.191486345467926533e+00
1.191050372486199382e+00
1.190613940428764117e+00
1.190177040834797362e+00
1.189739665243474631e+00
1.189301805193972106e+00
1.188863452225465966e+00
1.188424597877132394e+00
1.187985233688146902e+00
1.187545351197686339e+00
1.187104941944926439e+00
1.186663997469043164e+00
1.186222509309212469e+00
1.185780469004611204e+00
1.185337868094414215e+00
1.184894698117798795e+00
1.184450950613940234e+00
1.184006617122014937e+00
1.183561689181198417e+00
1.183116158330667744e+00
1.182670016109597988e+00
1.182223254057166439e+00
1.181775863712547503e+00
1.181327836614918914e+00
1.180879164303455298e+00
1.180429838317333946e+00
1.179979850195729929e+00
1.179529191477820316e+00
1.179077853702780176e+00
1.178625828409786580e+00
1.178173107138015041e+00
1.177719681426641296e+00
1.177265542814841970e+00
1.176810682841793021e+00
1.176355093046670630e+00
1.175898764968650312e+00
1.175441690146908691e+00
1.174983860120621504e+00
1.174525266428965375e+00
1.174066174523779482e+00
1.173607133633421062e+00
1.173148159178421635e+00
1.172689250783182757e+00
1.172230408072105101e+00
1.171771630669591335e+00
1.171312918200041686e+00
1.170854270287858823e+00
1.170395686557442971e+00
1.169937166633196357e+00
1.169478710139519650e+00
1.169020316700815298e+00
1.168561985941483972e+00
1.168103717485927451e+00
1.167645510958546629e+00
1.167187365983743730e+00
1.166729282185919647e+00
1.166271259189475940e+00
1.165813296618813721e+00
1.165355394098335218e+00
1.164897551252440877e+00
1.164439767705532924e+00
1.163982043082012474e+00
1.163524377006280641e+00
1.163066769102739650e+00
1.162609218995789950e+00
1.162151726309833544e+00
1.161694290669271545e+00
1.161236911698505958e+00
1.160779589021937674e+00
1.160322322263968253e+00
1.159865111048999031e+00
1.159407955001431789e+00
1.158950853745667642e+00
1.158493806906107926e+00
1.158036814107154422e+00
1.157579874973208245e+00
1.157122989128670953e+00
1.156666156197944106e+00
1.156209375805428596e+00
1.155752647575526648e+00
1.155295971132638932e+00
1.154839346101167452e+00
1.154382772105513100e+00
1.153926248770077878e+00
1.153469775719262680e+00
1.153013352577469286e+00
1.152556978969099033e+00
1.152100654518553258e+00
1.151644378850233519e+00
1.151188151588541153e+00
1.150731972357877941e+00
1.150275840782644332e+00
1.149819756487242772e+00
1.149363719096074155e+00
1.148907728233540260e+00
1.148451783524041980e+00
1.147995884591981319e+00
1.147540031061759169e+00
1.147084222557777533e+00
1.146628458704437303e+00
1.146172739126140483e+00
1.145717063447287742e+00
1.145261431292281307e+00
1.144805842285521846e+00
1.144350296051411586e+00
1.143894792214350975e+00
1.143439330398742459e+00
1.142983910228986710e+00
1.142528531329485730e+00
1.142073193324640412e+00
1.141617895838852315e+00
1.141162638496522996e+00
1.140707420922054238e+00
1.140252242739846489e+00
1.139797103574302195e+00
1.139342003049822027e+00
1.138886940790807989e+00
1.138431916421660972e+00
1.137976929566782980e+00
1.137521979850575349e+00
1.137067066897438750e+00
1.136612190331775407e+00
1.136157349777986214e+00
1.135702544860473395e+00
1.135247775203637399e+00
1.134793040431880451e+00
1.134338340169603221e+00
1.133883674041207934e+00
1.133429041671095039e+00
1.132974442683667204e+00
1.132519876703324657e+00
1.132065343354469844e+00
1.131610842261503214e+00
1.131156373048826991e+00
1.130701935340842068e+00
1.130247528761950448e+00
1.129793152936552803e+00
1.129338807489051355e+00
1.128884492043846777e+00
1.128430206225341070e+00
1.127975949657935129e+00
1.127521721966031176e+00
1.127067522774029884e+00
1.126613351706333255e+00
1.126159208387341737e+00
1.125705092441457777e+00
1.125251003493082491e+00
1.124796941166617437e+00
1.124342905086463729e+00
1.123888894877022704e+00
1.123434910162696365e+00
1.122980950567885383e+00
1.122527015716991983e+00
1.122073105234416612e+00
1.121619218744561719e+00
1.121165355871827973e+00
1.120711516240617600e+00
1.120257699475330826e+00
1.119803905200370542e+00
1.119350133040136752e+00
1.118896382619031904e+00
1.118442653561457112e+00
1.117988945491813713e+00
1.117535258034502821e+00
1.117081590813926661e+00
1.116627943454485905e+00
1.116174315580582332e+00
1.115720706816617280e+00
1.115267116786992529e+00
1.114813545116108751e+00
1.114359991428368168e+00
1.113906455348171676e+00
1.113452936499920831e+00
1.112999434508017194e+00
1.112545948996861878e+00
1.112092479590856664e+00
1.111639025914402668e+00
1.111185587591901891e+00
1.110732164247755005e+00
1.110278755506364012e+00
1.109825360992129806e+00
1.109371980329454166e+00
1.108918613142738652e+00
1.108465259056384378e+00
1.108011917694792681e+00
1.107558588682365563e+00
1.107105271643503697e+00
1.106651966202609305e+00
1.106198671984083060e+00
1.105745388612326963e+00
1.105292115711742129e+00
1.104838852906729896e+00
1.104385599821692043e+00
1.103932356081029686e+00
1.103479121309144384e+00
1.103025895130437695e+00
1.102572677169310511e+00
1.102119467050164836e+00
1.101666264397402006e+00
1.101213068835423359e+00
1.100759879988630230e+00
1.100306697481423956e+00
1.099853520938206319e+00
1.099400349983378433e+00
1.098947184241341857e+00
1.098494023336497927e+00
1.098040866893248424e+00
1.097587714535994019e+00
1.097134565889137159e+00
1.096681420577078292e+00
1.096228278224219199e+00
1.095775138454961883e+00
1.095322000893706793e+00
1.094868865164855931e+00
1.094415730892810634e+00
1.093962597701972239e+00
1.093509465216742305e+00
1.093056333061522167e+00
1.092603200860713164e+00
1.092150068238716853e+00
1.091696934819934794e+00
1.091243800228768102e+00
1.090790664089618334e+00
1.090337526026887049e+00
1.089884385664975364e+00
1.089431242628285057e+00
1.088978096541217244e+00
1.088524947028173706e+00
1.088071793713555779e+00
1.087618636221764357e+00
1.087165474177201663e+00
1.086712307204268146e+00
1.086259134927366699e+00
1.085805956970897101e+00
1.085352772959261802e+00
1.084899582516862138e+00
1.084446385268099222e+00
1.083993180837374393e+00
1.083539968849089652e+00
1.083086748927646115e+00
1.082633520697445118e+00
1.082180283782887997e+00
1.081727037808376091e+00
1.081273782398311623e+00
1.080820517177095041e+00
1.080367241769128350e+00
1.079913955798812442e+00
1.079460658890549540e+00
1.079007350668740317e+00
1.078554030757786997e+00
1.078100698782090028e+00
1.077647354366051635e+00
1.077193997134072712e+00
1.076740626710554816e+00
1.076287242719899728e+00
1.075833844786508786e+00
1.075380432534782660e+00
1.074927005589123796e+00
1.074473563573932866e+00
1.074020106113612094e+00
1.073566632832561929e+00
1.073113143355184596e+00
1.072659637305880764e+00
1.072206114309052882e+00
1.071752573989101842e+00
1.071299015970428536e+00
1.070845439877435190e+00
1.070391845334522474e+00
1.069938231966092834e+00
1.069484599396546720e+00
1.069030947250286134e+00
1.068577275151712191e+00
1.068123582725226672e+00
1.067669869595230470e+00
1.067216135386125808e+00
1.066762379722313137e+00
1.066308602228194458e+00
1.065854802528171108e+00
1.065400980246644869e+00
1.064947135008016188e+00
1.064493266436687513e+00
1.064039374157059514e+00
1.063585457793534639e+00
1.063131516970513113e+00
1.062677551312396940e+00
1.062223560443587456e+00
1.061769543988486442e+00
1.061315501571494568e+00
1.060861432817014061e+00
1.060407337349445589e+00
1.059953214793191378e+00
1.059499064772652099e+00
1.059044886912229977e+00
1.058590680836325459e+00
1.058136446169340994e+00
1.057682182535677251e+00
1.057227889559735790e+00
1.056773566865918390e+00
1.056319214078626167e+00
1.055864830822260680e+00
1.055410416721222822e+00
1.054955971399915260e+00
1.054501494482738000e+00
1.054046985594093711e+00
1.053592444358382618e+00
1.053137870400007170e+00
1.052683263343367814e+00
1.052228622812867220e+00
1.051773948432905836e+00
1.051319239827885443e+00
1.050864496622207156e+00
1.050409718440273199e+00
1.049954904906483799e+00
1.049500055645241625e+00
1.049045170280946904e+00
1.048590248438002082e+00
1.048135289740808052e+00
1.047680293813766594e+00
1.047225260281278603e+00
1.046770188767746079e+00
1.046315078897569695e+00
1.045859930295151674e+00
1.045404742584892910e+00
1.044949515391195405e+00
1.044494249362919014e+00
1.044039041466553686e+00
1.043583954595453722e+00
1.043128987416611864e+00
1.042674138597021960e+00
1.042219406803676973e+00
1.041764790703570975e+00
1.041310288963696928e+00
1.040855900251048904e+00
1.040401623232619199e+00
1.039947456575402773e+00
1.039493398946391922e+00
1.039039449012580718e+00
1.038585605440962123e+00
1.038131866898530209e+00
1.037678232052277716e+00
1.037224699569198938e+00
1.036771268116286393e+00
1.036317936360534375e+00
1.035864702968935624e+00
1.035411566608484435e+00
1.034958525946173546e+00
1.034505579648996809e+00
1.034052726383947185e+00
1.033599964818018746e+00
1.033147293618204454e+00
1.032694711451497938e+00
1.032242216984893046e+00
1.031789808885382964e+00
1.031337485819960875e+00
1.030885246455620186e+00
1.030433089459354967e+00
1.029981013498157960e+00
1.029529017239023236e+00
1.029077099348943980e+00
1.028625258494913597e+00
1.028173493343925271e+00
1.027721802562973519e+00
1.027270184819050414e+00
1.026818638779150250e+00
1.026367163110266434e+00
1.025915756479392149e+00
1.025464417553520802e+00
1.025013144999646464e+00
1.024561937484761875e+00
1.024110793675861109e+00
1.023659712239936681e+00
1.023208691843983331e+00
1.022757731154993355e+00
1.022306828839960824e+00
1.021855983565879145e+00
1.021405193999741723e+00
1.020954458808541743e+00
1.020503776659273054e+00
1.020053146218929063e+00
1.019602566154502954e+00
1.019152035132988354e+00
1.018701551821379114e+00
1.018251114886668196e+00
1.017800722995848561e+00
1.017350374815914726e+00
1.016900069013859653e+00
1.016449804256676748e+00
1.015999579211359416e+00
1.015549392544901508e+00
1.015099242924296208e+00
1.014649129016536921e+00
1.014199049488617055e+00
1.013749003007530236e+00
1.013298988240269649e+00
1.012849003853829366e+00
1.012399048515202127e+00
1.011949120891382004e+00
1.011499219649361736e+00
1.011049343456135841e+00
1.010599490978696391e+00
1.010149660884038125e+00
1.009699851839153339e+00
1.009250062511036772e+00
1.008800291566680496e+00
1.008350537673079250e+00
1.007900799497225774e+00
1.007451075706113697e+00
1.007001364966736201e+00
1.006551665946087581e+00
1.006101977311160134e+00
1.005652297728947930e+00
1.005202625866444821e+00
1.004752960390643324e+00
1.004303299968537733e+00
1.003853643267120788e+00
1.003403988953387005e+00
1.002954335694328236e+00
1.002504682156939442e+00
1.002055027008213361e+00
1.001605368915143845e+00
1.001155706544723634e+00
1.000706038563946798e+00
1.000256363639806745e+00
9.998066804392968798e-01
9.993569876294101650e-01
9.989072838771408946e-01
9.984575678494821416e-01
9.980078382134272008e-01
9.975580936359697004e-01
9.971083327841031574e-01
9.966585543248207557e-01
9.962087569251162344e-01
9.957589392519827776e-01
9.953090999724143462e-01
9.948592377534036801e-01
9.944093512619450737e-01
9.939594391650311556e-01
9.935095001296558870e-01
9.930595328228124519e-01
9.926095359114948113e-01
9.921595080626960383e-01
9.917094479434090948e-01
9.912593542206284969e-01
9.908092255613465404e-01
9.903590606325577417e-01
9.899088581012549515e-01
9.894586166344319089e-01
9.890083348990819090e-01
9.885580115621983577e-01
9.881076452907748831e-01
9.876572347518050021e-01
9.872067786122814548e-01
9.867562755391987572e-01
9.863057241995498714e-01
9.858551232603283143e-01
9.854044713885272699e-01
9.849537672511404773e-01
9.845030095151611205e-01
9.840521968475832715e-01
9.836013279153996702e-01
9.831504013856042778e-01
9.826994159251900562e-01
9.822483702011511886e-01
9.817972628804803037e-01
9.813460926301713627e-01
9.808948581172176606e-01
9.804435580086130475e-01
9.799921909713503743e-01
9.795407556724234910e-01
9.790892507788258037e-01
9.786376749575503853e-01
9.781860268755910859e-01
9.777343051999412005e-01
9.772825085975944681e-01
9.768306357355439618e-01
9.763786852807834205e-01
9.759266559003061392e-01
9.754745462611057460e-01
9.750223550301750919e-01
9.745700808745086929e-01
9.741177224610990670e-01
9.736652784569402863e-01
9.732127475290255347e-01
9.727601283443481073e-01
9.723074195699017430e-01
9.718546198726797369e-01
9.714017279196757171e-01
9.709487423778829784e-01
9.704956619142947050e-01
9.700424851959054129e-01
9.695892108897071759e-01
9.691358376626943993e-01
9.686823641818597119e-01
9.682287891141978520e-01
9.677751111267011153e-01
9.673213288863634629e-01
9.668674410601779678e-01
9.664134463151388132e-01
9.659593433182389610e-01
9.655051307364715951e-01
9.650508072368306767e-01
9.645963714863092786e-01
9.641418221519012510e-01
9.636871579005999999e-01
9.632323773993987093e-01
9.627774793152905630e-01
9.623224623152699664e-01
9.618673250663293262e-01
9.614120662354630475e-01
9.609566844896638704e-01
9.605011784959257559e-01
9.600455469212416659e-01
9.595897884326053395e-01
9.591339016970104048e-01
9.586778853814499346e-01
9.582217381529173350e-01
9.577654586784069002e-01
9.573090456249110369e-01
9.568524976594239284e-01
9.563958134489382035e-01
9.559389916604484894e-01
9.554820309609473039e-01
9.550249300174286082e-01
9.545676874968854753e-01
9.541103020663117551e-01
9.536527723927001876e-01
9.531950971430452890e-01
9.527372749843397992e-01
9.522793045835774572e-01
9.518211846077515581e-01
9.513629137238556188e-01
9.509044905988830454e-01
9.504459138998270218e-01
9.499871822936818422e-01
9.495282944474400244e-01
9.490692490280957516e-01
9.486100447026419857e-01
9.481506801380723548e-01
9.476911540013802648e-01
9.472314649595593439e-01
9.467716116796027759e-01
9.463115928285045220e-01
9.458514070732571000e-01
9.453910530808553592e-01
9.449305295182912623e-01
9.444698350525593256e-01
9.440089683506523999e-01
9.435479280795645574e-01
9.430867129062885379e-01
9.426253214978181916e-01
9.421637525211468134e-01
9.417020046432682534e-01
9.412400765311753625e-01
9.407779668518621019e-01
9.403156742723217665e-01
9.398531974595477623e-01
9.393905350805333843e-01
9.389276858022724825e-01
9.384646482917584631e-01
9.380014212159842879e-01
9.375380032419439180e-01
9.370743930366304264e-01
9.366105892670376631e-01
9.361465906001590342e-01
9.356823957029877237e-01
9.352180032425172485e-01
9.347534118857412366e-01
9.342886202996529832e-01
9.338236271512460052e-01
9.333584311075138196e-01
9.328930308354499434e-01
9.324274250020475607e-01
9.319616122743001885e-01
9.314955913192014547e-01
9.310293608037452096e-01
9.305629193949236377e-01
9.300962657597315886e-01
9.296293985651616909e-01
9.291623164782080169e-01
9.286950181658629733e-01
9.282275022951211874e-01
9.277597675329753990e-01
9.272918125464195693e-01
9.268236360024464382e-01
9.263552365680502998e-01
9.258866129102238940e-01
9.254177636959611819e-01
9.249486875922554585e-01
9.244793832661001298e-01
9.240098493844888239e-01
9.235400846144142806e-01
9.230700876228710161e-01
9.225998570768516593e-01
9.221293916433501714e-01
9.216586899893597362e-01
9.211877507818742039e-01
9.207165726878862033e-01
9.202451543743902507e-01
9.197734945083789748e-01
9.193015917568463369e-01
9.188294447867850767e-01
9.183570522651898216e-01
9.178844128590527562e-01
9.174115252353686190e-01
9.169383880611297055e-01
9.164650000033301991e-01
9.159913597289630616e-01
9.155174659050221431e-01
9.150433171985007386e-01
9.145689122763924761e-01
9.140944048081980355e-01
9.136211046994235918e-01
9.131492950643959050e-01
9.126789584947033740e-01
9.122100775819337315e-01
9.117426349176751543e-01
9.112766130935147091e-01
9.108119947010406836e-01
9.103487623318413657e-01
9.098868985775034890e-01
9.094263860296161184e-01
9.089672072797660984e-01
9.085093449195420501e-01
9.080527815405313730e-01
9.075974997343221329e-01
9.071434820925020626e-01
9.066907112066591168e-01
9.062391696683806952e-01
9.057888400692556408e-01
9.053397050008704650e-01
9.048917470548141218e-01
9.044449488226738998e-01
9.039992928960378649e-01
9.035547618664937497e-01
9.031113383256297311e-01
9.026690048650327647e-01
9.022277440762920264e-01
9.017875385509940278e-01
9.013483708807275008e-01
9.009102236570799560e-01
9.004730794716393483e-01
9.000369209159935213e-01
8.996017305817303189e-01
8.991674910604372517e-01
8.987341849437030517e-01
8.983017948231146743e-01
8.978703032902600745e-01
8.974396929367276510e-01
8.970099463541043594e-01
8.965810461339791537e-01
8.961529748679389895e-01
8.957257151475720436e-01
8.952992495644662707e-01
8.948735607102095146e-01
8.944486311763891750e-01
8.940244435545937618e-01
8.936009804364102305e-01
8.931782244134276461e-01
8.927561580772328531e-01
8.923347640194141395e-01
8.919140248315592379e-01
8.914939231052563251e-01
8.910744414320921347e-01
8.906555624036562868e-01
8.902372686115349598e-01
8.898195426473169967e-01
8.894023671025896860e-01
8.889857245689415377e-01
8.885695976379596184e-01
8.881539689012324379e-01
8.877388209503471739e-01
8.873241363768924472e-01
8.869098977724556576e-01
8.864960877286245378e-01
8.860826888369873755e-01
8.856696836891313485e-01
8.852570548766451886e-01
8.848447849911158514e-01
8.844328566241319578e-01
8.840212523672804634e-01
8.836099548121501002e-01
8.831989465503282677e-01
8.827882101734031428e-01
8.823777282729616811e-01
8.819674834405929476e-01
8.815574582678840088e-01
8.811476353464230415e-01
8.807379972677975566e-01
8.803285266235957307e-01
8.799192060054051856e-01
8.795100180048142091e-01
8.791009452134097568e-01
8.786919702227810047e-01
8.782830756245142423e-01
8.778742440101986455e-01
8.774654579714212810e-01
8.770567000997705476e-01
8.766479529868334009e-01
8.762391992241986838e-01
8.758304214034536850e-01
8.754216021161864703e-01
8.750127239539846613e-01
8.746037695084363239e-01
8.741947213711296349e-01
8.737855621336515499e-01
8.733762743875905787e-01
8.729668407245341211e-01
8.725572437360704647e-01
8.721474660137872315e-01
8.717374901492727091e-01
8.713272987341137421e-01
8.709168743598993956e-01
8.705061996182165140e-01
8.700952571006534964e-01
8.696840293987978532e-01
8.692724991042379834e-01
8.688606488085609536e-01
8.684484611033553847e-01
8.680359185802082322e-01
8.676230038307085612e-01
8.672096994464432163e-01
8.667959880190003741e-01
8.663818521399677675e-01
8.659672744009334622e-01
8.655522373934849689e-01
8.651367237092107976e-01
8.647207159396976817e-01
8.643041966765347972e-01
8.638871485113090998e-01
8.634695540356084331e-01
8.630513958410210851e-01
8.626326565191348994e-01
8.622133186615372757e-01
8.617933648598162799e-01
8.613727777055598667e-01
8.609515397903556577e-01
8.605296337057920519e-01
8.601070420434557828e-01
8.596837473949360264e-01
8.592597323518195163e-01
8.588349795056948732e-01
8.584094714481493860e-01
8.579831907707714533e-01
8.575561200651486971e-01
8.571282419228687388e-01
8.566995389355194224e-01
8.562699936946892576e-01
8.558395887919653111e-01
8.554083068189356487e-01
8.549761303671881141e-01
8.545430420283108841e-01
8.541090243938912474e-01
8.536740600555177139e-01
8.532381316047773501e-01
8.528012216332588880e-01
8.523633127325492831e-01
8.519243874942369343e-01
8.514844285099095744e-01
8.510434183711552691e-01
8.506013396695611961e-01
8.501581749967160873e-01
8.497139069442071202e-01
8.492685181036223607e-01
8.488219910665499857e-01
8.483743084245768395e-01
8.479254527692920984e-01
8.474754066922823847e-01
8.470241527851364305e-01
8.465716736394415243e-01
8.461179518467860650e-01
8.456629699987574522e-01
8.452067106869437518e-01
8.447491565029324745e-01
8.442902900383121301e-01
8.438300938846696742e-01
8.433685506335937276e-01
8.429056428766716902e-01
8.424413532054917386e-01
8.419756642116412726e-01
8.415085584867089130e-01
8.410400186222815044e-01
8.405700272099477788e-01
8.400985668412949137e-01
8.396256201079111969e-01
8.391511696013841393e-01
8.386751979133019175e-01
8.381976876352521533e-01
8.377186213588230235e-01
8.372379816756017057e-01
8.367557511771768208e-01
8.362719124551355465e-01
8.357864481010661706e-01
8.352993407065567588e-01
8.348105728631942668e-01
8.343201271625673154e-01
8.338279861962634154e-01
8.333341325558706325e-01
8.328385488329765884e-01
8.323412176191694600e-01
8.318421215060364249e-01
8.313412430851662149e-01
8.308385649481461188e-01
8.303340696865642023e-01
8.298277398920078651e-01
8.293195581560655061e-01
8.288095070703246359e-01
8.282975692263736534e-01
8.277837272157994031e-01
8.272679636301908390e-01
8.267502610611350278e-01
8.262306021002200351e-01
8.257089693390338159e-01
8.251853453691641027e-01
8.246597127821989615e-01
8.241320541697260138e-01
8.236023521233327704e-01
8.230705892346080743e-01
8.225367480951386590e-01
8.220008112965131453e-01
8.214627614303190439e-01
8.209225810881444207e-01
8.203802528615767864e-01
8.198357593422039846e-01
8.192890831216145253e-01
8.187402067913952530e-01
8.181891129431350107e-01
8.176357841684207539e-01
8.170802030588411036e-01
8.165223522059831263e-01
8.159622142014356649e-01
8.153997716367853421e-01
8.148350071036213338e-01
8.142679031935302625e-01
8.136984424981009711e-01
8.131266076089203043e-01
8.125523811175773270e-01
8.119757456156586617e-01
8.113966836947530403e-01
8.108151779464479736e-01
8.102312109623311942e-01
8.096447653339905459e-01
8.090558236530143166e-01
8.084643685109896838e-01
8.078703824995052685e-01
8.072738482101482482e-01
8.066747482345067999e-01
8.060730651641685451e-01
8.054687815907219939e-01
8.048618801057537686e-01
8.042523433008529343e-01
8.036401537676066686e-01
8.030252940976028153e-01
8.024077468824298842e-01
8.017874947136742758e-01
8.011645201829257212e-01
8.005388058817705099e-01
7.999103344017977069e-01
7.992790883345940456e-01
7.986450502717481470e-01
7.980082028048474108e-01
7.973685285254802357e-01
7.967260100252335775e-01
7.960806298956962790e-01
7.954323707284552958e-01
7.947812151150992488e-01
7.941271456472152046e-01
7.934701449163918952e-01
7.928101955142164980e-01
7.921472800322773011e-01
7.914813810621614820e-01
7.908124811954579947e-01
7.901405630237533506e-01
7.894656091386365038e-01
7.887876021316945208e-01
7.881065245945158004e-01
7.874223591186877425e-01
7.867350882957990788e-01
7.860446947174360988e-01
7.853511609751884226e-01
7.846544696606427838e-01
7.839546033653868040e-01
7.832515446810095483e-01
7.825452761990974171e-01
7.818357805112393644e-01
7.811230402090224567e-01
7.804070378840354261e-01
7.796877561278651170e-01
7.789651775321001503e-01
7.782392846883281479e-01
7.775100601881369533e-01
7.767774866231140773e-01
7.760415465848478078e-01
7.753022226649256554e-01
7.745594974549360190e-01
7.738133535464658541e-01
7.730637735311042258e-01
7.723079916560587899e-01
7.715387154690093174e-01
7.707556329116845850e-01
7.699588307408514742e-01
7.691483957132762006e-01
7.683244145857256457e-01
7.674869741149644708e-01
7.666361610577608898e-01
7.657720621708796749e-01
7.648947642110880407e-01
7.640043539351517587e-01
7.631009180998374886e-01
7.621845434619115567e-01
7.612553167781392904e-01
7.603133248052884596e-01
7.593586543001238365e-01
7.583913920194133018e-01
7.574116247199215168e-01
7.564194391584163624e-01
7.554149220916626106e-01
7.543981602764276984e-01
7.533692404694772859e-01
7.523282494275782550e-01
7.512752739074957109e-01
7.502104006659973123e-01
7.491337164598483866e-01
7.480453080458162596e-01
7.469452621806655923e-01
7.458336656211644877e-01
7.447106051240774960e-01
7.435761674461727200e-01
7.424304393442145988e-01
7.412735075749711244e-01
7.401054588952070690e-01
7.389263800616903133e-01
7.377363578311852965e-01
7.365354789604600105e-01
7.353238302062793386e-01
7.341014983254109394e-01
7.328685700746196963e-01
7.316251322106734900e-01
7.303712714903373149e-01
7.291070746703773864e-01
7.278326285075612523e-01
7.265480197586534628e-01
7.252533351804220096e-01
7.239486615296316652e-01
7.226340855630504212e-01
7.213096940374427168e-01
7.199755737095763219e-01
7.186318113362162308e-01
7.172784936741304351e-01
7.159157074800833742e-01
7.145435395108427068e-01
7.131620765231736492e-01
7.117714052738437491e-01
7.103716125196177789e-01
7.089627850172636192e-01
7.075450095235458203e-01
7.061183727952325961e-01
7.046829615890882748e-01
7.032388626618809591e-01
7.017861627703753102e-01
7.003249486713393201e-01
6.988553071215373169e-01
6.973773248777375144e-01
6.958910886967044629e-01
6.943966853352061541e-01
6.928942015500071383e-01
6.913837240978754073e-01
6.898653397355756223e-01
6.883391352198756641e-01
6.868051973075411931e-01
6.852636127553372036e-01
6.837144683200320205e-01
6.821578507583900830e-01
6.805938468271796049e-01
6.790225432831649144e-01
6.774440268831141143e-01
6.758583843837917549e-01
6.742657025419659389e-01
6.726660681144011056e-01
6.710595678578652468e-01
6.694462885291230236e-01
6.678263168849424281e-01
6.661997396820878992e-01
6.645666436773276509e-01
6.629271156274261223e-01
6.612812422891514164e-01
6.596291104192678612e-01
6.579708067745438926e-01
6.563064181117435059e-01
6.546360311876351368e-01
6.529597327589833355e-01
6.512776095825560940e-01
6.495897484151176293e-01
6.478962360134362664e-01
6.461971591342765553e-01
6.444926045344064880e-01
6.427826589705905036e-01
6.410674091995969270e-01
6.393469419781909746e-01
6.376213440631376406e-01
6.358907022112058050e-01
6.341551031791593518e-01
6.324146337237666060e-01
6.306693806017918957e-01
6.289194305700036569e-01
6.271648703851659956e-01
6.254057868040471257e-01
6.236422665834114865e-01
6.218743964800276247e-01
6.201022632506590915e-01
6.183259536520748778e-01
6.165455544410388677e-01
6.147611523743196082e-01
6.129728342086812054e-01
6.111806867008920952e-01
6.093847966077162726e-01
6.075852506859222846e-01
6.057821356922743483e-01
6.039755383835410107e-01
6.021655455164859339e-01
6.003522438478782197e-01
5.985357201344814193e-01
5.967160611330640796e-01
5.948933536003905287e-01
5.930676842932290915e-01
5.912391399683439852e-01
5.894078073825036457e-01
5.875737732924732892e-01
5.857371244550179101e-01
5.838979476269061664e-01
5.820563295649021640e-01
5.802123570257743390e-01
5.783661167662864644e-01
5.765176955432077532e-01
5.746671801133015345e-01
5.728146572333370212e-01
5.709602136600775424e-01
5.691039361502922000e-01
5.672459114607447672e-01
5.653862263482037909e-01
5.635249675694332661e-01
5.616622218812020728e-01
5.597980760402737621e-01
5.579326168034171030e-01
5.560659309273959794e-01
5.541981051689793825e-01
5.523292262849307521e-01
5.504593810320189684e-01
5.485886561670081374e-01
5.467171384466665840e-01
5.448449146277584143e-01
5.429720714670520643e-01
5.410986957213118620e-01
5.392248741473061324e-01
5.373506935017988706e-01
5.354762405415587345e-01
5.336016020233508295e-01
5.317268647039402607e-01
5.298521153400957973e-01
5.279774406885811011e-01
5.261029275061649413e-01
5.242286625496113128e-01
5.223547325756889848e-01
5.204812243411616191e-01
5.186082246027978737e-01
5.167358201173617438e-01
5.148640976416221093e-01
5.129931439323425213e-01
5.111230457462917487e-01
5.092538898402338976e-01
5.073857629709374040e-01
5.055187518951662629e-01
5.036529433696891322e-01
5.017884241512698962e-01
4.999252809966773237e-01
4.980636006626751322e-01
4.962034699060322018e-01
4.943449754835123056e-01
4.924882041518839904e-01
4.906332426679115288e-01
4.887801777883633014e-01
4.869290962700033032e-01
4.850800848696000256e-01
4.832332303439176857e-01
4.813886194497249416e-01
4.795463389437863433e-01
4.777064755828676623e-01
4.758691161237372791e-01
4.740343473231591331e-01
4.722022559379016049e-01
4.703729287247292445e-01
4.685464524404100994e-01
4.667229138417084422e-01
4.649023996853927088e-01
4.630849967282270052e-01
4.612707917269797675e-01
4.594598714384152127e-01
4.576523226193017213e-01
4.558482320264033993e-01
4.540476864164886273e-01
4.522507725463217332e-01
4.504575771726710975e-01
4.486681870523006044e-01
4.468826889419790227e-01
4.451011695984703476e-01
4.433237157785431259e-01
4.415504142389611308e-01
4.397813517364932978e-01
4.380166150279033999e-01
4.362562908699600395e-01
4.345004660194272672e-01
4.327492272330737966e-01
4.310026612676632896e-01
4.292608548799645707e-01
4.275238948267425787e-01
4.257918678647626964e-01
4.240648607507933043e-01
4.223429602415986195e-01
4.206262530939470778e-01
4.189148260646025634e-01
4.172087659103337343e-01
4.155081593879048074e-01
4.138130932540840523e-01
4.121236542656356305e-01
4.104399291793280891e-01
4.087620047519253674e-01
4.070899677401960681e-01
4.054239049009042972e-01
4.037639029908183796e-01
4.021100487667025325e-01
4.004624289853253583e-01
3.988211304034507965e-01
3.971862397778473386e-01
3.955578438652789797e-01
3.939360294225143777e-01
3.923208832063176388e-01
3.907124919734568658e-01
3.891109424806967199e-01
3.875163214848053039e-01
3.859287157425468351e-01
3.843482120106897493e-01
3.827748970459982081e-01
3.812088576052405919e-01
3.796501804451821172e-01
3.780989523225880555e-01
3.765552599942267320e-01
3.750191902168624747e-01
3.734908297472636085e-01
3.719702653421942951e-01
3.704575837584228593e-01
3.689528717527134627e-01
3.674562160818347079e-01
3.659677035025505898e-01
3.644874207716295444e-01
3.630154546458357334e-01
3.615518918819375926e-01
3.600968192366995058e-01
3.586503234668893536e-01
3.572124913292717974e-01
3.557834095806148844e-01
3.543631649776832204e-01
3.529518442772446307e-01
3.515495342360637765e-01
3.501563216109087051e-01
3.487722931585440778e-01
3.473975356357377753e-01
3.460321357992542368e-01
3.446761804058615652e-01
3.433297562123244773e-01
3.419929499754109092e-01
3.406658484518853003e-01
3.393485383985156978e-01
3.380411065720676511e-01
3.367436397293065986e-01
3.354562246270001991e-01
3.341789480219134467e-01
3.329118966708141114e-01
3.316551573304669653e-01
3.304088167576397228e-01
3.291729617090971005e-01
3.279476789416072013e-01
3.267330552119345755e-01
3.255291714546569293e-01
3.243295185910289868e-01
3.231282956886838975e-01
3.219255363256506852e-01
3.207212740799611495e-01
3.195155425296442031e-01
3.183083752527317012e-01
3.170998058272524456e-01
3.158898678312384578e-01
3.146785948427185398e-01
3.134660204397244909e-01
3.122521782002852242e-01
3.110371017024327056e-01
3.098208245241956815e-01
3.086033802436060625e-01
3.073848024386927058e-01
3.061651246874875221e-01
3.049443805680193131e-01
3.037226036583200450e-01
3.024998275364185196e-01
3.012760857803466474e-01
3.000514119681340075e-01
2.988258396778102344e-01
2.975994024874072386e-01
2.963721339749538219e-01
2.951440677184819505e-01
2.939152372960203152e-01
2.926856762856010485e-01
2.914554182652527858e-01
2.902244968130075486e-01
2.889929455068940833e-01
2.877607979249443559e-01
2.865280876451872238e-01
2.852948482456545976e-01
2.840611133043751679e-01
2.828269163993810675e-01
2.815922911087008762e-01
2.803572710103667265e-01
2.791218896824074203e-01
2.778861807028547570e-01
2.766501776497375387e-01
2.754139141010878422e-01
2.741774236349343585e-01
2.729407398293091647e-01
2.717038962622408405e-01
2.704669265117615184e-01
2.692298641559000005e-01
2.679927427726880307e-01
2.667555959401545773e-01
2.655184572363315509e-01
2.642813602392485861e-01
2.630443385269351508e-01
2.618074256774232111e-01
2.605706552687416799e-01
2.593340608789223012e-01
2.580976760859940988e-01
2.568615344679888723e-01
2.556256696029355346e-01
2.543901150688658297e-01
2.531549044438087814e-01
2.519200713057961338e-01
2.506856492328569108e-01
2.494516718030228286e-01
2.482181725943228001e-01
2.469851851847887081e-01
2.457527431524494932e-01
2.445208800753369272e-01
2.432896295314798674e-01
2.420590250989103076e-01
2.408291003556570498e-01
2.395998888797519211e-01
2.383714242492238067e-01
2.371437400421046449e-01
2.359168698364232375e-01
2.346908472102115228e-01
2.334657057414983028e-01
2.322414790083155156e-01
2.310182005886919354e-01
2.297959040606595005e-01
2.285746230022477898e-01
2.273543909914864936e-01
2.261352416064074944e-01
2.249172084250395109e-01
2.237003250254145925e-01
2.224846249855614577e-01
2.212701418835121281e-01
2.200569092972953222e-01
2.188449608049430339e-01
2.176343299844840373e-01
2.164250504139503539e-01
2.152171556713706468e-01
2.140106793347769931e-01
2.128056549821980559e-01
2.116021161916658844e-01
2.104000965412092528e-01
2.091996296088599883e-01
2.080007489726471148e-01
2.068034882106024319e-01
2.056078809007547137e-01
2.044139606211359816e-01
2.032217609497750377e-01
2.020313154647037368e-01
2.008426577439509919e-01
1.996558213655485747e-01
1.984708399075254814e-01
1.972877469479135670e-01
1.961065760647415779e-01
1.949273608360415355e-01
1.937501348398429635e-01
1.925749316541755796e-01
1.914017848570711278e-01
1.902307280265585487e-01
1.890617947406696975e-01
1.878950185774334869e-01
1.867304331148817720e-01
1.855680719310433546e-01
1.844079686039501731e-01
1.832501567116311403e-01
1.820946698321179724e-01
1.809415415434396934e-01
1.797908054236281028e-01
1.786424950507121134e-01
1.774966440027234971e-01
1.763532858576912776e-01
1.752124541936471991e-01
1.740741825886202021e-01
1.729385046206421139e-01
1.718054538677418475e-01
1.706750639079512299e-01
1.695473683192991465e-01
1.684224006798174522e-01
1.673001945675350599e-01
1.661807835604838246e-01
1.650642012366926314e-01
1.639504811741932799e-01
1.628396569510147662e-01
1.617317621451888066e-01
1.606268303347451187e-01
1.595248950977133373e-01
1.584259900121252618e-01
1.573301486560098605e-01
1.562374046073988776e-01
1.551477914443213368e-01
1.540613427448089545e-01
1.529780920868907546e-01
1.518980730485983976e-01
1.508213192079609910e-01
1.497478641430102231e-01
1.486777414317750901e-01
1.476109846522873914e-01
1.465476273825760678e-01
1.454877032006728632e-01
1.444312456846067738e-01
1.433782884124095713e-01
1.423288649621101964e-01
1.412830089117404764e-01
1.402407538393294073e-01
1.392021333229086222e-01
1.381671809405072282e-01
1.371359302701568861e-01
1.361084148898867308e-01
1.350846683777283119e-01
1.340647243117107923e-01
1.330486162698658326e-01
1.320363778302224844e-01
1.310280425708123808e-01
1.300236440696653228e-01
1.290232159048110006e-01
1.280267916542810469e-01
1.270344048961045136e-01
1.260460892083131723e-01
1.250618781689361025e-01
1.240818053560048123e-01
1.231059043475485060e-01
1.221342087215987887e-01
1.211667520561848371e-01
1.202035679293381870e-01
1.192446899190880011e-01
1.182901516034658845e-01
1.173399865605009862e-01
1.163942283682248974e-01
1.154529106046667530e-01
1.145160668478582000e-01
1.135837306758282900e-01
1.126559356666086559e-01
1.117327153982285159e-01
1.108141034487193921e-01
1.099001333961104054e-01
1.089908388184332166e-01
1.080862532937169884e-01
1.071864103999932150e-01
1.062913437152911422e-01
1.054010868176422783e-01
1.045156732850758829e-01
1.036351366956234088e-01
1.027595106273147124e-01
1.018888286581795533e-01
1.010231243662494394e-01
1.001624313295537139e-01
9.930678312612373215e-02
9.845621333398879571e-02
9.761075553118042647e-02
9.677044329572784265e-02
9.593531020566249679e-02
9.510538983901369037e-02
9.428071577381294532e-02
9.346132158808946599e-02
9.264724085987470492e-02
9.183850716719806073e-02
9.103515408809083331e-02
9.023721520058239354e-02
8.944472408270416619e-02
8.865771431248550827e-02
8.787621946795776129e-02
8.710027312715032388e-02
8.632990886809452369e-02
8.556516026881984260e-02
8.480606090735749725e-02
8.405264436173694176e-02
8.330494420998954541e-02
8.256299403014472071e-02
8.182682740023373980e-02
8.109647789828602904e-02
8.037197910233292997e-02
7.965336459040438244e-02
7.894066794053018754e-02
7.823392273074172842e-02
7.753316253906845923e-02
7.683842094354158270e-02
7.614973152219063623e-02
7.546712785304683646e-02
7.479064351413976242e-02
7.412031208350056133e-02
7.345616713915874285e-02
7.279824225914559299e-02
7.214657102149063528e-02
7.150118700422498919e-02
7.086212378537828926e-02
7.022941494298166887e-02
6.960309405506476255e-02
6.898319469965866202e-02
6.836975045479296020e-02
6.776279489849883209e-02
6.716236160880591222e-02
6.656848416374525068e-02
6.598119614134649591e-02
6.540053111964080901e-02
6.482652267665776902e-02
6.425920439042846766e-02
6.369860983898260887e-02
6.314477260035128436e-02
6.259772625256408707e-02
6.205750437365210870e-02
6.152414054164508789e-02
6.099766833457399839e-02
6.047812133046891192e-02
5.996553310735981690e-02
5.945993724327783975e-02
5.896136731625269134e-02
5.846985690431528992e-02
5.798543958549539495e-02
5.750814893782407039e-02
5.703801853933104793e-02
5.657508196804727357e-02
5.611937280200250677e-02
5.567092461922781843e-02
5.522977099775285004e-02
5.479594551560861004e-02
5.436948175082493423e-02
5.395041328143273390e-02
5.353877368546177545e-02
5.313459654094304652e-02
5.273791542590636205e-02
5.234876391838259868e-02
5.196717559640159911e-02
5.159318403799427466e-02
5.122682282119050967e-02
5.086812552402111137e-02
5.051712572451599187e-02
5.017385700070603471e-02
4.983835293062111038e-02
4.951064709229202609e-02
4.919077306374874253e-02
4.887876442302201835e-02
4.857465474814209871e-02
4.827847761713907615e-02
4.798984087745336580e-02
4.770333719310292792e-02
4.741732054394433293e-02
4.713179458495320162e-02
4.684676297110594578e-02
4.656222935737816537e-02
4.627819739874629995e-02
4.599467075018596335e-02
4.571165306667353267e-02
4.542914800318467033e-02
4.514715921469574650e-02
4.486569035618242357e-02
4.458474508262105090e-02
4.430432704898730478e-02
4.402443991025754844e-02
4.374508732140744427e-02
4.346627293741334858e-02
4.318800041325094458e-02
4.291027340389657468e-02
4.263309556432591518e-02
4.235647054951532237e-02
4.208040201444045864e-02
4.180489361407770804e-02
4.152994900340271217e-02
4.125557183739182732e-02
4.098176577102075058e-02
4.070853445926581049e-02
4.043588155710286375e-02
4.016381071950776011e-02
3.989232560145683504e-02
3.962142985792577177e-02
3.935112714389092659e-02
3.908142111432797577e-02
3.881231542421325481e-02
3.854381372852246773e-02
3.827591968223193614e-02
3.800863694031735712e-02
3.774196915775507311e-02
3.747591998952076037e-02
3.721049309059076826e-02
3.694569211594078695e-02
3.668152072054714496e-02
3.641798255938553941e-02
3.615508128743230576e-02
3.589282055966312723e-02
3.563120403105436013e-02
3.537023535658167378e-02
3.510991819122142449e-02
3.485025618994927465e-02
3.459125300774159445e-02
3.433291229957405322e-02
3.407523772042297949e-02
3.381823292526409119e-02
3.356190156907371686e-02
3.330624730682753276e-02
3.305127379350188133e-02
3.279698468407262618e-02
3.254338363351560320e-02
3.229047429680716175e-02
3.203826032892298503e-02
3.178674538483940853e-02
3.153593311953212935e-02
3.128582718797748297e-02
3.103643124515115953e-02
3.078774894602949452e-02
3.053978394558818504e-02
3.029253989880355269e-02
3.004602046065130497e-02
2.980022928610776001e-02
2.955517003014862878e-02
2.931084634775022943e-02
2.906726189388826945e-02
2.882442032353907391e-02
2.858232529167834338e-02
2.834098045328240292e-02
2.810038946332695312e-02
2.786055597678831208e-02
2.762148364864220815e-02
2.738317613386493515e-02
2.714563708743221795e-02
2.690887016432036427e-02
2.667287901950508855e-02
2.643766730796271586e-02
2.620323868466893982e-02
2.596959680460008552e-02
2.573674532273202697e-02
2.550468789404061049e-02
2.527342817350214724e-02
2.504296981609237596e-02
2.481331647678757663e-02
2.458447181056349490e-02
2.435643947239642462e-02
2.412922311726209065e-02
2.390282640013678683e-02
2.367725297599625189e-02
2.345250649981678315e-02
2.322859062657410545e-02
2.300550901124451958e-02
2.278326530880375733e-02
2.256186317422811255e-02
2.234130626249331703e-02
2.212159822857565766e-02
2.190274272745088360e-02
2.168474341409527828e-02
2.146760394348457696e-02
2.125132797059507694e-02
2.103591915040250657e-02
2.082138113788315620e-02
2.060771758801277845e-02
2.039493215576764287e-02
2.018302849612349861e-02
1.997201026405663604e-02
1.976188111454278695e-02
1.955264470255824172e-02
1.934430468307888132e-02
1.913686471108057979e-02
1.893032844153961711e-02
1.872469952943175281e-02
1.851998162973324952e-02
1.831617839741986678e-02
1.811329348746788109e-02
1.791133055485303813e-02
1.771029325455162132e-02
1.751018524153937633e-02
1.731101017079257620e-02
1.711277169728698741e-02
1.691547347599886564e-02
1.671911916190397737e-02
1.652371240997859564e-02
1.632925687519846958e-02
1.613575621253986528e-02
1.594321407697855963e-02
1.575163412349080139e-02
1.556102000705235876e-02
1.537137538263949610e-02
1.518270390522798337e-02
1.499500922979406931e-02
1.480829501131353775e-02
1.462256490476263222e-02
1.443782256511713484e-02
1.425407164735328740e-02
1.407131580644687546e-02
1.388955869737415125e-02
1.370880397511099573e-02
1.352905529463332285e-02
1.335031631091737267e-02
1.317259067893892382e-02
1.299588205367421985e-02
1.282019409009905499e-02
1.264553044318966063e-02
1.247189476792182755e-02
1.229929071927179929e-02
1.212772195221535620e-02
1.195719212172873490e-02
1.178770488278774523e-02
1.161926389036859603e-02
1.145187279944710063e-02
1.128553526499948695e-02
1.112025494200154403e-02
1.095603548542950327e-02
1.079288055025917625e-02
1.063079379146677529e-02
1.046977886402810330e-02
1.030983942291939341e-02
1.015097912311644854e-02
9.993201619595474053e-03
9.836510567332305832e-03
9.680909621303138840e-03
9.526402436483786401e-03
9.372992667850478174e-03
9.220683970379018810e-03
9.069479999045608476e-03
8.919384408826181929e-03
8.770400854696649637e-03
8.622532991633204830e-03
8.475784474611693792e-03
8.330158958608304548e-03
8.185660098598859097e-03
8.042291549559569749e-03
7.900056966466263708e-03
7.758960004295121192e-03
7.619004318021998026e-03
7.480193562623075297e-03
7.342531393074181074e-03
7.206021464351525935e-03
7.070667431430934478e-03
6.936472949288599067e-03
6.803441672900347771e-03
6.671577257242384228e-03
6.540883357290546915e-03
6.411363628021004776e-03
6.283021724409625780e-03
6.155861301432575400e-03
6.029886014065695583e-03
5.905099517285188233e-03
5.781505466066890093e-03
5.659107515386961433e-03
5.537909320221285833e-03
5.417914535546017492e-03
5.299126816337005295e-03
5.181549817570440739e-03
5.065187194222173575e-03
4.950042601268355401e-03
4.836119693684945257e-03
4.723422126447878767e-03
4.611953554533299721e-03
4.501717632917100372e-03
4.392718016575426244e-03
4.284958360484140971e-03
4.178442319619413495e-03
4.073173548957119590e-03
3.969155703473388301e-03
3.866392438144123159e-03
3.764887407945461013e-03
3.664644267853275038e-03
3.565666672843725502e-03
3.467958277892690781e-03
3.371522737976301656e-03
3.276363708070466861e-03
3.182484843151306766e-03
3.089889798194716229e-03
2.998582228176836003e-03
2.908565788073557042e-03
2.819844132861000583e-03
2.732420917515082301e-03
2.646299797011924734e-03
2.561484426327422306e-03
2.477978460437693219e-03
2.395785554318668326e-03
2.314909362946445878e-03
2.235353541296935045e-03
2.157121744346264004e-03
2.080217627070390495e-03
2.004644844445269657e-03
1.930407051447027064e-03
1.857507903051578172e-03
1.785951054235016466e-03
1.715740159973285590e-03
1.646878875242474040e-03
1.579370855018506379e-03
1.513219754277497558e-03
1.448429227995362382e-03
1.385002931148195419e-03
1.322944518711945301e-03
1.262257645662695537e-03
1.202945966976370689e-03
1.145013137629083324e-03
1.088462812596759088e-03
1.033298646855476720e-03
9.795242953811972124e-04
9.271434131499991941e-04
8.761596551378106985e-04
8.265766763207382187e-04
7.783981316747162933e-04
7.316276761758107577e-04
6.862689648000030963e-04
6.423256525233413637e-04
5.998013943217866614e-04
5.586998451714190279e-04
5.190246600481953363e-04
4.807794939281629905e-04
4.439680017873371396e-04
4.085938386016927629e-04
3.746606593472807337e-04
3.421721190000885540e-04
3.111318725361746323e-04
2.815435749314975224e-04
2.534108811621015923e-04
2.267374462039947812e-04
2.015269250332037848e-04
1.777829726257048020e-04
1.555092439575600635e-04
1.347093940047482618e-04
1.153870777432911053e-04
9.754595014920782240e-05
8.118966619851758710e-05
6.632188086721428448e-05
5.294624913133736321e-05
4.106642596687565326e-05
3.068606634985086981e-05
2.180882525628980684e-05
1.443835766219899563e-05
8.578318543574870803e-06
4.232362876456856463e-06
1.404145636846441277e-06
9.732180074763810957e-08
0.000000000000000000e+00
0.000000000000000000e+00
0.000000000000000000e+00
0.000000000000000000e+00
0.000000000000000000e+00
0.000000000000000000e+00
0.000000000000000000e+00
0.000000000000000000e+00
0.000000000000000000e+00
0.000000000000000000e+00
0.000000000000000000e+00
0.000000000000000000e+00
0.000000000000000000e+00
0.000000000000000000e+00
0.000000000000000000e+00
0.000000000000000000e+00
0.000000000000000000e+00
0.000000000000000000e+00
0.000000000000000000e+00
0.000000000000000000e+00
0.000000000000000000e+00
0.000000000000000000e+00
0.000000000000000000e+00
0.000000000000000000e+00
0.000000000000000000e+00
0.000000000000000000e+00
0.000000000000000000e+00
0.000000000000000000e+00
0.000000000000000000e+00
0.000000000000000000e+00
0.000000000000000000e+00
0.000000000000000000e+00
0.000000000000000000e+00
0.000000000000000000e+00
0.000000000000000000e+00
0.000000000000000000e+00
0.000000000000000000e+00
0.000000000000000000e+00
0.000000000000000000e+00
0.000000000000000000e+00
0.000000000000000000e+00
0.000000000000000000e+00
0.000000000000000000e+00
0.000000000000000000e+00
0.000000000000000000e+00
0.000000000000000000e+00
0.000000000000000000e+00
0.000000000000000000e+00
0.000000000000000000e+00
0.000000000000000000e+00
0.000000000000000000e+00
0.000000000000000000e+00
0.000000000000000000e+00
0.000000000000000000e+00
0.000000000000000000e+00
0.000000000000000000e+00
0.000000000000000000e+00
0.000000000000000000e+00
0.000000000000000000e+00
0.000000000000000000e+00
0.000000000000000000e+00
0.000000000000000000e+00
0.000000000000000000e+00
0.000000000000000000e+00
0.000000000000000000e+00
0.000000000000000000e+00
0.000000000000000000e+00
0.000000000000000000e+00
0.000000000000000000e+00
0.000000000000000000e+00
0.000000000000000000e+00
0.000000000000000000e+00
0.000000000000000000e+00
0.000000000000000000e+00
0.000000000000000000e+00
0.000000000000000000e+00
0.000000000000000000e+00
0.000000000000000000e+00
0.000000000000000000e+00
0.000000000000000000e+00
0.000000000000000000e+00
0.000000000000000000e+00
0.000000000000000000e+00
0.000000000000000000e+00
0.000000000000000000e+00
0.000000000000000000e+00
0.000000000000000000e+00
0.000000000000000000e+00
0.000000000000000000e+00
0.000000000000000000e+00
0.000000000000000000e+00
0.000000000000000000e+00
0.000000000000000000e+00
0.000000000000000000e+00
0.000000000000000000e+00
0.000000000000000000e+00
0.000000000000000000e+00
0.000000000000000000e+00
0.000000000000000000e+00
0.000000000000000000e+00
0.000000000000000000e+00
0.000000000000000000e+00
0.000000000000000000e+00
0.000000000000000000e+00
0.000000000000000000e+00
0.000000000000000000e+00
0.000000000000000000e+00
0.000000000000000000e+00
0.000000000000000000e+00
0.000000000000000000e+00
0.000000000000000000e+00
0.000000000000000000e+00
0.000000000000000000e+00
0.000000000000000000e+00
0.000000000000000000e+00
0.000000000000000000e+00
0.000000000000000000e+00
0.000000000000000000e+00
0.000000000000000000e+00
0.000000000000000000e+00
0.000000000000000000e+00
0.000000000000000000e+00
0.000000000000000000e+00
0.000000000000000000e+00
0.000000000000000000e+00
0.000000000000000000e+00
0.000000000000000000e+00
0.000000000000000000e+00
0.000000000000000000e+00
0.000000000000000000e+00
0.000000000000000000e+00
0.000000000000000000e+00
0.000000000000000000e+00
0.000000000000000000e+00
0.000000000000000000e+00
0.000000000000000000e+00
0.000000000000000000e+00
0.000000000000000000e+00
0.000000000000000000e+00
0.000000000000000000e+00
0.000000000000000000e+00
0.000000000000000000e+00
0.000000000000000000e+00
0.000000000000000000e+00
0.000000000000000000e+00
0.000000000000000000e+00
0.000000000000000000e+00
0.000000000000000000e+00
0.000000000000000000e+00
0.000000000000000000e+00
0.000000000000000000e+00
0.000000000000000000e+00
0.000000000000000000e+00
0.000000000000000000e+00
0.000000000000000000e+00
0.000000000000000000e+00
0.000000000000000000e+00
0.000000000000000000e+00
0.000000000000000000e+00
0.000000000000000000e+00
0.000000000000000000e+00
0.000000000000000000e+00
0.000000000000000000e+00
0.000000000000000000e+00
0.000000000000000000e+00
0.000000000000000000e+00
0.000000000000000000e+00
0.000000000000000000e+00
0.000000000000000000e+00
0.000000000000000000e+00
0.000000000000000000e+00
0.000000000000000000e+00
0.000000000000000000e+00
0.000000000000000000e+00
0.000000000000000000e+00
0.000000000000000000e+00
0.000000000000000000e+00
0.000000000000000000e+00
0.000000000000000000e+00
0.000000000000000000e+00
0.000000000000000000e+00
0.000000000000000000e+00
0.000000000000000000e+00
0.000000000000000000e+00
0.000000000000000000e+00
0.000000000000000000e+00
0.000000000000000000e+00
0.000000000000000000e+00
0.000000000000000000e+00
0.000000000000000000e+00
0.000000000000000000e+00
0.000000000000000000e+00
0.000000000000000000e+00
0.000000000000000000e+00
0.000000000000000000e+00
0.000000000000000000e+00
0.000000000000000000e+00
0.000000000000000000e+00
0.000000000000000000e+00
0.000000000000000000e+00
0.000000000000000000e+00
0.000000000000000000e+00
0.000000000000000000e+00
0.000000000000000000e+00
0.000000000000000000e+00
0.000000000000000000e+00
0.000000000000000000e+00
0.000000000000000000e+00
0.000000000000000000e+00
0.000000000000000000e+00
0.000000000000000000e+00
0.000000000000000000e+00
0.000000000000000000e+00
0.000000000000000000e+00
0.000000000000000000e+00
0.000000000000000000e+00
0.000000000000000000e+00
0.000000000000000000e+00
0.000000000000000000e+00
0.000000000000000000e+00
0.000000000000000000e+00
0.000000000000000000e+00
0.000000000000000000e+00
0.000000000000000000e+00
0.000000000000000000e+00
0.000000000000000000e+00
0.000000000000000000e+00
0.000000000000000000e+00
0.000000000000000000e+00
0.000000000000000000e+00
0.000000000000000000e+00
0.000000000000000000e+00
0.000000000000000000e+00
0.000000000000000000e+00
0.000000000000000000e+00
0.000000000000000000e+00
0.000000000000000000e+00
0.000000000000000000e+00
0.000000000000000000e+00
0.000000000000000000e+00
0.000000000000000000e+00
0.000000000000000000e+00
0.000000000000000000e+00
0.000000000000000000e+00
0.000000000000000000e+00
0.000000000000000000e+00
0.000000000000000000e+00
0.000000000000000000e+00
0.000000000000000000e+00
0.000000000000000000e+00
0.000000000000000000e+00
0.000000000000000000e+00
0.000000000000000000e+00
0.000000000000000000e+00
0.000000000000000000e+00
0.000000000000000000e+00
0.000000000000000000e+00
0.000000000000000000e+00
0.000000000000000000e+00
0.000000000000000000e+00
0.000000000000000000e+00
0.000000000000000000e+00
0.000000000000000000e+00
0.000000000000000000e+00
0.000000000000000000e+00
0.000000000000000000e+00
0.000000000000000000e+00
0.000000000000000000e+00
0.000000000000000000e+00
0.000000000000000000e+00
0.000000000000000000e+00
0.000000000000000000e+00
0.000000000000000000e+00
0.000000000000000000e+00
0.000000000000000000e+00
0.000000000000000000e+00
0.000000000000000000e+00
0.000000000000000000e+00
0.000000000000000000e+00
0.000000000000000000e+00
0.000000000000000000e+00
0.000000000000000000e+00
0.000000000000000000e+00
0.000000000000000000e+00
0.000000000000000000e+00
0.000000000000000000e+00
0.000000000000000000e+00
0.000000000000000000e+00
0.000000000000000000e+00
0.000000000000000000e+00
0.000000000000000000e+00
0.000000000000000000e+00
0.000000000000000000e+00
0.000000000000000000e+00
0.000000000000000000e+00
0.000000000000000000e+00
0.000000000000000000e+00
0.000000000000000000e+00
0.000000000000000000e+00
0.000000000000000000e+00
0.000000000000000000e+00
0.000000000000000000e+00
0.000000000000000000e+00
0.000000000000000000e+00
0.000000000000000000e+00
0.000000000000000000e+00
0.000000000000000000e+00
0.000000000000000000e+00
0.000000000000000000e+00
0.000000000000000000e+00
0.000000000000000000e+00
0.000000000000000000e+00
0.000000000000000000e+00
0.000000000000000000e+00
0.000000000000000000e+00
0.000000000000000000e+00
0.000000000000000000e+00
0.000000000000000000e+00
0.000000000000000000e+00
0.000000000000000000e+00
0.000000000000000000e+00
0.000000000000000000e+00
0.000000000000000000e+00
0.000000000000000000e+00
0.000000000000000000e+00
0.000000000000000000e+00
0.000000000000000000e+00
0.000000000000000000e+00
0.000000000000000000e+00
0.000000000000000000e+00
0.000000000000000000e+00
0.000000000000000000e+00
0.000000000000000000e+00
0.000000000000000000e+00
0.000000000000000000e+00
0.000000000000000000e+00
0.000000000000000000e+00
0.000000000000000000e+00
0.000000000000000000e+00
0.000000000000000000e+00
0.000000000000000000e+00
0.000000000000000000e+00
0.000000000000000000e+00
0.000000000000000000e+00
0.000000000000000000e+00
0.000000000000000000e+00
0.000000000000000000e+00
0.000000000000000000e+00
0.000000000000000000e+00
0.000000000000000000e+00
0.000000000000000000e+00
0.000000000000000000e+00
0.000000000000000000e+00
0.000000000000000000e+00
0.000000000000000000e+00
0.000000000000000000e+00
0.000000000000000000e+00
0.000000000000000000e+00
0.000000000000000000e+00
0.000000000000000000e+00
0.000000000000000000e+00
0.000000000000000000e+00
0.000000000000000000e+00
0.000000000000000000e+00
0.000000000000000000e+00
0.000000000000000000e+00
0.000000000000000000e+00
0.000000000000000000e+00
0.000000000000000000e+00
0.000000000000000000e+00
0.000000000000000000e+00
0.000000000000000000e+00
0.000000000000000000e+00
0.000000000000000000e+00
0.000000000000000000e+00
0.000000000000000000e+00
0.000000000000000000e+00
0.000000000000000000e+00
0.000000000000000000e+00
0.000000000000000000e+00
0.000000000000000000e+00
0.000000000000000000e+00
0.000000000000000000e+00
0.000000000000000000e+00
0.000000000000000000e+00
0.000000000000000000e+00
0.000000000000000000e+00
0.000000000000000000e+00
0.000000000000000000e+00
0.000000000000000000e+00
0.000000000000000000e+00
0.000000000000000000e+00
0.000000000000000000e+00
0.000000000000000000e+00
0.000000000000000000e+00
0.000000000000000000e+00
0.000000000000000000e+00
0.000000000000000000e+00
0.000000000000000000e+00
0.000000000000000000e+00
0.000000000000000000e+00
0.000000000000000000e+00
0.000000000000000000e+00
0.000000000000000000e+00
0.000000000000000000e+00
0.000000000000000000e+00
0.000000000000000000e+00
0.000000000000000000e+00
0.000000000000000000e+00
0.000000000000000000e+00
0.000000000000000000e+00
0.000000000000000000e+00
0.000000000000000000e+00
0.000000000000000000e+00
0.000000000000000000e+00
0.000000000000000000e+00
0.000000000000000000e+00
0.000000000000000000e+00
0.000000000000000000e+00
0.000000000000000000e+00
0.000000000000000000e+00
0.000000000000000000e+00
0.000000000000000000e+00
0.000000000000000000e+00
0.000000000000000000e+00
0.000000000000000000e+00
0.000000000000000000e+00
0.000000000000000000e+00
0.000000000000000000e+00
0.000000000000000000e+00
0.000000000000000000e+00
0.000000000000000000e+00
0.000000000000000000e+00
0.000000000000000000e+00
0.000000000000000000e+00
0.000000000000000000e+00
0.000000000000000000e+00
0.000000000000000000e+00
0.000000000000000000e+00
0.000000000000000000e+00
0.000000000000000000e+00
0.000000000000000000e+00
0.000000000000000000e+00
0.000000000000000000e+00
0.000000000000000000e+00
0.000000000000000000e+00
0.000000000000000000e+00
0.000000000000000000e+00
0.000000000000000000e+00
0.000000000000000000e+00
0.000000000000000000e+00
0.000000000000000000e+00
0.000000000000000000e+00
0.000000000000000000e+00
0.000000000000000000e+00
0.000000000000000000e+00
0.000000000000000000e+00
0.000000000000000000e+00
0.000000000000000000e+00
0.000000000000000000e+00
0.000000000000000000e+00
0.000000000000000000e+00
0.000000000000000000e+00
0.000000000000000000e+00
0.000000000000000000e+00
0.000000000000000000e+00
0.000000000000000000e+00
0.000000000000000000e+00
0.000000000000000000e+00
0.000000000000000000e+00
0.000000000000000000e+00
0.000000000000000000e+00
0.000000000000000000e+00
0.000000000000000000e+00
0.000000000000000000e+00
0.000000000000000000e+00
0.000000000000000000e+00
0.000000000000000000e+00
0.000000000000000000e+00
0.000000000000000000e+00
0.000000000000000000e+00
0.000000000000000000e+00
0.000000000000000000e+00
0.000000000000000000e+00
0.000000000000000000e+00
0.000000000000000000e+00
0.000000000000000000e+00
0.000000000000000000e+00
0.000000000000000000e+00
0.000000000000000000e+00
0.000000000000000000e+00
0.000000000000000000e+00
0.000000000000000000e+00
0.000000000000000000e+00
0.000000000000000000e+00
0.000000000000000000e+00
0.000000000000000000e+00
0.000000000000000000e+00
0.000000000000000000e+00
0.000000000000000000e+00
0.000000000000000000e+00
0.000000000000000000e+00
0.000000000000000000e+00
0.000000000000000000e+00
0.000000000000000000e+00
0.000000000000000000e+00
0.000000000000000000e+00
0.000000000000000000e+00
0.000000000000000000e+00
0.000000000000000000e+00
0.000000000000000000e+00
0.000000000000000000e+00
0.000000000000000000e+00
0.000000000000000000e+00
0.000000000000000000e+00
0.000000000000000000e+00
0.000000000000000000e+00
0.000000000000000000e+00
0.000000000000000000e+00
0.000000000000000000e+00
0.000000000000000000e+00
0.000000000000000000e+00
0.000000000000000000e+00
0.000000000000000000e+00
0.000000000000000000e+00
0.000000000000000000e+00
0.000000000000000000e+00
0.000000000000000000e+00
0.000000000000000000e+00
0.000000000000000000e+00
0.000000000000000000e+00
0.000000000000000000e+00
0.000000000000000000e+00
0.000000000000000000e+00
0.000000000000000000e+00
0.000000000000000000e+00
0.000000000000000000e+00
0.000000000000000000e+00
0.000000000000000000e+00
0.000000000000000000e+00
0.000000000000000000e+00
0.000000000000000000e+00
0.000000000000000000e+00
0.000000000000000000e+00
0.000000000000000000e+00
0.000000000000000000e+00
0.000000000000000000e+00
0.000000000000000000e+00
0.000000000000000000e+00
0.000000000000000000e+00
0.000000000000000000e+00
0.000000000000000000e+00
0.000000000000000000e+00
0.000000000000000000e+00
0.000000000000000000e+00
0.000000000000000000e+00
0.000000000000000000e+00
0.000000000000000000e+00
0.000000000000000000e+00
0.000000000000000000e+00
0.000000000000000000e+00
0.000000000000000000e+00
0.000000000000000000e+00
0.000000000000000000e+00
0.000000000000000000e+00
0.000000000000000000e+00
0.000000000000000000e+00
0.000000000000000000e+00
0.000000000000000000e+00
0.000000000000000000e+00
0.000000000000000000e+00
0.000000000000000000e+00
0.000000000000000000e+00
0.000000000000000000e+00
0.000000000000000000e+00
0.000000000000000000e+00
0.000000000000000000e+00
0.000000000000000000e+00
0.000000000000000000e+00
0.000000000000000000e+00
0.000000000000000000e+00
0.000000000000000000e+00
0.000000000000000000e+00
0.000000000000000000e+00
0.000000000000000000e+00
0.000000000000000000e+00
0.000000000000000000e+00
0.000000000000000000e+00
0.000000000000000000e+00
0.000000000000000000e+00
0.000000000000000000e+00
0.000000000000000000e+00
0.000000000000000000e+00
0.000000000000000000e+00
0.000000000000000000e+00
0.000000000000000000e+00
0.000000000000000000e+00
0.000000000000000000e+00
0.000000000000000000e+00
0.000000000000000000e+00
0.000000000000000000e+00
0.000000000000000000e+00
0.000000000000000000e+00
0.000000000000000000e+00
0.000000000000000000e+00
0.000000000000000000e+00
0.000000000000000000e+00
0.000000000000000000e+00
0.000000000000000000e+00
0.000000000000000000e+00
0.000000000000000000e+00
0.000000000000000000e+00
0.000000000000000000e+00
0.000000000000000000e+00
0.000000000000000000e+00
0.000000000000000000e+00
0.000000000000000000e+00
0.000000000000000000e+00
0.000000000000000000e+00
0.000000000000000000e+00
0.000000000000000000e+00
0.000000000000000000e+00
0.000000000000000000e+00
0.000000000000000000e+00
0.000000000000000000e+00
0.000000000000000000e+00
0.000000000000000000e+00
0.000000000000000000e+00
0.000000000000000000e+00
0.000000000000000000e+00
0.000000000000000000e+00
0.000000000000000000e+00
0.000000000000000000e+00
0.000000000000000000e+00
0.000000000000000000e+00
0.000000000000000000e+00
0.000000000000000000e+00
0.000000000000000000e+00
0.000000000000000000e+00
0.000000000000000000e+00
0.000000000000000000e+00
0.000000000000000000e+00
0.000000000000000000e+00
0.000000000000000000e+00
0.000000000000000000e+00
0.000000000000000000e+00
0.000000000000000000e+00
0.000000000000000000e+00
0.000000000000000000e+00
0.000000000000000000e+00
0.000000000000000000e+00
0.000000000000000000e+00
0.000000000000000000e+00
0.000000000000000000e+00
0.000000000000000000e+00
0.000000000000000000e+00
0.000000000000000000e+00
0.000000000000000000e+00
0.000000000000000000e+00
0.000000000000000000e+00
0.000000000000000000e+00
0.000000000000000000e+00
0.000000000000000000e+00
0.000000000000000000e+00
0.000000000000000000e+00
0.000000000000000000e+00
0.000000000000000000e+00
0.000000000000000000e+00
0.000000000000000000e+00
0.000000000000000000e+00
0.000000000000000000e+00
0.000000000000000000e+00
0.000000000000000000e+00
0.000000000000000000e+00
0.000000000000000000e+00
0.000000000000000000e+00
0.000000000000000000e+00
0.000000000000000000e+00
0.000000000000000000e+00
0.000000000000000000e+00
0.000000000000000000e+00
0.000000000000000000e+00
0.000000000000000000e+00
0.000000000000000000e+00
0.000000000000000000e+00
0.000000000000000000e+00
0.000000000000000000e+00
0.000000000000000000e+00
0.000000000000000000e+00
0.000000000000000000e+00
0.000000000000000000e+00
0.000000000000000000e+00
0.000000000000000000e+00
0.000000000000000000e+00
0.000000000000000000e+00
0.000000000000000000e+00
0.000000000000000000e+00
0.000000000000000000e+00
0.000000000000000000e+00
0.000000000000000000e+00
0.000000000000000000e+00
0.000000000000000000e+00
0.000000000000000000e+00
0.000000000000000000e+00
0.000000000000000000e+00
0.000000000000000000e+00
0.000000000000000000e+00
0.000000000000000000e+00
0.000000000000000000e+00
0.000000000000000000e+00
0.000000000000000000e+00
0.000000000000000000e+00
0.000000000000000000e+00
0.000000000000000000e+00
0.000000000000000000e+00
0.000000000000000000e+00
0.000000000000000000e+00
0.000000000000000000e+00
0.000000000000000000e+00
0.000000000000000000e+00
0.000000000000000000e+00
0.000000000000000000e+00
0.000000000000000000e+00
0.000000000000000000e+00
0.000000000000000000e+00
0.000000000000000000e+00
0.000000000000000000e+00
0.000000000000000000e+00
0.000000000000000000e+00
0.000000000000000000e+00
0.000000000000000000e+00
0.000000000000000000e+00
0.000000000000000000e+00
0.000000000000000000e+00
0.000000000000000000e+00
0.000000000000000000e+00
0.000000000000000000e+00
0.000000000000000000e+00
0.000000000000000000e+00
0.000000000000000000e+00
0.000000000000000000e+00
0.000000000000000000e+00
0.000000000000000000e+00
0.000000000000000000e+00
0.000000000000000000e+00
0.000000000000000000e+00
0.000000000000000000e+00
0.000000000000000000e+00
0.000000000000000000e+00
0.000000000000000000e+00
0.000000000000000000e+00
0.000000000000000000e+00
0.000000000000000000e+00
0.000000000000000000e+00
0.000000000000000000e+00
0.000000000000000000e+00
0.000000000000000000e+00
0.000000000000000000e+00
0.000000000000000000e+00
0.000000000000000000e+00
0.000000000000000000e+00
0.000000000000000000e+00
0.000000000000000000e+00
0.000000000000000000e+00
0.000000000000000000e+00
0.000000000000000000e+00
0.000000000000000000e+00
0.000000000000000000e+00
0.000000000000000000e+00
0.000000000000000000e+00
0.000000000000000000e+00
0.000000000000000000e+00
0.000000000000000000e+00
0.000000000000000000e+00
0.000000000000000000e+00
0.000000000000000000e+00
0.000000000000000000e+00
0.000000000000000000e+00
0.000000000000000000e+00
0.000000000000000000e+00
0.000000000000000000e+00
0.000000000000000000e+00
0.000000000000000000e+00
0.000000000000000000e+00
0.000000000000000000e+00
0.000000000000000000e+00
0.000000000000000000e+00
0.000000000000000000e+00
0.000000000000000000e+00
0.000000000000000000e+00
0.000000000000000000e+00
0.000000000000000000e+00
0.000000000000000000e+00
0.000000000000000000e+00
0.000000000000000000e+00
0.000000000000000000e+00
0.000000000000000000e+00
0.000000000000000000e+00
0.000000000000000000e+00
0.000000000000000000e+00
0.000000000000000000e+00
0.000000000000000000e+00
0.000000000000000000e+00
0.000000000000000000e+00
0.000000000000000000e+00
0.000000000000000000e+00
0.000000000000000000e+00
0.000000000000000000e+00
0.000000000000000000e+00
0.000000000000000000e+00
0.000000000000000000e+00
0.000000000000000000e+00
0.000000000000000000e+00
0.000000000000000000e+00
0.000000000000000000e+00
0.000000000000000000e+00
0.000000000000000000e+00
0.000000000000000000e+00
0.000000000000000000e+00
0.000000000000000000e+00
0.000000000000000000e+00
0.000000000000000000e+00
0.000000000000000000e+00
0.000000000000000000e+00
0.000000000000000000e+00
0.000000000000000000e+00
0.000000000000000000e+00
0.000000000000000000e+00
0.000000000000000000e+00
0.000000000000000000e+00
0.000000000000000000e+00
0.000000000000000000e+00
0.000000000000000000e+00
0.000000000000000000e+00
0.000000000000000000e+00
0.000000000000000000e+00
0.000000000000000000e+00
0.000000000000000000e+00
0.000000000000000000e+00
0.000000000000000000e+00
0.000000000000000000e+00
0.000000000000000000e+00
0.000000000000000000e+00
0.000000000000000000e+00
0.000000000000000000e+00
0.000000000000000000e+00
0.000000000000000000e+00
0.000000000000000000e+00
0.000000000000000000e+00
0.000000000000000000e+00
0.000000000000000000e+00
0.000000000000000000e+00
0.000000000000000000e+00
0.000000000000000000e+00
0.000000000000000000e+00
0.000000000000000000e+00
0.000000000000000000e+00
0.000000000000000000e+00
0.000000000000000000e+00
0.000000000000000000e+00
0.000000000000000000e+00
0.000000000000000000e+00
0.000000000000000000e+00
0.000000000000000000e+00
0.000000000000000000e+00
0.000000000000000000e+00
0.000000000000000000e+00
0.000000000000000000e+00
0.000000000000000000e+00
0.000000000000000000e+00
0.000000000000000000e+00
0.000000000000000000e+00
0.000000000000000000e+00
0.000000000000000000e+00
0.000000000000000000e+00
0.000000000000000000e+00
0.000000000000000000e+00
0.000000000000000000e+00
0.000000000000000000e+00
0.000000000000000000e+00
0.000000000000000000e+00
0.000000000000000000e+00
0.000000000000000000e+00
0.000000000000000000e+00
0.000000000000000000e+00
0.000000000000000000e+00
0.000000000000000000e+00
0.000000000000000000e+00
0.000000000000000000e+00
0.000000000000000000e+00
0.000000000000000000e+00
0.000000000000000000e+00
0.000000000000000000e+00
0.000000000000000000e+00
0.000000000000000000e+00
0.000000000000000000e+00
0.000000000000000000e+00
0.000000000000000000e+00
0.000000000000000000e+00
0.000000000000000000e+00
0.000000000000000000e+00
0.000000000000000000e+00
0.000000000000000000e+00
0.000000000000000000e+00
0.000000000000000000e+00
0.000000000000000000e+00
0.000000000000000000e+00
0.000000000000000000e+00
0.000000000000000000e+00
0.000000000000000000e+00
0.000000000000000000e+00
0.000000000000000000e+00
0.000000000000000000e+00
0.000000000000000000e+00
0.000000000000000000e+00
0.000000000000000000e+00
0.000000000000000000e+00
0.000000000000000000e+00
0.000000000000000000e+00
0.000000000000000000e+00
0.000000000000000000e+00
0.000000000000000000e+00
0.000000000000000000e+00
0.000000000000000000e+00
0.000000000000000000e+00
0.000000000000000000e+00
0.000000000000000000e+00
0.000000000000000000e+00
0.000000000000000000e+00
0.000000000000000000e+00
0.000000000000000000e+00
0.000000000000000000e+00
0.000000000000000000e+00
0.000000000000000000e+00
0.000000000000000000e+00
0.000000000000000000e+00
0.000000000000000000e+00
0.000000000000000000e+00
0.000000000000000000e+00
0.000000000000000000e+00
0.000000000000000000e+00
0.000000000000000000e+00
0.000000000000000000e+00
0.000000000000000000e+00
0.000000000000000000e+00
0.000000000000000000e+00
0.000000000000000000e+00
0.000000000000000000e+00
0.000000000000000000e+00
0.000000000000000000e+00
0.000000000000000000e+00
0.000000000000000000e+00
0.000000000000000000e+00
0.000000000000000000e+00
0.000000000000000000e+00
0.000000000000000000e+00
0.000000000000000000e+00
0.000000000000000000e+00
0.000000000000000000e+00
0.000000000000000000e+00
0.000000000000000000e+00
0.000000000000000000e+00
0.000000000000000000e+00
0.000000000000000000e+00
0.000000000000000000e+00
0.000000000000000000e+00
0.000000000000000000e+00
0.000000000000000000e+00
0.000000000000000000e+00
0.000000000000000000e+00
0.000000000000000000e+00
0.000000000000000000e+00
0.000000000000000000e+00
0.000000000000000000e+00
0.000000000000000000e+00
0.000000000000000000e+00
0.000000000000000000e+00
0.000000000000000000e+00
0.000000000000000000e+00
0.000000000000000000e+00
0.000000000000000000e+00
0.000000000000000000e+00
0.000000000000000000e+00
0.000000000000000000e+00
0.000000000000000000e+00
0.000000000000000000e+00
0.000000000000000000e+00
0.000000000000000000e+00
0.000000000000000000e+00
0.000000000000000000e+00
0.000000000000000000e+00
0.000000000000000000e+00
0.000000000000000000e+00
0.000000000000000000e+00
0.000000000000000000e+00
0.000000000000000000e+00
0.000000000000000000e+00
0.000000000000000000e+00
0.000000000000000000e+00
0.000000000000000000e+00
0.000000000000000000e+00
0.000000000000000000e+00
0.000000000000000000e+00
0.000000000000000000e+00
0.000000000000000000e+00
0.000000000000000000e+00
0.000000000000000000e+00
0.000000000000000000e+00
0.000000000000000000e+00
0.000000000000000000e+00
0.000000000000000000e+00
0.000000000000000000e+00
0.000000000000000000e+00
0.000000000000000000e+00
0.000000000000000000e+00
0.000000000000000000e+00
0.000000000000000000e+00
0.000000000000000000e+00
0.000000000000000000e+00
0.000000000000000000e+00
0.000000000000000000e+00
0.000000000000000000e+00
0.000000000000000000e+00
0.000000000000000000e+00
0.000000000000000000e+00
0.000000000000000000e+00
0.000000000000000000e+00
0.000000000000000000e+00
0.000000000000000000e+00
0.000000000000000000e+00
0.000000000000000000e+00
0.000000000000000000e+00
0.000000000000000000e+00
0.000000000000000000e+00
0.000000000000000000e+00
0.000000000000000000e+00
0.000000000000000000e+00
0.000000000000000000e+00
0.000000000000000000e+00
0.000000000000000000e+00
0.000000000000000000e+00
0.000000000000000000e+00
0.000000000000000000e+00
0.000000000000000000e+00
0.000000000000000000e+00
0.000000000000000000e+00
0.000000000000000000e+00
0.000000000000000000e+00
0.000000000000000000e+00
0.000000000000000000e+00
0.000000000000000000e+00
0.000000000000000000e+00
0.000000000000000000e+00
0.000000000000000000e+00
0.000000000000000000e+00
0.000000000000000000e+00
0.000000000000000000e+00
0.000000000000000000e+00
0.000000000000000000e+00
0.000000000000000000e+00
0.000000000000000000e+00
0.000000000000000000e+00
0.000000000000000000e+00
0.000000000000000000e+00
0.000000000000000000e+00
0.000000000000000000e+00
0.000000000000000000e+00
0.000000000000000000e+00
0.000000000000000000e+00
0.000000000000000000e+00
0.000000000000000000e+00
0.000000000000000000e+00
0.000000000000000000e+00
0.000000000000000000e+00
0.000000000000000000e+00
0.000000000000000000e+00
0.000000000000000000e+00
0.000000000000000000e+00
0.000000000000000000e+00
0.000000000000000000e+00
0.000000000000000000e+00
0.000000000000000000e+00
0.000000000000000000e+00
0.000000000000000000e+00
0.000000000000000000e+00
0.000000000000000000e+00
0.000000000000000000e+00
0.000000000000000000e+00
0.000000000000000000e+00
0.000000000000000000e+00
0.000000000000000000e+00
0.000000000000000000e+00
0.000000000000000000e+00
0.000000000000000000e+00
0.000000000000000000e+00
0.000000000000000000e+00
0.000000000000000000e+00
0.000000000000000000e+00
0.000000000000000000e+00
0.000000000000000000e+00
0.000000000000000000e+00
0.000000000000000000e+00
0.000000000000000000e+00
0.000000000000000000e+00
0.000000000000000000e+00
0.000000000000000000e+00
0.000000000000000000e+00
0.000000000000000000e+00
0.000000000000000000e+00
0.000000000000000000e+00
0.000000000000000000e+00
0.000000000000000000e+00
0.000000000000000000e+00
0.000000000000000000e+00
0.000000000000000000e+00
0.000000000000000000e+00
0.000000000000000000e+00
0.000000000000000000e+00
0.000000000000000000e+00
0.000000000000000000e+00
0.000000000000000000e+00
0.000000000000000000e+00
0.000000000000000000e+00
0.000000000000000000e+00
0.000000000000000000e+00
0.000000000000000000e+00
0.000000000000000000e+00
0.000000000000000000e+00
0.000000000000000000e+00
0.000000000000000000e+00
0.000000000000000000e+00
0.000000000000000000e+00
0.000000000000000000e+00
0.000000000000000000e+00
0.000000000000000000e+00
0.000000000000000000e+00
0.000000000000000000e+00
0.000000000000000000e+00
0.000000000000000000e+00
0.000000000000000000e+00
0.000000000000000000e+00
0.000000000000000000e+00
0.000000000000000000e+00
0.000000000000000000e+00
0.000000000000000000e+00
0.000000000000000000e+00
0.000000000000000000e+00
0.000000000000000000e+00
0.000000000000000000e+00
0.000000000000000000e+00
0.000000000000000000e+00
0.000000000000000000e+00
0.000000000000000000e+00
0.000000000000000000e+00
0.000000000000000000e+00
0.000000000000000000e+00
0.000000000000000000e+00
0.000000000000000000e+00
0.000000000000000000e+00
0.000000000000000000e+00
0.000000000000000000e+00
0.000000000000000000e+00
0.000000000000000000e+00
0.000000000000000000e+00
0.000000000000000000e+00
0.000000000000000000e+00
0.000000000000000000e+00
0.000000000000000000e+00
0.000000000000000000e+00
0.000000000000000000e+00
0.000000000000000000e+00
0.000000000000000000e+00
0.000000000000000000e+00
0.000000000000000000e+00
0.000000000000000000e+00
0.000000000000000000e+00
0.000000000000000000e+00
0.000000000000000000e+00
0.000000000000000000e+00
0.000000000000000000e+00
0.000000000000000000e+00
0.000000000000000000e+00
0.000000000000000000e+00
0.000000000000000000e+00
0.000000000000000000e+00
0.000000000000000000e+00
0.000000000000000000e+00
0.000000000000000000e+00
0.000000000000000000e+00
0.000000000000000000e+00
0.000000000000000000e+00
0.000000000000000000e+00
0.000000000000000000e+00
0.000000000000000000e+00
0.000000000000000000e+00
0.000000000000000000e+00
0.000000000000000000e+00
0.000000000000000000e+00
0.000000000000000000e+00
0.000000000000000000e+00
0.000000000000000000e+00
0.000000000000000000e+00
0.000000000000000000e+00
0.000000000000000000e+00
0.000000000000000000e+00
0.000000000000000000e+00
0.000000000000000000e+00
0.000000000000000000e+00
0.000000000000000000e+00
0.000000000000000000e+00
0.000000000000000000e+00
0.000000000000000000e+00
0.000000000000000000e+00
0.000000000000000000e+00
0.000000000000000000e+00
0.000000000000000000e+00
0.000000000000000000e+00
0.000000000000000000e+00
0.000000000000000000e+00
0.000000000000000000e+00
0.000000000000000000e+00
0.000000000000000000e+00
0.000000000000000000e+00
0.000000000000000000e+00
0.000000000000000000e+00
0.000000000000000000e+00
0.000000000000000000e+00
0.000000000000000000e+00
0.000000000000000000e+00
0.000000000000000000e+00
0.000000000000000000e+00
0.000000000000000000e+00
0.000000000000000000e+00
0.000000000000000000e+00
0.000000000000000000e+00
0.000000000000000000e+00
0.000000000000000000e+00
0.000000000000000000e+00
0.000000000000000000e+00
0.000000000000000000e+00
0.000000000000000000e+00
0.000000000000000000e+00
0.000000000000000000e+00
0.000000000000000000e+00
0.000000000000000000e+00
0.000000000000000000e+00
0.000000000000000000e+00
0.000000000000000000e+00
0.000000000000000000e+00
0.000000000000000000e+00
0.000000000000000000e+00
0.000000000000000000e+00
0.000000000000000000e+00
0.000000000000000000e+00
0.000000000000000000e+00
0.000000000000000000e+00
0.000000000000000000e+00
0.000000000000000000e+00
0.000000000000000000e+00
0.000000000000000000e+00
0.000000000000000000e+00
0.000000000000000000e+00
0.000000000000000000e+00
0.000000000000000000e+00
0.000000000000000000e+00
0.000000000000000000e+00
0.000000000000000000e+00
0.000000000000000000e+00
0.000000000000000000e+00
0.000000000000000000e+00
0.000000000000000000e+00
0.000000000000000000e+00
0.000000000000000000e+00
0.000000000000000000e+00
0.000000000000000000e+00
0.000000000000000000e+00
0.000000000000000000e+00
0.000000000000000000e+00
0.000000000000000000e+00
0.000000000000000000e+00
0.000000000000000000e+00
0.000000000000000000e+00
0.000000000000000000e+00
0.000000000000000000e+00
0.000000000000000000e+00
0.000000000000000000e+00
0.000000000000000000e+00
0.000000000000000000e+00
0.000000000000000000e+00
0.000000000000000000e+00
0.000000000000000000e+00
0.000000000000000000e+00
0.000000000000000000e+00
0.000000000000000000e+00
0.000000000000000000e+00
0.000000000000000000e+00
0.000000000000000000e+00
0.000000000000000000e+00
0.000000000000000000e+00
0.000000000000000000e+00
0.000000000000000000e+00
0.000000000000000000e+00
0.000000000000000000e+00
0.000000000000000000e+00
0.000000000000000000e+00
0.000000000000000000e+00
0.000000000000000000e+00
0.000000000000000000e+00
0.000000000000000000e+00
0.000000000000000000e+00
0.000000000000000000e+00
0.000000000000000000e+00
0.000000000000000000e+00
0.000000000000000000e+00
0.000000000000000000e+00
0.000000000000000000e+00
0.000000000000000000e+00
0.000000000000000000e+00
0.000000000000000000e+00
0.000000000000000000e+00
0.000000000000000000e+00
0.000000000000000000e+00
0.000000000000000000e+00
0.000000000000000000e+00
0.000000000000000000e+00
0.000000000000000000e+00
0.000000000000000000e+00
0.000000000000000000e+00
0.000000000000000000e+00
0.000000000000000000e+00
0.000000000000000000e+00
0.000000000000000000e+00
0.000000000000000000e+00
0.000000000000000000e+00
0.000000000000000000e+00
0.000000000000000000e+00
0.000000000000000000e+00
0.000000000000000000e+00
0.000000000000000000e+00
0.000000000000000000e+00
0.000000000000000000e+00
0.000000000000000000e+00
0.000000000000000000e+00
0.000000000000000000e+00
0.000000000000000000e+00
0.000000000000000000e+00
0.000000000000000000e+00
0.000000000000000000e+00
0.000000000000000000e+00
0.000000000000000000e+00
0.000000000000000000e+00
0.000000000000000000e+00
0.000000000000000000e+00
0.000000000000000000e+00
0.000000000000000000e+00
0.000000000000000000e+00
0.000000000000000000e+00
0.000000000000000000e+00
0.000000000000000000e+00
0.000000000000000000e+00
0.000000000000000000e+00
0.000000000000000000e+00
0.000000000000000000e+00
0.000000000000000000e+00
0.000000000000000000e+00
0.000000000000000000e+00
0.000000000000000000e+00
0.000000000000000000e+00
0.000000000000000000e+00
0.000000000000000000e+00
0.000000000000000000e+00
0.000000000000000000e+00
0.000000000000000000e+00
0.000000000000000000e+00
0.000000000000000000e+00
0.000000000000000000e+00
0.000000000000000000e+00
0.000000000000000000e+00
0.000000000000000000e+00
0.000000000000000000e+00
0.000000000000000000e+00
0.000000000000000000e+00
0.000000000000000000e+00
0.000000000000000000e+00
0.000000000000000000e+00
0.000000000000000000e+00
0.000000000000000000e+00
0.000000000000000000e+00
0.000000000000000000e+00
0.000000000000000000e+00
0.000000000000000000e+00
0.000000000000000000e+00
0.000000000000000000e+00
0.000000000000000000e+00
0.000000000000000000e+00
0.000000000000000000e+00
0.000000000000000000e+00
0.000000000000000000e+00
0.000000000000000000e+00
0.000000000000000000e+00
0.000000000000000000e+00
0.000000000000000000e+00
0.000000000000000000e+00
0.000000000000000000e+00
0.000000000000000000e+00
0.000000000000000000e+00
0.000000000000000000e+00
0.000000000000000000e+00
0.000000000000000000e+00
0.000000000000000000e+00
0.000000000000000000e+00
0.000000000000000000e+00
0.000000000000000000e+00
0.000000000000000000e+00
0.000000000000000000e+00
0.000000000000000000e+00
0.000000000000000000e+00
0.000000000000000000e+00
0.000000000000000000e+00
0.000000000000000000e+00
0.000000000000000000e+00
0.000000000000000000e+00
0.000000000000000000e+00
0.000000000000000000e+00
0.000000000000000000e+00
0.000000000000000000e+00
0.000000000000000000e+00
0.000000000000000000e+00
0.000000000000000000e+00
0.000000000000000000e+00
0.000000000000000000e+00
0.000000000000000000e+00
0.000000000000000000e+00
0.000000000000000000e+00
0.000000000000000000e+00
0.000000000000000000e+00
0.000000000000000000e+00
0.000000000000000000e+00
0.000000000000000000e+00
0.000000000000000000e+00
0.000000000000000000e+00
0.000000000000000000e+00
0.000000000000000000e+00
0.000000000000000000e+00
0.000000000000000000e+00
0.000000000000000000e+00
0.000000000000000000e+00
0.000000000000000000e+00
0.000000000000000000e+00
0.000000000000000000e+00
0.000000000000000000e+00
0.000000000000000000e+00
0.000000000000000000e+00
0.000000000000000000e+00
0.000000000000000000e+00
0.000000000000000000e+00
0.000000000000000000e+00
0.000000000000000000e+00
0.000000000000000000e+00
0.000000000000000000e+00
0.000000000000000000e+00
0.000000000000000000e+00
0.000000000000000000e+00
0.000000000000000000e+00
0.000000000000000000e+00
0.000000000000000000e+00
0.000000000000000000e+00
0.000000000000000000e+00
0.000000000000000000e+00
0.000000000000000000e+00
0.000000000000000000e+00
0.000000000000000000e+00
0.000000000000000000e+00
0.000000000000000000e+00
0.000000000000000000e+00
0.000000000000000000e+00
0.000000000000000000e+00
0.000000000000000000e+00
0.000000000000000000e+00
0.000000000000000000e+00
0.000000000000000000e+00
0.000000000000000000e+00
0.000000000000000000e+00
0.000000000000000000e+00
0.000000000000000000e+00
0.000000000000000000e+00
0.000000000000000000e+00
0.000000000000000000e+00
0.000000000000000000e+00
0.000000000000000000e+00
0.000000000000000000e+00
0.000000000000000000e+00
0.000000000000000000e+00
0.000000000000000000e+00
0.000000000000000000e+00
0.000000000000000000e+00
0.000000000000000000e+00
0.000000000000000000e+00
0.000000000000000000e+00
0.000000000000000000e+00
0.000000000000000000e+00
0.000000000000000000e+00
0.000000000000000000e+00
0.000000000000000000e+00
0.000000000000000000e+00
0.000000000000000000e+00
0.000000000000000000e+00
0.000000000000000000e+00
0.000000000000000000e+00
0.000000000000000000e+00
0.000000000000000000e+00
0.000000000000000000e+00
0.000000000000000000e+00
0.000000000000000000e+00
0.000000000000000000e+00
0.000000000000000000e+00
0.000000000000000000e+00
0.000000000000000000e+00
0.000000000000000000e+00
0.000000000000000000e+00
0.000000000000000000e+00
0.000000000000000000e+00
0.000000000000000000e+00
0.000000000000000000e+00
0.000000000000000000e+00
0.000000000000000000e+00
0.000000000000000000e+00
0.000000000000000000e+00
0.000000000000000000e+00
0.000000000000000000e+00
0.000000000000000000e+00
0.000000000000000000e+00
0.000000000000000000e+00
0.000000000000000000e+00
0.000000000000000000e+00
0.000000000000000000e+00
0.000000000000000000e+00
0.000000000000000000e+00
0.000000000000000000e+00
0.000000000000000000e+00
0.000000000000000000e+00
0.000000000000000000e+00
0.000000000000000000e+00
0.000000000000000000e+00
0.000000000000000000e+00
0.000000000000000000e+00
0.000000000000000000e+00
0.000000000000000000e+00
0.000000000000000000e+00
0.000000000000000000e+00
0.000000000000000000e+00
0.000000000000000000e+00
0.000000000000000000e+00
0.000000000000000000e+00
0.000000000000000000e+00
0.000000000000000000e+00
0.000000000000000000e+00
0.000000000000000000e+00
0.000000000000000000e+00
0.000000000000000000e+00
0.000000000000000000e+00
0.000000000000000000e+00
0.000000000000000000e+00
0.000000000000000000e+00
0.000000000000000000e+00
0.000000000000000000e+00
0.000000000000000000e+00
0.000000000000000000e+00
0.000000000000000000e+00
0.000000000000000000e+00
0.000000000000000000e+00
0.000000000000000000e+00
0.000000000000000000e+00
0.000000000000000000e+00
0.000000000000000000e+00
0.000000000000000000e+00
0.000000000000000000e+00
0.000000000000000000e+00
0.000000000000000000e+00
0.000000000000000000e+00
0.000000000000000000e+00
0.000000000000000000e+00
0.000000000000000000e+00
0.000000000000000000e+00
0.000000000000000000e+00
0.000000000000000000e+00
0.000000000000000000e+00
0.000000000000000000e+00
0.000000000000000000e+00
0.000000000000000000e+00
0.000000000000000000e+00
0.000000000000000000e+00
0.000000000000000000e+00
0.000000000000000000e+00
0.000000000000000000e+00
0.000000000000000000e+00
0.000000000000000000e+00
0.000000000000000000e+00
0.000000000000000000e+00
0.000000000000000000e+00
0.000000000000000000e+00
0.000000000000000000e+00
0.000000000000000000e+00
0.000000000000000000e+00
0.000000000000000000e+00
0.000000000000000000e+00
0.000000000000000000e+00
0.000000000000000000e+00
0.000000000000000000e+00
0.000000000000000000e+00
0.000000000000000000e+00
0.000000000000000000e+00
0.000000000000000000e+00
0.000000000000000000e+00
0.000000000000000000e+00
0.000000000000000000e+00
0.000000000000000000e+00
0.000000000000000000e+00
0.000000000000000000e+00
0.000000000000000000e+00
0.000000000000000000e+00
0.000000000000000000e+00
0.000000000000000000e+00
0.000000000000000000e+00
0.000000000000000000e+00
0.000000000000000000e+00
0.000000000000000000e+00
0.000000000000000000e+00
0.000000000000000000e+00
0.000000000000000000e+00
0.000000000000000000e+00
0.000000000000000000e+00
0.000000000000000000e+00
0.000000000000000000e+00
0.000000000000000000e+00
0.000000000000000000e+00
0.000000000000000000e+00
0.000000000000000000e+00
0.000000000000000000e+00
0.000000000000000000e+00
0.000000000000000000e+00
0.000000000000000000e+00
0.000000000000000000e+00
0.000000000000000000e+00
0.000000000000000000e+00
0.000000000000000000e+00
0.000000000000000000e+00
0.000000000000000000e+00
0.000000000000000000e+00
0.000000000000000000e+00
0.000000000000000000e+00
0.000000000000000000e+00
0.000000000000000000e+00
0.000000000000000000e+00
0.000000000000000000e+00
0.000000000000000000e+00
0.000000000000000000e+00
0.000000000000000000e+00
0.000000000000000000e+00
0.000000000000000000e+00
0.000000000000000000e+00
0.000000000000000000e+00
0.000000000000000000e+00
0.000000000000000000e+00
0.000000000000000000e+00
0.000000000000000000e+00
0.000000000000000000e+00
0.000000000000000000e+00
0.000000000000000000e+00
0.000000000000000000e+00
0.000000000000000000e+00
0.000000000000000000e+00
0.000000000000000000e+00
0.000000000000000000e+00
0.000000000000000000e+00
0.000000000000000000e+00
0.000000000000000000e+00
0.000000000000000000e+00
0.000000000000000000e+00
0.000000000000000000e+00
0.000000000000000000e+00
0.000000000000000000e+00
0.000000000000000000e+00
0.000000000000000000e+00
0.000000000000000000e+00
0.000000000000000000e+00
0.000000000000000000e+00
0.000000000000000000e+00
0.000000000000000000e+00
0.000000000000000000e+00
0.000000000000000000e+00
0.000000000000000000e+00
0.000000000000000000e+00
0.000000000000000000e+00
0.000000000000000000e+00
0.000000000000000000e+00
0.000000000000000000e+00
0.000000000000000000e+00
0.000000000000000000e+00
0.000000000000000000e+00
0.000000000000000000e+00
0.000000000000000000e+00
0.000000000000000000e+00
0.000000000000000000e+00
0.000000000000000000e+00
0.000000000000000000e+00
0.000000000000000000e+00
0.000000000000000000e+00
0.000000000000000000e+00
0.000000000000000000e+00
0.000000000000000000e+00
0.000000000000000000e+00
0.000000000000000000e+00
0.000000000000000000e+00
0.000000000000000000e+00
0.000000000000000000e+00
0.000000000000000000e+00
0.000000000000000000e+00
0.000000000000000000e+00
0.000000000000000000e+00
0.000000000000000000e+00
0.000000000000000000e+00
0.000000000000000000e+00
0.000000000000000000e+00
0.000000000000000000e+00
0.000000000000000000e+00
0.000000000000000000e+00
0.000000000000000000e+00
0.000000000000000000e+00
0.000000000000000000e+00
0.000000000000000000e+00
0.000000000000000000e+00
0.000000000000000000e+00
0.000000000000000000e+00
0.000000000000000000e+00
0.000000000000000000e+00
0.000000000000000000e+00
0.000000000000000000e+00
0.000000000000000000e+00
0.000000000000000000e+00
0.000000000000000000e+00
0.000000000000000000e+00
0.000000000000000000e+00
0.000000000000000000e+00
0.000000000000000000e+00
0.000000000000000000e+00
0.000000000000000000e+00
0.000000000000000000e+00
0.000000000000000000e+00
0.000000000000000000e+00
0.000000000000000000e+00
0.000000000000000000e+00
0.000000000000000000e+00
0.000000000000000000e+00
0.000000000000000000e+00
0.000000000000000000e+00
0.000000000000000000e+00
0.000000000000000000e+00
0.000000000000000000e+00
0.000000000000000000e+00
0.000000000000000000e+00
0.000000000000000000e+00
0.000000000000000000e+00
0.000000000000000000e+00
0.000000000000000000e+00
0.000000000000000000e+00
0.000000000000000000e+00
0.000000000000000000e+00
0.000000000000000000e+00
0.000000000000000000e+00
0.000000000000000000e+00
0.000000000000000000e+00
0.000000000000000000e+00
0.000000000000000000e+00
0.000000000000000000e+00
0.000000000000000000e+00
0.000000000000000000e+00
0.000000000000000000e+00
0.000000000000000000e+00
0.000000000000000000e+00
0.000000000000000000e+00
0.000000000000000000e+00
0.000000000000000000e+00
0.000000000000000000e+00
0.000000000000000000e+00
0.000000000000000000e+00
0.000000000000000000e+00
0.000000000000000000e+00
0.000000000000000000e+00
0.000000000000000000e+00
0.000000000000000000e+00
0.000000000000000000e+00
0.000000000000000000e+00
0.000000000000000000e+00
0.000000000000000000e+00
0.000000000000000000e+00
0.000000000000000000e+00
0.000000000000000000e+00
0.000000000000000000e+00
0.000000000000000000e+00
0.000000000000000000e+00
0.000000000000000000e+00
0.000000000000000000e+00
0.000000000000000000e+00
0.000000000000000000e+00
0.000000000000000000e+00
0.000000000000000000e+00
0.000000000000000000e+00
0.000000000000000000e+00
0.000000000000000000e+00
0.000000000000000000e+00
0.000000000000000000e+00
0.000000000000000000e+00
0.000000000000000000e+00
0.000000000000000000e+00
0.000000000000000000e+00
0.000000000000000000e+00
0.000000000000000000e+00
0.000000000000000000e+00
0.000000000000000000e+00
0.000000000000000000e+00
0.000000000000000000e+00
0.000000000000000000e+00
0.000000000000000000e+00
0.000000000000000000e+00
0.000000000000000000e+00
0.000000000000000000e+00
0.000000000000000000e+00
0.000000000000000000e+00
0.000000000000000000e+00
0.000000000000000000e+00
0.000000000000000000e+00
0.000000000000000000e+00
0.000000000000000000e+00
0.000000000000000000e+00
0.000000000000000000e+00
0.000000000000000000e+00
0.000000000000000000e+00
0.000000000000000000e+00
0.000000000000000000e+00
0.000000000000000000e+00
0.000000000000000000e+00
0.000000000000000000e+00
0.000000000000000000e+00
0.000000000000000000e+00
0.000000000000000000e+00
0.000000000000000000e+00
0.000000000000000000e+00
0.000000000000000000e+00
0.000000000000000000e+00
0.000000000000000000e+00
0.000000000000000000e+00
0.000000000000000000e+00
0.000000000000000000e+00
0.000000000000000000e+00
0.000000000000000000e+00
0.000000000000000000e+00
0.000000000000000000e+00
0.000000000000000000e+00
0.000000000000000000e+00
0.000000000000000000e+00
0.000000000000000000e+00
0.000000000000000000e+00
0.000000000000000000e+00
0.000000000000000000e+00
0.000000000000000000e+00
0.000000000000000000e+00
0.000000000000000000e+00
0.000000000000000000e+00
0.000000000000000000e+00
0.000000000000000000e+00
0.000000000000000000e+00
0.000000000000000000e+00
0.000000000000000000e+00
0.000000000000000000e+00
0.000000000000000000e+00
0.000000000000000000e+00
0.000000000000000000e+00
0.000000000000000000e+00
0.000000000000000000e+00
0.000000000000000000e+00
0.000000000000000000e+00
0.000000000000000000e+00
0.000000000000000000e+00
0.000000000000000000e+00
0.000000000000000000e+00
0.000000000000000000e+00
0.000000000000000000e+00
0.000000000000000000e+00
0.000000000000000000e+00
0.000000000000000000e+00
0.000000000000000000e+00
0.000000000000000000e+00
0.000000000000000000e+00
0.000000000000000000e+00
0.000000000000000000e+00
0.000000000000000000e+00
0.000000000000000000e+00
0.000000000000000000e+00
0.000000000000000000e+00
0.000000000000000000e+00
0.000000000000000000e+00
0.000000000000000000e+00
0.000000000000000000e+00
0.000000000000000000e+00
0.000000000000000000e+00
0.000000000000000000e+00
0.000000000000000000e+00
0.000000000000000000e+00
0.000000000000000000e+00
0.000000000000000000e+00
0.000000000000000000e+00
0.000000000000000000e+00
0.000000000000000000e+00
0.000000000000000000e+00
0.000000000000000000e+00
0.000000000000000000e+00
0.000000000000000000e+00
0.000000000000000000e+00
0.000000000000000000e+00
0.000000000000000000e+00
0.000000000000000000e+00
0.000000000000000000e+00
0.000000000000000000e+00
0.000000000000000000e+00
0.000000000000000000e+00
0.000000000000000000e+00
0.000000000000000000e+00
0.000000000000000000e+00
0.000000000000000000e+00
0.000000000000000000e+00
0.000000000000000000e+00
0.000000000000000000e+00
0.000000000000000000e+00
0.000000000000000000e+00
0.000000000000000000e+00
0.000000000000000000e+00
0.000000000000000000e+00
0.000000000000000000e+00
0.000000000000000000e+00
0.000000000000000000e+00
0.000000000000000000e+00
0.000000000000000000e+00
0.000000000000000000e+00
0.000000000000000000e+00
0.000000000000000000e+00
0.000000000000000000e+00
0.000000000000000000e+00
0.000000000000000000e+00
0.000000000000000000e+00
0.000000000000000000e+00
0.000000000000000000e+00
0.000000000000000000e+00
0.000000000000000000e+00
0.000000000000000000e+00
0.000000000000000000e+00
0.000000000000000000e+00
0.000000000000000000e+00
0.000000000000000000e+00
0.000000000000000000e+00
0.000000000000000000e+00
0.000000000000000000e+00
0.000000000000000000e+00
0.000000000000000000e+00
0.000000000000000000e+00
0.000000000000000000e+00
0.000000000000000000e+00
0.000000000000000000e+00
0.000000000000000000e+00
0.000000000000000000e+00
0.000000000000000000e+00
0.000000000000000000e+00
0.000000000000000000e+00
0.000000000000000000e+00
0.000000000000000000e+00
0.000000000000000000e+00
0.000000000000000000e+00
0.000000000000000000e+00
0.000000000000000000e+00
0.000000000000000000e+00
0.000000000000000000e+00
0.000000000000000000e+00
0.000000000000000000e+00
0.000000000000000000e+00
0.000000000000000000e+00
0.000000000000000000e+00
0.000000000000000000e+00
0.000000000000000000e+00
0.000000000000000000e+00
0.000000000000000000e+00
0.000000000000000000e+00
0.000000000000000000e+00
0.000000000000000000e+00
0.000000000000000000e+00
0.000000000000000000e+00
0.000000000000000000e+00
0.000000000000000000e+00
0.000000000000000000e+00
0.000000000000000000e+00
0.000000000000000000e+00
0.000000000000000000e+00
0.000000000000000000e+00
0.000000000000000000e+00
0.000000000000000000e+00
0.000000000000000000e+00
0.000000000000000000e+00
0.000000000000000000e+00
0.000000000000000000e+00
0.000000000000000000e+00
0.000000000000000000e+00
0.000000000000000000e+00
0.000000000000000000e+00
0.000000000000000000e+00
0.000000000000000000e+00
0.000000000000000000e+00
0.000000000000000000e+00
0.000000000000000000e+00
0.000000000000000000e+00
0.000000000000000000e+00
0.000000000000000000e+00
0.000000000000000000e+00
0.000000000000000000e+00
0.000000000000000000e+00
0.000000000000000000e+00
0.000000000000000000e+00
0.000000000000000000e+00
0.000000000000000000e+00
0.000000000000000000e+00
0.000000000000000000e+00
0.000000000000000000e+00
0.000000000000000000e+00
0.000000000000000000e+00
0.000000000000000000e+00
0.000000000000000000e+00
0.000000000000000000e+00
0.000000000000000000e+00
0.000000000000000000e+00
0.000000000000000000e+00
0.000000000000000000e+00
0.000000000000000000e+00
0.000000000000000000e+00
0.000000000000000000e+00
0.000000000000000000e+00
0.000000000000000000e+00
0.000000000000000000e+00
0.000000000000000000e+00
0.000000000000000000e+00
0.000000000000000000e+00
0.000000000000000000e+00
0.000000000000000000e+00
0.000000000000000000e+00
0.000000000000000000e+00
0.000000000000000000e+00
0.000000000000000000e+00
0.000000000000000000e+00
0.000000000000000000e+00
0.000000000000000000e+00
0.000000000000000000e+00
0.000000000000000000e+00
0.000000000000000000e+00
0.000000000000000000e+00
0.000000000000000000e+00
0.000000000000000000e+00
0.000000000000000000e+00
0.000000000000000000e+00
0.000000000000000000e+00
0.000000000000000000e+00
0.000000000000000000e+00
0.000000000000000000e+00
0.000000000000000000e+00
0.000000000000000000e+00
0.000000000000000000e+00
0.000000000000000000e+00
0.000000000000000000e+00
0.000000000000000000e+00
0.000000000000000000e+00
0.000000000000000000e+00
0.000000000000000000e+00
0.000000000000000000e+00
0.000000000000000000e+00
0.000000000000000000e+00
0.000000000000000000e+00
0.000000000000000000e+00
0.000000000000000000e+00
0.000000000000000000e+00
0.000000000000000000e+00
0.000000000000000000e+00
0.000000000000000000e+00
0.000000000000000000e+00
0.000000000000000000e+00
0.000000000000000000e+00
0.000000000000000000e+00
0.000000000000000000e+00
0.000000000000000000e+00
0.000000000000000000e+00
0.000000000000000000e+00
0.000000000000000000e+00
0.000000000000000000e+00
0.000000000000000000e+00
0.000000000000000000e+00
0.000000000000000000e+00
0.000000000000000000e+00
0.000000000000000000e+00
0.000000000000000000e+00
0.000000000000000000e+00
0.000000000000000000e+00
0.000000000000000000e+00
0.000000000000000000e+00
0.000000000000000000e+00
0.000000000000000000e+00
0.000000000000000000e+00
0.000000000000000000e+00
0.000000000000000000e+00
0.000000000000000000e+00
0.000000000000000000e+00
0.000000000000000000e+00
0.000000000000000000e+00
0.000000000000000000e+00
0.000000000000000000e+00
0.000000000000000000e+00
0.000000000000000000e+00
0.000000000000000000e+00
0.000000000000000000e+00
0.000000000000000000e+00
0.000000000000000000e+00
0.000000000000000000e+00
0.000000000000000000e+00
0.000000000000000000e+00
0.000000000000000000e+00
0.000000000000000000e+00
0.000000000000000000e+00
0.000000000000000000e+00
0.000000000000000000e+00
0.000000000000000000e+00
0.000000000000000000e+00
0.000000000000000000e+00
0.000000000000000000e+00
0.000000000000000000e+00
0.000000000000000000e+00
0.000000000000000000e+00
0.000000000000000000e+00
0.000000000000000000e+00
0.000000000000000000e+00
0.000000000000000000e+00
0.000000000000000000e+00
0.000000000000000000e+00
0.000000000000000000e+00
0.000000000000000000e+00
0.000000000000000000e+00
0.000000000000000000e+00
0.000000000000000000e+00
0.000000000000000000e+00
0.000000000000000000e+00
0.000000000000000000e+00
0.000000000000000000e+00
0.000000000000000000e+00
0.000000000000000000e+00
0.000000000000000000e+00
0.000000000000000000e+00
0.000000000000000000e+00
0.000000000000000000e+00
0.000000000000000000e+00
0.000000000000000000e+00
0.000000000000000000e+00
0.000000000000000000e+00
0.000000000000000000e+00
0.000000000000000000e+00
0.000000000000000000e+00
0.000000000000000000e+00
0.000000000000000000e+00
0.000000000000000000e+00
0.000000000000000000e+00
0.000000000000000000e+00
0.000000000000000000e+00
0.000000000000000000e+00
0.000000000000000000e+00
0.000000000000000000e+00
0.000000000000000000e+00
0.000000000000000000e+00
0.000000000000000000e+00
0.000000000000000000e+00
0.000000000000000000e+00
0.000000000000000000e+00
0.000000000000000000e+00
0.000000000000000000e+00
0.000000000000000000e+00
0.000000000000000000e+00
0.000000000000000000e+00
0.000000000000000000e+00
0.000000000000000000e+00
0.000000000000000000e+00
0.000000000000000000e+00
0.000000000000000000e+00
0.000000000000000000e+00
0.000000000000000000e+00
0.000000000000000000e+00
0.000000000000000000e+00
0.000000000000000000e+00
0.000000000000000000e+00
0.000000000000000000e+00
0.000000000000000000e+00
0.000000000000000000e+00
0.000000000000000000e+00
0.000000000000000000e+00
0.000000000000000000e+00
0.000000000000000000e+00
0.000000000000000000e+00
0.000000000000000000e+00
0.000000000000000000e+00
0.000000000000000000e+00
0.000000000000000000e+00
0.000000000000000000e+00
0.000000000000000000e+00
0.000000000000000000e+00
0.000000000000000000e+00
0.000000000000000000e+00
0.000000000000000000e+00
0.000000000000000000e+00
0.000000000000000000e+00
0.000000000000000000e+00
0.000000000000000000e+00
0.000000000000000000e+00
0.000000000000000000e+00
0.000000000000000000e+00
0.000000000000000000e+00
0.000000000000000000e+00
0.000000000000000000e+00
0.000000000000000000e+00
0.000000000000000000e+00
0.000000000000000000e+00
0.000000000000000000e+00
0.000000000000000000e+00
0.000000000000000000e+00
0.000000000000000000e+00
0.000000000000000000e+00
0.000000000000000000e+00
0.000000000000000000e+00
0.000000000000000000e+00
0.000000000000000000e+00
0.000000000000000000e+00
0.000000000000000000e+00
0.000000000000000000e+00
0.000000000000000000e+00
0.000000000000000000e+00
0.000000000000000000e+00
0.000000000000000000e+00
0.000000000000000000e+00
0.000000000000000000e+00
0.000000000000000000e+00
0.000000000000000000e+00
0.000000000000000000e+00
0.000000000000000000e+00
0.000000000000000000e+00
0.000000000000000000e+00
0.000000000000000000e+00
0.000000000000000000e+00
0.000000000000000000e+00
0.000000000000000000e+00
0.000000000000000000e+00
0.000000000000000000e+00
0.000000000000000000e+00
0.000000000000000000e+00
0.000000000000000000e+00
0.000000000000000000e+00
0.000000000000000000e+00
0.000000000000000000e+00
0.000000000000000000e+00
0.000000000000000000e+00
0.000000000000000000e+00
0.000000000000000000e+00
0.000000000000000000e+00
0.000000000000000000e+00
0.000000000000000000e+00
0.000000000000000000e+00
0.000000000000000000e+00
0.000000000000000000e+00
0.000000000000000000e+00
0.000000000000000000e+00
0.000000000000000000e+00
0.000000000000000000e+00
0.000000000000000000e+00
0.000000000000000000e+00
0.000000000000000000e+00
0.000000000000000000e+00
0.000000000000000000e+00
0.000000000000000000e+00
0.000000000000000000e+00
0.000000000000000000e+00
0.000000000000000000e+00
0.000000000000000000e+00
0.000000000000000000e+00
0.000000000000000000e+00
0.000000000000000000e+00
0.000000000000000000e+00
0.000000000000000000e+00
0.000000000000000000e+00
0.000000000000000000e+00
0.000000000000000000e+00
0.000000000000000000e+00
0.000000000000000000e+00
0.000000000000000000e+00
0.000000000000000000e+00
0.000000000000000000e+00
0.000000000000000000e+00
0.000000000000000000e+00
0.000000000000000000e+00
0.000000000000000000e+00
0.000000000000000000e+00
0.000000000000000000e+00
0.000000000000000000e+00
0.000000000000000000e+00
0.000000000000000000e+00
0.000000000000000000e+00
0.000000000000000000e+00
0.000000000000000000e+00
0.000000000000000000e+00
0.000000000000000000e+00
0.000000000000000000e+00
0.000000000000000000e+00
0.000000000000000000e+00
0.000000000000000000e+00
0.000000000000000000e+00
0.000000000000000000e+00
0.000000000000000000e+00
0.000000000000000000e+00
0.000000000000000000e+00
0.000000000000000000e+00
0.000000000000000000e+00
0.000000000000000000e+00
0.000000000000000000e+00
0.000000000000000000e+00
0.000000000000000000e+00
0.000000000000000000e+00
0.000000000000000000e+00
0.000000000000000000e+00
0.000000000000000000e+00
0.000000000000000000e+00
0.000000000000000000e+00
0.000000000000000000e+00
0.000000000000000000e+00
0.000000000000000000e+00
0.000000000000000000e+00
0.000000000000000000e+00
0.000000000000000000e+00
0.000000000000000000e+00
0.000000000000000000e+00
0.000000000000000000e+00
0.000000000000000000e+00
0.000000000000000000e+00
0.000000000000000000e+00
0.000000000000000000e+00
0.000000000000000000e+00
0.000000000000000000e+00
0.000000000000000000e+00
0.000000000000000000e+00
0.000000000000000000e+00
0.000000000000000000e+00
0.000000000000000000e+00
0.000000000000000000e+00
0.000000000000000000e+00
0.000000000000000000e+00
0.000000000000000000e+00
0.000000000000000000e+00
0.000000000000000000e+00
0.000000000000000000e+00
0.000000000000000000e+00
0.000000000000000000e+00
0.000000000000000000e+00
0.000000000000000000e+00
0.000000000000000000e+00
0.000000000000000000e+00
0.000000000000000000e+00
0.000000000000000000e+00
0.000000000000000000e+00
0.000000000000000000e+00
0.000000000000000000e+00
0.000000000000000000e+00
0.000000000000000000e+00
0.000000000000000000e+00
0.000000000000000000e+00
0.000000000000000000e+00
0.000000000000000000e+00
0.000000000000000000e+00
0.000000000000000000e+00
0.000000000000000000e+00
0.000000000000000000e+00
0.000000000000000000e+00
0.000000000000000000e+00
0.000000000000000000e+00
0.000000000000000000e+00
0.000000000000000000e+00
0.000000000000000000e+00
0.000000000000000000e+00
0.000000000000000000e+00
0.000000000000000000e+00
0.000000000000000000e+00
0.000000000000000000e+00
0.000000000000000000e+00
0.000000000000000000e+00
0.000000000000000000e+00
0.000000000000000000e+00
0.000000000000000000e+00
0.000000000000000000e+00
0.000000000000000000e+00
0.000000000000000000e+00
0.000000000000000000e+00
0.000000000000000000e+00
0.000000000000000000e+00
0.000000000000000000e+00
0.000000000000000000e+00
0.000000000000000000e+00
0.000000000000000000e+00
0.000000000000000000e+00
0.000000000000000000e+00
0.000000000000000000e+00
0.000000000000000000e+00
0.000000000000000000e+00
0.000000000000000000e+00
0.000000000000000000e+00
0.000000000000000000e+00
0.000000000000000000e+00
0.000000000000000000e+00
0.000000000000000000e+00
0.000000000000000000e+00
0.000000000000000000e+00
0.000000000000000000e+00
0.000000000000000000e+00
0.000000000000000000e+00
0.000000000000000000e+00
0.000000000000000000e+00
0.000000000000000000e+00
0.000000000000000000e+00
0.000000000000000000e+00
0.000000000000000000e+00
0.000000000000000000e+00
0.000000000000000000e+00
0.000000000000000000e+00
0.000000000000000000e+00
0.000000000000000000e+00
0.000000000000000000e+00
0.000000000000000000e+00
0.000000000000000000e+00
0.000000000000000000e+00
0.000000000000000000e+00
0.000000000000000000e+00
0.000000000000000000e+00
0.000000000000000000e+00
0.000000000000000000e+00
0.000000000000000000e+00
0.000000000000000000e+00
0.000000000000000000e+00
0.000000000000000000e+00
0.000000000000000000e+00
0.000000000000000000e+00
0.000000000000000000e+00
0.000000000000000000e+00
0.000000000000000000e+00
0.000000000000000000e+00
0.000000000000000000e+00
0.000000000000000000e+00
0.000000000000000000e+00
0.000000000000000000e+00
0.000000000000000000e+00
0.000000000000000000e+00
0.000000000000000000e+00
0.000000000000000000e+00
0.000000000000000000e+00
0.000000000000000000e+00
0.000000000000000000e+00
0.000000000000000000e+00
0.000000000000000000e+00
0.000000000000000000e+00
0.000000000000000000e+00
0.000000000000000000e+00
0.000000000000000000e+00
0.000000000000000000e+00
0.000000000000000000e+00
0.000000000000000000e+00
0.000000000000000000e+00
0.000000000000000000e+00
0.000000000000000000e+00
0.000000000000000000e+00
0.000000000000000000e+00
0.000000000000000000e+00
0.000000000000000000e+00
0.000000000000000000e+00
0.000000000000000000e+00
0.000000000000000000e+00
0.000000000000000000e+00
0.000000000000000000e+00
0.000000000000000000e+00
0.000000000000000000e+00
0.000000000000000000e+00
0.000000000000000000e+00
0.000000000000000000e+00
0.000000000000000000e+00
0.000000000000000000e+00
0.000000000000000000e+00
0.000000000000000000e+00
0.000000000000000000e+00
0.000000000000000000e+00
0.000000000000000000e+00
0.000000000000000000e+00
0.000000000000000000e+00
0.000000000000000000e+00
0.000000000000000000e+00
0.000000000000000000e+00
0.000000000000000000e+00
0.000000000000000000e+00
0.000000000000000000e+00
0.000000000000000000e+00
0.000000000000000000e+00
0.000000000000000000e+00
0.000000000000000000e+00
0.000000000000000000e+00
0.000000000000000000e+00
0.000000000000000000e+00
0.000000000000000000e+00
0.000000000000000000e+00
0.000000000000000000e+00
0.000000000000000000e+00
0.000000000000000000e+00
0.000000000000000000e+00
0.000000000000000000e+00
0.000000000000000000e+00
0.000000000000000000e+00
0.000000000000000000e+00
0.000000000000000000e+00
0.000000000000000000e+00
0.000000000000000000e+00
0.000000000000000000e+00
0.000000000000000000e+00
0.000000000000000000e+00
0.000000000000000000e+00
0.000000000000000000e+00
0.000000000000000000e+00
0.000000000000000000e+00
0.000000000000000000e+00
0.000000000000000000e+00
0.000000000000000000e+00
0.000000000000000000e+00
0.000000000000000000e+00
0.000000000000000000e+00
0.000000000000000000e+00
0.000000000000000000e+00
0.000000000000000000e+00
0.000000000000000000e+00
0.000000000000000000e+00
0.000000000000000000e+00
0.000000000000000000e+00
0.000000000000000000e+00
0.000000000000000000e+00
0.000000000000000000e+00
0.000000000000000000e+00
0.000000000000000000e+00
0.000000000000000000e+00
0.000000000000000000e+00
0.000000000000000000e+00
0.000000000000000000e+00
0.000000000000000000e+00
0.000000000000000000e+00
0.000000000000000000e+00
0.000000000000000000e+00
0.000000000000000000e+00
0.000000000000000000e+00
0.000000000000000000e+00
0.000000000000000000e+00
0.000000000000000000e+00
0.000000000000000000e+00
0.000000000000000000e+00
0.000000000000000000e+00
0.000000000000000000e+00
0.000000000000000000e+00
0.000000000000000000e+00
0.000000000000000000e+00
0.000000000000000000e+00
0.000000000000000000e+00
0.000000000000000000e+00
0.000000000000000000e+00
0.000000000000000000e+00
0.000000000000000000e+00
0.000000000000000000e+00
0.000000000000000000e+00
0.000000000000000000e+00
0.000000000000000000e+00
0.000000000000000000e+00
0.000000000000000000e+00
0.000000000000000000e+00
0.000000000000000000e+00
0.000000000000000000e+00
0.000000000000000000e+00
0.000000000000000000e+00
0.000000000000000000e+00
0.000000000000000000e+00
0.000000000000000000e+00
0.000000000000000000e+00
0.000000000000000000e+00
0.000000000000000000e+00
0.000000000000000000e+00
0.000000000000000000e+00
0.000000000000000000e+00
0.000000000000000000e+00
0.000000000000000000e+00
0.000000000000000000e+00
0.000000000000000000e+00
0.000000000000000000e+00
0.000000000000000000e+00
0.000000000000000000e+00
0.000000000000000000e+00
0.000000000000000000e+00
0.000000000000000000e+00
0.000000000000000000e+00
0.000000000000000000e+00
0.000000000000000000e+00
0.000000000000000000e+00
0.000000000000000000e+00
0.000000000000000000e+00
0.000000000000000000e+00
0.000000000000000000e+00
0.000000000000000000e+00
0.000000000000000000e+00
0.000000000000000000e+00
0.000000000000000000e+00
0.000000000000000000e+00
0.000000000000000000e+00
0.000000000000000000e+00
0.000000000000000000e+00
0.000000000000000000e+00
0.000000000000000000e+00
0.000000000000000000e+00
0.000000000000000000e+00
0.000000000000000000e+00
0.000000000000000000e+00
0.000000000000000000e+00
0.000000000000000000e+00
0.000000000000000000e+00
0.000000000000000000e+00
0.000000000000000000e+00
0.000000000000000000e+00
0.000000000000000000e+00
0.000000000000000000e+00
0.000000000000000000e+00
0.000000000000000000e+00
0.000000000000000000e+00
0.000000000000000000e+00
0.000000000000000000e+00
0.000000000000000000e+00
0.000000000000000000e+00
0.000000000000000000e+00
0.000000000000000000e+00
0.000000000000000000e+00
0.000000000000000000e+00
0.000000000000000000e+00
0.000000000000000000e+00
0.000000000000000000e+00
0.000000000000000000e+00
0.000000000000000000e+00
0.000000000000000000e+00
0.000000000000000000e+00
0.000000000000000000e+00
0.000000000000000000e+00
0.000000000000000000e+00
0.000000000000000000e+00
0.000000000000000000e+00
0.000000000000000000e+00
0.000000000000000000e+00
0.000000000000000000e+00
0.000000000000000000e+00
0.000000000000000000e+00
0.000000000000000000e+00
0.000000000000000000e+00
0.000000000000000000e+00
0.000000000000000000e+00
0.000000000000000000e+00
0.000000000000000000e+00
0.000000000000000000e+00
0.000000000000000000e+00
0.000000000000000000e+00
0.000000000000000000e+00
0.000000000000000000e+00
0.000000000000000000e+00
0.000000000000000000e+00
0.000000000000000000e+00
0.000000000000000000e+00
0.000000000000000000e+00
0.000000000000000000e+00
0.000000000000000000e+00
0.000000000000000000e+00
0.000000000000000000e+00
0.000000000000000000e+00
0.000000000000000000e+00
0.000000000000000000e+00
0.000000000000000000e+00
0.000000000000000000e+00
0.000000000000000000e+00
0.000000000000000000e+00
0.000000000000000000e+00
0.000000000000000000e+00
0.000000000000000000e+00
0.000000000000000000e+00
0.000000000000000000e+00
0.000000000000000000e+00
0.000000000000000000e+00
0.000000000000000000e+00
0.000000000000000000e+00
0.000000000000000000e+00
0.000000000000000000e+00
0.000000000000000000e+00
0.000000000000000000e+00
0.000000000000000000e+00
0.000000000000000000e+00
0.000000000000000000e+00
0.000000000000000000e+00
0.000000000000000000e+00
0.000000000000000000e+00
0.000000000000000000e+00
0.000000000000000000e+00
0.000000000000000000e+00
0.000000000000000000e+00
0.000000000000000000e+00
0.000000000000000000e+00
0.000000000000000000e+00
0.000000000000000000e+00
0.000000000000000000e+00
0.000000000000000000e+00
0.000000000000000000e+00
0.000000000000000000e+00
0.000000000000000000e+00
0.000000000000000000e+00
0.000000000000000000e+00
0.000000000000000000e+00
0.000000000000000000e+00
0.000000000000000000e+00
0.000000000000000000e+00
0.000000000000000000e+00
0.000000000000000000e+00
0.000000000000000000e+00
0.000000000000000000e+00
0.000000000000000000e+00
0.000000000000000000e+00
0.000000000000000000e+00
0.000000000000000000e+00
0.000000000000000000e+00
0.000000000000000000e+00
0.000000000000000000e+00
0.000000000000000000e+00
0.000000000000000000e+00
0.000000000000000000e+00
0.000000000000000000e+00
0.000000000000000000e+00
0.000000000000000000e+00
0.000000000000000000e+00
0.000000000000000000e+00
0.000000000000000000e+00
0.000000000000000000e+00
0.000000000000000000e+00
0.000000000000000000e+00
0.000000000000000000e+00
0.000000000000000000e+00
0.000000000000000000e+00
0.000000000000000000e+00
0.000000000000000000e+00
0.000000000000000000e+00
0.000000000000000000e+00
0.000000000000000000e+00
0.000000000000000000e+00
0.000000000000000000e+00
0.000000000000000000e+00
0.000000000000000000e+00
0.000000000000000000e+00
0.000000000000000000e+00
0.000000000000000000e+00
0.000000000000000000e+00
0.000000000000000000e+00
0.000000000000000000e+00
0.000000000000000000e+00
0.000000000000000000e+00
0.000000000000000000e+00
0.000000000000000000e+00
0.000000000000000000e+00
0.000000000000000000e+00
0.000000000000000000e+00
0.000000000000000000e+00
0.000000000000000000e+00
0.000000000000000000e+00
0.000000000000000000e+00
0.000000000000000000e+00
0.000000000000000000e+00
0.000000000000000000e+00
0.000000000000000000e+00
0.000000000000000000e+00
0.000000000000000000e+00
0.000000000000000000e+00
0.000000000000000000e+00
0.000000000000000000e+00
0.000000000000000000e+00
0.000000000000000000e+00
0.000000000000000000e+00
0.000000000000000000e+00
0.000000000000000000e+00
0.000000000000000000e+00
0.000000000000000000e+00
0.000000000000000000e+00
0.000000000000000000e+00
0.000000000000000000e+00
0.000000000000000000e+00
0.000000000000000000e+00
0.000000000000000000e+00
0.000000000000000000e+00
0.000000000000000000e+00
0.000000000000000000e+00
0.000000000000000000e+00
0.000000000000000000e+00
0.000000000000000000e+00
0.000000000000000000e+00
0.000000000000000000e+00
0.000000000000000000e+00
0.000000000000000000e+00
0.000000000000000000e+00
0.000000000000000000e+00
0.000000000000000000e+00
0.000000000000000000e+00
0.000000000000000000e+00
0.000000000000000000e+00
0.000000000000000000e+00
0.000000000000000000e+00
0.000000000000000000e+00
0.000000000000000000e+00
0.000000000000000000e+00
0.000000000000000000e+00
0.000000000000000000e+00
0.000000000000000000e+00
0.000000000000000000e+00
0.000000000000000000e+00
0.000000000000000000e+00
0.000000000000000000e+00
0.000000000000000000e+00
0.000000000000000000e+00
0.000000000000000000e+00
0.000000000000000000e+00
0.000000000000000000e+00
0.000000000000000000e+00
0.000000000000000000e+00
0.000000000000000000e+00
0.000000000000000000e+00
0.000000000000000000e+00
0.000000000000000000e+00
0.000000000000000000e+00
0.000000000000000000e+00
0.000000000000000000e+00
0.000000000000000000e+00
0.000000000000000000e+00
0.000000000000000000e+00
0.000000000000000000e+00
0.000000000000000000e+00
0.000000000000000000e+00
0.000000000000000000e+00
0.000000000000000000e+00
0.000000000000000000e+00
0.000000000000000000e+00
0.000000000000000000e+00
0.000000000000000000e+00
0.000000000000000000e+00
0.000000000000000000e+00
0.000000000000000000e+00
0.000000000000000000e+00
0.000000000000000000e+00
0.000000000000000000e+00
0.000000000000000000e+00
0.000000000000000000e+00
0.000000000000000000e+00
0.000000000000000000e+00
0.000000000000000000e+00
0.000000000000000000e+00
0.000000000000000000e+00
0.000000000000000000e+00
0.000000000000000000e+00
0.000000000000000000e+00
0.000000000000000000e+00
0.000000000000000000e+00
0.000000000000000000e+00
0.000000000000000000e+00
0.000000000000000000e+00
0.000000000000000000e+00
0.000000000000000000e+00
0.000000000000000000e+00
0.000000000000000000e+00
0.000000000000000000e+00
0.000000000000000000e+00
0.000000000000000000e+00
0.000000000000000000e+00
0.000000000000000000e+00
0.000000000000000000e+00
0.000000000000000000e+00
0.000000000000000000e+00
0.000000000000000000e+00
0.000000000000000000e+00
0.000000000000000000e+00
0.000000000000000000e+00
0.000000000000000000e+00
0.000000000000000000e+00
0.000000000000000000e+00
0.000000000000000000e+00
0.000000000000000000e+00
0.000000000000000000e+00
0.000000000000000000e+00
0.000000000000000000e+00
0.000000000000000000e+00
0.000000000000000000e+00
0.000000000000000000e+00
0.000000000000000000e+00
0.000000000000000000e+00
0.000000000000000000e+00
0.000000000000000000e+00
0.000000000000000000e+00
0.000000000000000000e+00
0.000000000000000000e+00
0.000000000000000000e+00
0.000000000000000000e+00
0.000000000000000000e+00
0.000000000000000000e+00
0.000000000000000000e+00
0.000000000000000000e+00
0.000000000000000000e+00
0.000000000000000000e+00
0.000000000000000000e+00
0.000000000000000000e+00
0.000000000000000000e+00
0.000000000000000000e+00
0.000000000000000000e+00
0.000000000000000000e+00
0.000000000000000000e+00
0.000000000000000000e+00
0.000000000000000000e+00
0.000000000000000000e+00
0.000000000000000000e+00
0.000000000000000000e+00
0.000000000000000000e+00
0.000000000000000000e+00
0.000000000000000000e+00
0.000000000000000000e+00
0.000000000000000000e+00
0.000000000000000000e+00
0.000000000000000000e+00
0.000000000000000000e+00
0.000000000000000000e+00
0.000000000000000000e+00
0.000000000000000000e+00
0.000000000000000000e+00
0.000000000000000000e+00
0.000000000000000000e+00
0.000000000000000000e+00
0.000000000000000000e+00
0.000000000000000000e+00
0.000000000000000000e+00
0.000000000000000000e+00
0.000000000000000000e+00
0.000000000000000000e+00
0.000000000000000000e+00
0.000000000000000000e+00
0.000000000000000000e+00
0.000000000000000000e+00
0.000000000000000000e+00
0.000000000000000000e+00
0.000000000000000000e+00
0.000000000000000000e+00
0.000000000000000000e+00
0.000000000000000000e+00
0.000000000000000000e+00
0.000000000000000000e+00
0.000000000000000000e+00
0.000000000000000000e+00
0.000000000000000000e+00
0.000000000000000000e+00
0.000000000000000000e+00
0.000000000000000000e+00
0.000000000000000000e+00
0.000000000000000000e+00
0.000000000000000000e+00
0.000000000000000000e+00
0.000000000000000000e+00
0.000000000000000000e+00
0.000000000000000000e+00
0.000000000000000000e+00
0.000000000000000000e+00
0.000000000000000000e+00
0.000000000000000000e+00
0.000000000000000000e+00
0.000000000000000000e+00
0.000000000000000000e+00
0.000000000000000000e+00
0.000000000000000000e+00
0.000000000000000000e+00
0.000000000000000000e+00
0.000000000000000000e+00
0.000000000000000000e+00
0.000000000000000000e+00
0.000000000000000000e+00
0.000000000000000000e+00
0.000000000000000000e+00
0.000000000000000000e+00
0.000000000000000000e+00
0.000000000000000000e+00
0.000000000000000000e+00
0.000000000000000000e+00
0.000000000000000000e+00
0.000000000000000000e+00
0.000000000000000000e+00
0.000000000000000000e+00
0.000000000000000000e+00
0.000000000000000000e+00
0.000000000000000000e+00
0.000000000000000000e+00
0.000000000000000000e+00
0.000000000000000000e+00
0.000000000000000000e+00
0.000000000000000000e+00
0.000000000000000000e+00
0.000000000000000000e+00
0.000000000000000000e+00
0.000000000000000000e+00
0.000000000000000000e+00
0.000000000000000000e+00
0.000000000000000000e+00
0.000000000000000000e+00
0.000000000000000000e+00
0.000000000000000000e+00
0.000000000000000000e+00
0.000000000000000000e+00
0.000000000000000000e+00
0.000000000000000000e+00
0.000000000000000000e+00
0.000000000000000000e+00
0.000000000000000000e+00
0.000000000000000000e+00
0.000000000000000000e+00
0.000000000000000000e+00
0.000000000000000000e+00
0.000000000000000000e+00
0.000000000000000000e+00
0.000000000000000000e+00
0.000000000000000000e+00
0.000000000000000000e+00
0.000000000000000000e+00
0.000000000000000000e+00
0.000000000000000000e+00
0.000000000000000000e+00
0.000000000000000000e+00
0.000000000000000000e+00
0.000000000000000000e+00
0.000000000000000000e+00
0.000000000000000000e+00
0.000000000000000000e+00
0.000000000000000000e+00
0.000000000000000000e+00
0.000000000000000000e+00
0.000000000000000000e+00
0.000000000000000000e+00
0.000000000000000000e+00
0.000000000000000000e+00
0.000000000000000000e+00
0.000000000000000000e+00
0.000000000000000000e+00
0.000000000000000000e+00
0.000000000000000000e+00
0.000000000000000000e+00
0.000000000000000000e+00
0.000000000000000000e+00
0.000000000000000000e+00
0.000000000000000000e+00
0.000000000000000000e+00
0.000000000000000000e+00
0.000000000000000000e+00
0.000000000000000000e+00
0.000000000000000000e+00
0.000000000000000000e+00
0.000000000000000000e+00
0.000000000000000000e+00
0.000000000000000000e+00
0.000000000000000000e+00
0.000000000000000000e+00
0.000000000000000000e+00
0.000000000000000000e+00
0.000000000000000000e+00
0.000000000000000000e+00
0.000000000000000000e+00
0.000000000000000000e+00
0.000000000000000000e+00
0.000000000000000000e+00
0.000000000000000000e+00
0.000000000000000000e+00
0.000000000000000000e+00
0.000000000000000000e+00
0.000000000000000000e+00
0.000000000000000000e+00
0.000000000000000000e+00
0.000000000000000000e+00
0.000000000000000000e+00
0.000000000000000000e+00
0.000000000000000000e+00
0.000000000000000000e+00
0.000000000000000000e+00
0.000000000000000000e+00
0.000000000000000000e+00
0.000000000000000000e+00
0.000000000000000000e+00
0.000000000000000000e+00
0.000000000000000000e+00
0.000000000000000000e+00
0.000000000000000000e+00
0.000000000000000000e+00
0.000000000000000000e+00
0.000000000000000000e+00
0.000000000000000000e+00
0.000000000000000000e+00
0.000000000000000000e+00
0.000000000000000000e+00
0.000000000000000000e+00
0.000000000000000000e+00
0.000000000000000000e+00
0.000000000000000000e+00
0.000000000000000000e+00
0.000000000000000000e+00
0.000000000000000000e+00
0.000000000000000000e+00
0.000000000000000000e+00
0.000000000000000000e+00
0.000000000000000000e+00
0.000000000000000000e+00
0.000000000000000000e+00
0.000000000000000000e+00
0.000000000000000000e+00
0.000000000000000000e+00
0.000000000000000000e+00
0.000000000000000000e+00
0.000000000000000000e+00
0.000000000000000000e+00
0.000000000000000000e+00
0.000000000000000000e+00
0.000000000000000000e+00
0.000000000000000000e+00
0.000000000000000000e+00
0.000000000000000000e+00
0.000000000000000000e+00
0.000000000000000000e+00
0.000000000000000000e+00
0.000000000000000000e+00
0.000000000000000000e+00
0.000000000000000000e+00
0.000000000000000000e+00
0.000000000000000000e+00
0.000000000000000000e+00
0.000000000000000000e+00
0.000000000000000000e+00
0.000000000000000000e+00
0.000000000000000000e+00
0.000000000000000000e+00
0.000000000000000000e+00
0.000000000000000000e+00
0.000000000000000000e+00
0.000000000000000000e+00
0.000000000000000000e+00
0.000000000000000000e+00
0.000000000000000000e+00
0.000000000000000000e+00
0.000000000000000000e+00
0.000000000000000000e+00
0.000000000000000000e+00
0.000000000000000000e+00
0.000000000000000000e+00
0.000000000000000000e+00
0.000000000000000000e+00
0.000000000000000000e+00
0.000000000000000000e+00
0.000000000000000000e+00
0.000000000000000000e+00
0.000000000000000000e+00
0.000000000000000000e+00
0.000000000000000000e+00
0.000000000000000000e+00
0.000000000000000000e+00
0.000000000000000000e+00
0.000000000000000000e+00
0.000000000000000000e+00
0.000000000000000000e+00
0.000000000000000000e+00
0.000000000000000000e+00
0.000000000000000000e+00
0.000000000000000000e+00
0.000000000000000000e+00
0.000000000000000000e+00
0.000000000000000000e+00
0.000000000000000000e+00
0.000000000000000000e+00
0.000000000000000000e+00
0.000000000000000000e+00
0.000000000000000000e+00
0.000000000000000000e+00
0.000000000000000000e+00
0.000000000000000000e+00
0.000000000000000000e+00
0.000000000000000000e+00
0.000000000000000000e+00
0.000000000000000000e+00
0.000000000000000000e+00
0.000000000000000000e+00
0.000000000000000000e+00
0.000000000000000000e+00
0.000000000000000000e+00
0.000000000000000000e+00
0.000000000000000000e+00
0.000000000000000000e+00
0.000000000000000000e+00
0.000000000000000000e+00
0.000000000000000000e+00
0.000000000000000000e+00
0.000000000000000000e+00
0.000000000000000000e+00
0.000000000000000000e+00
0.000000000000000000e+00
0.000000000000000000e+00
0.000000000000000000e+00
0.000000000000000000e+00
0.000000000000000000e+00
0.000000000000000000e+00
0.000000000000000000e+00
0.000000000000000000e+00
0.000000000000000000e+00
0.000000000000000000e+00
0.000000000000000000e+00
0.000000000000000000e+00
0.000000000000000000e+00
0.000000000000000000e+00
0.000000000000000000e+00
0.000000000000000000e+00
0.000000000000000000e+00
0.000000000000000000e+00
0.000000000000000000e+00
0.000000000000000000e+00
0.000000000000000000e+00
0.000000000000000000e+00
0.000000000000000000e+00
0.000000000000000000e+00
0.000000000000000000e+00
0.000000000000000000e+00
0.000000000000000000e+00
0.000000000000000000e+00
0.000000000000000000e+00
0.000000000000000000e+00
0.000000000000000000e+00
0.000000000000000000e+00
0.000000000000000000e+00
0.000000000000000000e+00
0.000000000000000000e+00
0.000000000000000000e+00
0.000000000000000000e+00
0.000000000000000000e+00
0.000000000000000000e+00
0.000000000000000000e+00
0.000000000000000000e+00
0.000000000000000000e+00
0.000000000000000000e+00
0.000000000000000000e+00
0.000000000000000000e+00
0.000000000000000000e+00
0.000000000000000000e+00
0.000000000000000000e+00
0.000000000000000000e+00
0.000000000000000000e+00
0.000000000000000000e+00
0.000000000000000000e+00
0.000000000000000000e+00
0.000000000000000000e+00
0.000000000000000000e+00
0.000000000000000000e+00
0.000000000000000000e+00
0.000000000000000000e+00
0.000000000000000000e+00
0.000000000000000000e+00
0.000000000000000000e+00
0.000000000000000000e+00
0.000000000000000000e+00
0.000000000000000000e+00
0.000000000000000000e+00
0.000000000000000000e+00
0.000000000000000000e+00
0.000000000000000000e+00
0.000000000000000000e+00
0.000000000000000000e+00
0.000000000000000000e+00
0.000000000000000000e+00
0.000000000000000000e+00
0.000000000000000000e+00
0.000000000000000000e+00
0.000000000000000000e+00
0.000000000000000000e+00
0.000000000000000000e+00
0.000000000000000000e+00
0.000000000000000000e+00
0.000000000000000000e+00
0.000000000000000000e+00
0.000000000000000000e+00
0.000000000000000000e+00
0.000000000000000000e+00
0.000000000000000000e+00
0.000000000000000000e+00
0.000000000000000000e+00
0.000000000000000000e+00
0.000000000000000000e+00
0.000000000000000000e+00
0.000000000000000000e+00
0.000000000000000000e+00
0.000000000000000000e+00
0.000000000000000000e+00
0.000000000000000000e+00
0.000000000000000000e+00
0.000000000000000000e+00
0.000000000000000000e+00
0.000000000000000000e+00
0.000000000000000000e+00
0.000000000000000000e+00
0.000000000000000000e+00
0.000000000000000000e+00
0.000000000000000000e+00
0.000000000000000000e+00
0.000000000000000000e+00
0.000000000000000000e+00
0.000000000000000000e+00
0.000000000000000000e+00
0.000000000000000000e+00
0.000000000000000000e+00
0.000000000000000000e+00
0.000000000000000000e+00
0.000000000000000000e+00
0.000000000000000000e+00
0.000000000000000000e+00
0.000000000000000000e+00
0.000000000000000000e+00
0.000000000000000000e+00
0.000000000000000000e+00
0.000000000000000000e+00
0.000000000000000000e+00
0.000000000000000000e+00
0.000000000000000000e+00
0.000000000000000000e+00
0.000000000000000000e+00
0.000000000000000000e+00
0.000000000000000000e+00
0.000000000000000000e+00
0.000000000000000000e+00
0.000000000000000000e+00
0.000000000000000000e+00
0.000000000000000000e+00
0.000000000000000000e+00
0.000000000000000000e+00
0.000000000000000000e+00
0.000000000000000000e+00
0.000000000000000000e+00
0.000000000000000000e+00
0.000000000000000000e+00
0.000000000000000000e+00
0.000000000000000000e+00
0.000000000000000000e+00
0.000000000000000000e+00
0.000000000000000000e+00
0.000000000000000000e+00
0.000000000000000000e+00
0.000000000000000000e+00
0.000000000000000000e+00
0.000000000000000000e+00
0.000000000000000000e+00
0.000000000000000000e+00
0.000000000000000000e+00
0.000000000000000000e+00
0.000000000000000000e+00
0.000000000000000000e+00
0.000000000000000000e+00
0.000000000000000000e+00
0.000000000000000000e+00
0.000000000000000000e+00
0.000000000000000000e+00
0.000000000000000000e+00
0.000000000000000000e+00
0.000000000000000000e+00
0.000000000000000000e+00
0.000000000000000000e+00
0.000000000000000000e+00
0.000000000000000000e+00
0.000000000000000000e+00
0.000000000000000000e+00
0.000000000000000000e+00
0.000000000000000000e+00
0.000000000000000000e+00
0.000000000000000000e+00
0.000000000000000000e+00
0.000000000000000000e+00
0.000000000000000000e+00
0.000000000000000000e+00
0.000000000000000000e+00
0.000000000000000000e+00
0.000000000000000000e+00
0.000000000000000000e+00
0.000000000000000000e+00
0.000000000000000000e+00
0.000000000000000000e+00
0.000000000000000000e+00
0.000000000000000000e+00
0.000000000000000000e+00
0.000000000000000000e+00
0.000000000000000000e+00
0.000000000000000000e+00
0.000000000000000000e+00
0.000000000000000000e+00
0.000000000000000000e+00
0.000000000000000000e+00
0.000000000000000000e+00
0.000000000000000000e+00
0.000000000000000000e+00
0.000000000000000000e+00
0.000000000000000000e+00
0.000000000000000000e+00
0.000000000000000000e+00
0.000000000000000000e+00
0.000000000000000000e+00
0.000000000000000000e+00
0.000000000000000000e+00
0.000000000000000000e+00
0.000000000000000000e+00
0.000000000000000000e+00
0.000000000000000000e+00
0.000000000000000000e+00
0.000000000000000000e+00
0.000000000000000000e+00
0.000000000000000000e+00
0.000000000000000000e+00
0.000000000000000000e+00
0.000000000000000000e+00
0.000000000000000000e+00
0.000000000000000000e+00
0.000000000000000000e+00
0.000000000000000000e+00
0.000000000000000000e+00
0.000000000000000000e+00
0.000000000000000000e+00
0.000000000000000000e+00
0.000000000000000000e+00
0.000000000000000000e+00
0.000000000000000000e+00
0.000000000000000000e+00
0.000000000000000000e+00
0.000000000000000000e+00
0.000000000000000000e+00
0.000000000000000000e+00
0.000000000000000000e+00
0.000000000000000000e+00
0.000000000000000000e+00
0.000000000000000000e+00
0.000000000000000000e+00
0.000000000000000000e+00
0.000000000000000000e+00
0.000000000000000000e+00
0.000000000000000000e+00
0.000000000000000000e+00
0.000000000000000000e+00
0.000000000000000000e+00
0.000000000000000000e+00
0.000000000000000000e+00
0.000000000000000000e+00
0.000000000000000000e+00
0.000000000000000000e+00
0.000000000000000000e+00
0.000000000000000000e+00
0.000000000000000000e+00
0.000000000000000000e+00
0.000000000000000000e+00
0.000000000000000000e+00
0.000000000000000000e+00
0.000000000000000000e+00
0.000000000000000000e+00
0.000000000000000000e+00
0.000000000000000000e+00
0.000000000000000000e+00
0.000000000000000000e+00
0.000000000000000000e+00
0.000000000000000000e+00
0.000000000000000000e+00
0.000000000000000000e+00
0.000000000000000000e+00
0.000000000000000000e+00
0.000000000000000000e+00
0.000000000000000000e+00
0.000000000000000000e+00
0.000000000000000000e+00
0.000000000000000000e+00
0.000000000000000000e+00
0.000000000000000000e+00
0.000000000000000000e+00
0.000000000000000000e+00
0.000000000000000000e+00
0.000000000000000000e+00
0.000000000000000000e+00
0.000000000000000000e+00
0.000000000000000000e+00
0.000000000000000000e+00
0.000000000000000000e+00
0.000000000000000000e+00
0.000000000000000000e+00
0.000000000000000000e+00
0.000000000000000000e+00
0.000000000000000000e+00
0.000000000000000000e+00
0.000000000000000000e+00
0.000000000000000000e+00
0.000000000000000000e+00
0.000000000000000000e+00
0.000000000000000000e+00
0.000000000000000000e+00
0.000000000000000000e+00
0.000000000000000000e+00
0.000000000000000000e+00
0.000000000000000000e+00
0.000000000000000000e+00
0.000000000000000000e+00
0.000000000000000000e+00
0.000000000000000000e+00
0.000000000000000000e+00
0.000000000000000000e+00
0.000000000000000000e+00
0.000000000000000000e+00
0.000000000000000000e+00
0.000000000000000000e+00
0.000000000000000000e+00
0.000000000000000000e+00
0.000000000000000000e+00
0.000000000000000000e+00
0.000000000000000000e+00
0.000000000000000000e+00
0.000000000000000000e+00
0.000000000000000000e+00
0.000000000000000000e+00
0.000000000000000000e+00
0.000000000000000000e+00
0.000000000000000000e+00
0.000000000000000000e+00
0.000000000000000000e+00
0.000000000000000000e+00
0.000000000000000000e+00
0.000000000000000000e+00
0.000000000000000000e+00
0.000000000000000000e+00
0.000000000000000000e+00
0.000000000000000000e+00
0.000000000000000000e+00
0.000000000000000000e+00
0.000000000000000000e+00
0.000000000000000000e+00
0.000000000000000000e+00
0.000000000000000000e+00
0.000000000000000000e+00
0.000000000000000000e+00
0.000000000000000000e+00
0.000000000000000000e+00
0.000000000000000000e+00
0.000000000000000000e+00
0.000000000000000000e+00
0.000000000000000000e+00
0.000000000000000000e+00
0.000000000000000000e+00
0.000000000000000000e+00
0.000000000000000000e+00
0.000000000000000000e+00
0.000000000000000000e+00
0.000000000000000000e+00
0.000000000000000000e+00
0.000000000000000000e+00
0.000000000000000000e+00
0.000000000000000000e+00
0.000000000000000000e+00
0.000000000000000000e+00
0.000000000000000000e+00
0.000000000000000000e+00
0.000000000000000000e+00
0.000000000000000000e+00
0.000000000000000000e+00
0.000000000000000000e+00
0.000000000000000000e+00
0.000000000000000000e+00
0.000000000000000000e+00
0.000000000000000000e+00
0.000000000000000000e+00
0.000000000000000000e+00
0.000000000000000000e+00
0.000000000000000000e+00
0.000000000000000000e+00
0.000000000000000000e+00
0.000000000000000000e+00
0.000000000000000000e+00
0.000000000000000000e+00
0.000000000000000000e+00
0.000000000000000000e+00
0.000000000000000000e+00
0.000000000000000000e+00
0.000000000000000000e+00
0.000000000000000000e+00
0.000000000000000000e+00
0.000000000000000000e+00
0.000000000000000000e+00
0.000000000000000000e+00
0.000000000000000000e+00
0.000000000000000000e+00
0.000000000000000000e+00
0.000000000000000000e+00
0.000000000000000000e+00
0.000000000000000000e+00
0.000000000000000000e+00
0.000000000000000000e+00
0.000000000000000000e+00
0.000000000000000000e+00
0.000000000000000000e+00
0.000000000000000000e+00
0.000000000000000000e+00
0.000000000000000000e+00
0.000000000000000000e+00
0.000000000000000000e+00
0.000000000000000000e+00
0.000000000000000000e+00
0.000000000000000000e+00
0.000000000000000000e+00
0.000000000000000000e+00
0.000000000000000000e+00
0.000000000000000000e+00
0.000000000000000000e+00
0.000000000000000000e+00
0.000000000000000000e+00
0.000000000000000000e+00
0.000000000000000000e+00
0.000000000000000000e+00
0.000000000000000000e+00
0.000000000000000000e+00
0.000000000000000000e+00
0.000000000000000000e+00
0.000000000000000000e+00
0.000000000000000000e+00
0.000000000000000000e+00
0.000000000000000000e+00
0.000000000000000000e+00
0.000000000000000000e+00
0.000000000000000000e+00
0.000000000000000000e+00
0.000000000000000000e+00
0.000000000000000000e+00
0.000000000000000000e+00
0.000000000000000000e+00
0.000000000000000000e+00
0.000000000000000000e+00
0.000000000000000000e+00
0.000000000000000000e+00
0.000000000000000000e+00
0.000000000000000000e+00
0.000000000000000000e+00
0.000000000000000000e+00
0.000000000000000000e+00
0.000000000000000000e+00
0.000000000000000000e+00
0.000000000000000000e+00
0.000000000000000000e+00
0.000000000000000000e+00
0.000000000000000000e+00
0.000000000000000000e+00
0.000000000000000000e+00
0.000000000000000000e+00
0.000000000000000000e+00
0.000000000000000000e+00
0.000000000000000000e+00
0.000000000000000000e+00
0.000000000000000000e+00
0.000000000000000000e+00
0.000000000000000000e+00
0.000000000000000000e+00
0.000000000000000000e+00
0.000000000000000000e+00
0.000000000000000000e+00
0.000000000000000000e+00
0.000000000000000000e+00
0.000000000000000000e+00
0.000000000000000000e+00
0.000000000000000000e+00
0.000000000000000000e+00
0.000000000000000000e+00
0.000000000000000000e+00
0.000000000000000000e+00
0.000000000000000000e+00
0.000000000000000000e+00
0.000000000000000000e+00
0.000000000000000000e+00
0.000000000000000000e+00
0.000000000000000000e+00
0.000000000000000000e+00
0.000000000000000000e+00
0.000000000000000000e+00
0.000000000000000000e+00
0.000000000000000000e+00
0.000000000000000000e+00
0.000000000000000000e+00
0.000000000000000000e+00
0.000000000000000000e+00
0.000000000000000000e+00
0.000000000000000000e+00
0.000000000000000000e+00
0.000000000000000000e+00
0.000000000000000000e+00
0.000000000000000000e+00
0.000000000000000000e+00
0.000000000000000000e+00
0.000000000000000000e+00
0.000000000000000000e+00
0.000000000000000000e+00
0.000000000000000000e+00
0.000000000000000000e+00
0.000000000000000000e+00
0.000000000000000000e+00
0.000000000000000000e+00
0.000000000000000000e+00
0.000000000000000000e+00
0.000000000000000000e+00
0.000000000000000000e+00
0.000000000000000000e+00
0.000000000000000000e+00
0.000000000000000000e+00
0.000000000000000000e+00
0.000000000000000000e+00
0.000000000000000000e+00
0.000000000000000000e+00
0.000000000000000000e+00
0.000000000000000000e+00
0.000000000000000000e+00
0.000000000000000000e+00
0.000000000000000000e+00
0.000000000000000000e+00
0.000000000000000000e+00
0.000000000000000000e+00
0.000000000000000000e+00
0.000000000000000000e+00
0.000000000000000000e+00
0.000000000000000000e+00
0.000000000000000000e+00
0.000000000000000000e+00
0.000000000000000000e+00
0.000000000000000000e+00
0.000000000000000000e+00
0.000000000000000000e+00
0.000000000000000000e+00
0.000000000000000000e+00
0.000000000000000000e+00
0.000000000000000000e+00
0.000000000000000000e+00
0.000000000000000000e+00
0.000000000000000000e+00
0.000000000000000000e+00
0.000000000000000000e+00
0.000000000000000000e+00
0.000000000000000000e+00
0.000000000000000000e+00
0.000000000000000000e+00
0.000000000000000000e+00
0.000000000000000000e+00
0.000000000000000000e+00
0.000000000000000000e+00
0.000000000000000000e+00
0.000000000000000000e+00
0.000000000000000000e+00
0.000000000000000000e+00
0.000000000000000000e+00
0.000000000000000000e+00
0.000000000000000000e+00
0.000000000000000000e+00
0.000000000000000000e+00
0.000000000000000000e+00
0.000000000000000000e+00
0.000000000000000000e+00
0.000000000000000000e+00
0.000000000000000000e+00
0.000000000000000000e+00
0.000000000000000000e+00
0.000000000000000000e+00
0.000000000000000000e+00
0.000000000000000000e+00
0.000000000000000000e+00
0.000000000000000000e+00
0.000000000000000000e+00
0.000000000000000000e+00
0.000000000000000000e+00
0.000000000000000000e+00
0.000000000000000000e+00
0.000000000000000000e+00
0.000000000000000000e+00
0.000000000000000000e+00
0.000000000000000000e+00
0.000000000000000000e+00
0.000000000000000000e+00
0.000000000000000000e+00
0.000000000000000000e+00
0.000000000000000000e+00
0.000000000000000000e+00
0.000000000000000000e+00
0.000000000000000000e+00
0.000000000000000000e+00
0.000000000000000000e+00
0.000000000000000000e+00
0.000000000000000000e+00
0.000000000000000000e+00
0.000000000000000000e+00
0.000000000000000000e+00
0.000000000000000000e+00
0.000000000000000000e+00
0.000000000000000000e+00
0.000000000000000000e+00
0.000000000000000000e+00
0.000000000000000000e+00
0.000000000000000000e+00
0.000000000000000000e+00
0.000000000000000000e+00
0.000000000000000000e+00
0.000000000000000000e+00
0.000000000000000000e+00
0.000000000000000000e+00
0.000000000000000000e+00
0.000000000000000000e+00
0.000000000000000000e+00
0.000000000000000000e+00
0.000000000000000000e+00
0.000000000000000000e+00
0.000000000000000000e+00
0.000000000000000000e+00
0.000000000000000000e+00
0.000000000000000000e+00
0.000000000000000000e+00
0.000000000000000000e+00
0.000000000000000000e+00
0.000000000000000000e+00
0.000000000000000000e+00
0.000000000000000000e+00
0.000000000000000000e+00
0.000000000000000000e+00
0.000000000000000000e+00
0.000000000000000000e+00
0.000000000000000000e+00
0.000000000000000000e+00
0.000000000000000000e+00
0.000000000000000000e+00
0.000000000000000000e+00
0.000000000000000000e+00
0.000000000000000000e+00
0.000000000000000000e+00
0.000000000000000000e+00
0.000000000000000000e+00
0.000000000000000000e+00
0.000000000000000000e+00
0.000000000000000000e+00
0.000000000000000000e+00
0.000000000000000000e+00
0.000000000000000000e+00
0.000000000000000000e+00
0.000000000000000000e+00
0.000000000000000000e+00
0.000000000000000000e+00
0.000000000000000000e+00
0.000000000000000000e+00
0.000000000000000000e+00
0.000000000000000000e+00
0.000000000000000000e+00
0.000000000000000000e+00
0.000000000000000000e+00
0.000000000000000000e+00
0.000000000000000000e+00
0.000000000000000000e+00
0.000000000000000000e+00
0.000000000000000000e+00
0.000000000000000000e+00
0.000000000000000000e+00
0.000000000000000000e+00
0.000000000000000000e+00
0.000000000000000000e+00
0.000000000000000000e+00
0.000000000000000000e+00
0.000000000000000000e+00
0.000000000000000000e+00
0.000000000000000000e+00
0.000000000000000000e+00
0.000000000000000000e+00
0.000000000000000000e+00
0.000000000000000000e+00
0.000000000000000000e+00
0.000000000000000000e+00
0.000000000000000000e+00
0.000000000000000000e+00
0.000000000000000000e+00
0.000000000000000000e+00
0.000000000000000000e+00
0.000000000000000000e+00
0.000000000000000000e+00
0.000000000000000000e+00
0.000000000000000000e+00
0.000000000000000000e+00
0.000000000000000000e+00
0.000000000000000000e+00
0.000000000000000000e+00
0.000000000000000000e+00
0.000000000000000000e+00
0.000000000000000000e+00
0.000000000000000000e+00
0.000000000000000000e+00
0.000000000000000000e+00
0.000000000000000000e+00
0.000000000000000000e+00
0.000000000000000000e+00
0.000000000000000000e+00
0.000000000000000000e+00
0.000000000000000000e+00
0.000000000000000000e+00
0.000000000000000000e+00
0.000000000000000000e+00
0.000000000000000000e+00
0.000000000000000000e+00
0.000000000000000000e+00
0.000000000000000000e+00
0.000000000000000000e+00
0.000000000000000000e+00
0.000000000000000000e+00
0.000000000000000000e+00
0.000000000000000000e+00
0.000000000000000000e+00
0.000000000000000000e+00
0.000000000000000000e+00
0.000000000000000000e+00
0.000000000000000000e+00
0.000000000000000000e+00
0.000000000000000000e+00
0.000000000000000000e+00
0.000000000000000000e+00
0.000000000000000000e+00
0.000000000000000000e+00
0.000000000000000000e+00
0.000000000000000000e+00
0.000000000000000000e+00
0.000000000000000000e+00
0.000000000000000000e+00
0.000000000000000000e+00
0.000000000000000000e+00
0.000000000000000000e+00
0.000000000000000000e+00
0.000000000000000000e+00
0.000000000000000000e+00
0.000000000000000000e+00
0.000000000000000000e+00
0.000000000000000000e+00
0.000000000000000000e+00
0.000000000000000000e+00
0.000000000000000000e+00
0.000000000000000000e+00
0.000000000000000000e+00
0.000000000000000000e+00
0.000000000000000000e+00
0.000000000000000000e+00
0.000000000000000000e+00
0.000000000000000000e+00
0.000000000000000000e+00
0.000000000000000000e+00
0.000000000000000000e+00
0.000000000000000000e+00
0.000000000000000000e+00
0.000000000000000000e+00
0.000000000000000000e+00
0.000000000000000000e+00
0.000000000000000000e+00
0.000000000000000000e+00
0.000000000000000000e+00
0.000000000000000000e+00
0.000000000000000000e+00
0.000000000000000000e+00
0.000000000000000000e+00
0.000000000000000000e+00
0.000000000000000000e+00
0.000000000000000000e+00
0.000000000000000000e+00
0.000000000000000000e+00
0.000000000000000000e+00
0.000000000000000000e+00
0.000000000000000000e+00
0.000000000000000000e+00
0.000000000000000000e+00
0.000000000000000000e+00
0.000000000000000000e+00
0.000000000000000000e+00
0.000000000000000000e+00
0.000000000000000000e+00
0.000000000000000000e+00
0.000000000000000000e+00
0.000000000000000000e+00
0.000000000000000000e+00
0.000000000000000000e+00
0.000000000000000000e+00
0.000000000000000000e+00
0.000000000000000000e+00
0.000000000000000000e+00
0.000000000000000000e+00
0.000000000000000000e+00
0.000000000000000000e+00
0.000000000000000000e+00
0.000000000000000000e+00
0.000000000000000000e+00
0.000000000000000000e+00
0.000000000000000000e+00
0.000000000000000000e+00
0.000000000000000000e+00
0.000000000000000000e+00
0.000000000000000000e+00
0.000000000000000000e+00
0.000000000000000000e+00
0.000000000000000000e+00
0.000000000000000000e+00
0.000000000000000000e+00
0.000000000000000000e+00
0.000000000000000000e+00
0.000000000000000000e+00
0.000000000000000000e+00
0.000000000000000000e+00
0.000000000000000000e+00
0.000000000000000000e+00
0.000000000000000000e+00
0.000000000000000000e+00
0.000000000000000000e+00
0.000000000000000000e+00
0.000000000000000000e+00
0.000000000000000000e+00
0.000000000000000000e+00
0.000000000000000000e+00
0.000000000000000000e+00
0.000000000000000000e+00
0.000000000000000000e+00
0.000000000000000000e+00
0.000000000000000000e+00
0.000000000000000000e+00
0.000000000000000000e+00
0.000000000000000000e+00
0.000000000000000000e+00
0.000000000000000000e+00
0.000000000000000000e+00
0.000000000000000000e+00
0.000000000000000000e+00
0.000000000000000000e+00
0.000000000000000000e+00
0.000000000000000000e+00
0.000000000000000000e+00
0.000000000000000000e+00
0.000000000000000000e+00
0.000000000000000000e+00
0.000000000000000000e+00
0.000000000000000000e+00
0.000000000000000000e+00
0.000000000000000000e+00
0.000000000000000000e+00
0.000000000000000000e+00
0.000000000000000000e+00
0.000000000000000000e+00
0.000000000000000000e+00
0.000000000000000000e+00
0.000000000000000000e+00
0.000000000000000000e+00
0.000000000000000000e+00
0.000000000000000000e+00
0.000000000000000000e+00
0.000000000000000000e+00
0.000000000000000000e+00
0.000000000000000000e+00
0.000000000000000000e+00
0.000000000000000000e+00
0.000000000000000000e+00
0.000000000000000000e+00
0.000000000000000000e+00
0.000000000000000000e+00
0.000000000000000000e+00
0.000000000000000000e+00
0.000000000000000000e+00
0.000000000000000000e+00
0.000000000000000000e+00
0.000000000000000000e+00
0.000000000000000000e+00
0.000000000000000000e+00
0.000000000000000000e+00
0.000000000000000000e+00
0.000000000000000000e+00
0.000000000000000000e+00
0.000000000000000000e+00
0.000000000000000000e+00
0.000000000000000000e+00
0.000000000000000000e+00
0.000000000000000000e+00
0.000000000000000000e+00
0.000000000000000000e+00
0.000000000000000000e+00
0.000000000000000000e+00
0.000000000000000000e+00
0.000000000000000000e+00
0.000000000000000000e+00
0.000000000000000000e+00
0.000000000000000000e+00
0.000000000000000000e+00
0.000000000000000000e+00
0.000000000000000000e+00
0.000000000000000000e+00
0.000000000000000000e+00
0.000000000000000000e+00
0.000000000000000000e+00
0.000000000000000000e+00
0.000000000000000000e+00
0.000000000000000000e+00
0.000000000000000000e+00
0.000000000000000000e+00
0.000000000000000000e+00
0.000000000000000000e+00
0.000000000000000000e+00
0.000000000000000000e+00
0.000000000000000000e+00
0.000000000000000000e+00
0.000000000000000000e+00
0.000000000000000000e+00
0.000000000000000000e+00
0.000000000000000000e+00
0.000000000000000000e+00
0.000000000000000000e+00
0.000000000000000000e+00
0.000000000000000000e+00
0.000000000000000000e+00
0.000000000000000000e+00
0.000000000000000000e+00
0.000000000000000000e+00
0.000000000000000000e+00
0.000000000000000000e+00
0.000000000000000000e+00
0.000000000000000000e+00
0.000000000000000000e+00
0.000000000000000000e+00
0.000000000000000000e+00
0.000000000000000000e+00
0.000000000000000000e+00
0.000000000000000000e+00
0.000000000000000000e+00
0.000000000000000000e+00
0.000000000000000000e+00
0.000000000000000000e+00
0.000000000000000000e+00
0.000000000000000000e+00
0.000000000000000000e+00
0.000000000000000000e+00
0.000000000000000000e+00
0.000000000000000000e+00
0.000000000000000000e+00
0.000000000000000000e+00
0.000000000000000000e+00
0.000000000000000000e+00
0.000000000000000000e+00
0.000000000000000000e+00
0.000000000000000000e+00
0.000000000000000000e+00
0.000000000000000000e+00
0.000000000000000000e+00
0.000000000000000000e+00
0.000000000000000000e+00
0.000000000000000000e+00
0.000000000000000000e+00
0.000000000000000000e+00
0.000000000000000000e+00
0.000000000000000000e+00
0.000000000000000000e+00
0.000000000000000000e+00
0.000000000000000000e+00
0.000000000000000000e+00
0.000000000000000000e+00
0.000000000000000000e+00
0.000000000000000000e+00
0.000000000000000000e+00
0.000000000000000000e+00
0.000000000000000000e+00
0.000000000000000000e+00
0.000000000000000000e+00
0.000000000000000000e+00
0.000000000000000000e+00
0.000000000000000000e+00
0.000000000000000000e+00
0.000000000000000000e+00
0.000000000000000000e+00
0.000000000000000000e+00
0.000000000000000000e+00
0.000000000000000000e+00
0.000000000000000000e+00
0.000000000000000000e+00
0.000000000000000000e+00
0.000000000000000000e+00
0.000000000000000000e+00
0.000000000000000000e+00
0.000000000000000000e+00
0.000000000000000000e+00
0.000000000000000000e+00
0.000000000000000000e+00
0.000000000000000000e+00
0.000000000000000000e+00
0.000000000000000000e+00
0.000000000000000000e+00
0.000000000000000000e+00
0.000000000000000000e+00
0.000000000000000000e+00
0.000000000000000000e+00
0.000000000000000000e+00
0.000000000000000000e+00
0.000000000000000000e+00
0.000000000000000000e+00
0.000000000000000000e+00
0.000000000000000000e+00
0.000000000000000000e+00
0.000000000000000000e+00
0.000000000000000000e+00
0.000000000000000000e+00
0.000000000000000000e+00
0.000000000000000000e+00
0.000000000000000000e+00
0.000000000000000000e+00
0.000000000000000000e+00
0.000000000000000000e+00
0.000000000000000000e+00
0.000000000000000000e+00
0.000000000000000000e+00
0.000000000000000000e+00
0.000000000000000000e+00
0.000000000000000000e+00
0.000000000000000000e+00
0.000000000000000000e+00
0.000000000000000000e+00
0.000000000000000000e+00
0.000000000000000000e+00
0.000000000000000000e+00
0.000000000000000000e+00
0.000000000000000000e+00
0.000000000000000000e+00
0.000000000000000000e+00
0.000000000000000000e+00
0.000000000000000000e+00
0.000000000000000000e+00
0.000000000000000000e+00
0.000000000000000000e+00
0.000000000000000000e+00
0.000000000000000000e+00
0.000000000000000000e+00
0.000000000000000000e+00
0.000000000000000000e+00
0.000000000000000000e+00
0.000000000000000000e+00
0.000000000000000000e+00
0.000000000000000000e+00
0.000000000000000000e+00
0.000000000000000000e+00
0.000000000000000000e+00
0.000000000000000000e+00
0.000000000000000000e+00
0.000000000000000000e+00
0.000000000000000000e+00
0.000000000000000000e+00
0.000000000000000000e+00
0.000000000000000000e+00
0.000000000000000000e+00
0.000000000000000000e+00
0.000000000000000000e+00
0.000000000000000000e+00
0.000000000000000000e+00
0.000000000000000000e+00
0.000000000000000000e+00
0.000000000000000000e+00
0.000000000000000000e+00
0.000000000000000000e+00
0.000000000000000000e+00
0.000000000000000000e+00
0.000000000000000000e+00
0.000000000000000000e+00
0.000000000000000000e+00
0.000000000000000000e+00
0.000000000000000000e+00
0.000000000000000000e+00
0.000000000000000000e+00
0.000000000000000000e+00
0.000000000000000000e+00
0.000000000000000000e+00
0.000000000000000000e+00
0.000000000000000000e+00
0.000000000000000000e+00
0.000000000000000000e+00
0.000000000000000000e+00
0.000000000000000000e+00
0.000000000000000000e+00
0.000000000000000000e+00
0.000000000000000000e+00
0.000000000000000000e+00
0.000000000000000000e+00
0.000000000000000000e+00
0.000000000000000000e+00
0.000000000000000000e+00
0.000000000000000000e+00
0.000000000000000000e+00
0.000000000000000000e+00
0.000000000000000000e+00
0.000000000000000000e+00
0.000000000000000000e+00
0.000000000000000000e+00
0.000000000000000000e+00
0.000000000000000000e+00
0.000000000000000000e+00
0.000000000000000000e+00
0.000000000000000000e+00
0.000000000000000000e+00
0.000000000000000000e+00
0.000000000000000000e+00
0.000000000000000000e+00
0.000000000000000000e+00
0.000000000000000000e+00
0.000000000000000000e+00
0.000000000000000000e+00
0.000000000000000000e+00
0.000000000000000000e+00
0.000000000000000000e+00
0.000000000000000000e+00
0.000000000000000000e+00
0.000000000000000000e+00
0.000000000000000000e+00
0.000000000000000000e+00
0.000000000000000000e+00
0.000000000000000000e+00
0.000000000000000000e+00
0.000000000000000000e+00
0.000000000000000000e+00
0.000000000000000000e+00
0.000000000000000000e+00
0.000000000000000000e+00
0.000000000000000000e+00
0.000000000000000000e+00
0.000000000000000000e+00
0.000000000000000000e+00
0.000000000000000000e+00
0.000000000000000000e+00
0.000000000000000000e+00
0.000000000000000000e+00
0.000000000000000000e+00
0.000000000000000000e+00
0.000000000000000000e+00
0.000000000000000000e+00
0.000000000000000000e+00
0.000000000000000000e+00
0.000000000000000000e+00
0.000000000000000000e+00
0.000000000000000000e+00
0.000000000000000000e+00
0.000000000000000000e+00
0.000000000000000000e+00
0.000000000000000000e+00
0.000000000000000000e+00
0.000000000000000000e+00
0.000000000000000000e+00
0.000000000000000000e+00
0.000000000000000000e+00
0.000000000000000000e+00
0.000000000000000000e+00
0.000000000000000000e+00
0.000000000000000000e+00
0.000000000000000000e+00
0.000000000000000000e+00
0.000000000000000000e+00
0.000000000000000000e+00
0.000000000000000000e+00
0.000000000000000000e+00
0.000000000000000000e+00
0.000000000000000000e+00
0.000000000000000000e+00
0.000000000000000000e+00
0.000000000000000000e+00
0.000000000000000000e+00
0.000000000000000000e+00
0.000000000000000000e+00
0.000000000000000000e+00
0.000000000000000000e+00
0.000000000000000000e+00
0.000000000000000000e+00
0.000000000000000000e+00
0.000000000000000000e+00
0.000000000000000000e+00
0.000000000000000000e+00
0.000000000000000000e+00
0.000000000000000000e+00
0.000000000000000000e+00
0.000000000000000000e+00
0.000000000000000000e+00
0.000000000000000000e+00
0.000000000000000000e+00
0.000000000000000000e+00
0.000000000000000000e+00
0.000000000000000000e+00
0.000000000000000000e+00
0.000000000000000000e+00
0.000000000000000000e+00
0.000000000000000000e+00
0.000000000000000000e+00
0.000000000000000000e+00
0.000000000000000000e+00
0.000000000000000000e+00
0.000000000000000000e+00
0.000000000000000000e+00
0.000000000000000000e+00
0.000000000000000000e+00
0.000000000000000000e+00
0.000000000000000000e+00
0.000000000000000000e+00
0.000000000000000000e+00
0.000000000000000000e+00
0.000000000000000000e+00
0.000000000000000000e+00
0.000000000000000000e+00
0.000000000000000000e+00
0.000000000000000000e+00
0.000000000000000000e+00
0.000000000000000000e+00
0.000000000000000000e+00
0.000000000000000000e+00
0.000000000000000000e+00
0.000000000000000000e+00
0.000000000000000000e+00
0.000000000000000000e+00
0.000000000000000000e+00
0.000000000000000000e+00
0.000000000000000000e+00
0.000000000000000000e+00
0.000000000000000000e+00
0.000000000000000000e+00
0.000000000000000000e+00
0.000000000000000000e+00
0.000000000000000000e+00
0.000000000000000000e+00
0.000000000000000000e+00
0.000000000000000000e+00
0.000000000000000000e+00
0.000000000000000000e+00
0.000000000000000000e+00
0.000000000000000000e+00
0.000000000000000000e+00
0.000000000000000000e+00
0.000000000000000000e+00
0.000000000000000000e+00
0.000000000000000000e+00
0.000000000000000000e+00
0.000000000000000000e+00
0.000000000000000000e+00
0.000000000000000000e+00
0.000000000000000000e+00
0.000000000000000000e+00
0.000000000000000000e+00
0.000000000000000000e+00
0.000000000000000000e+00
0.000000000000000000e+00
0.000000000000000000e+00
0.000000000000000000e+00
0.000000000000000000e+00
0.000000000000000000e+00
0.000000000000000000e+00
0.000000000000000000e+00
0.000000000000000000e+00
0.000000000000000000e+00
0.000000000000000000e+00
0.000000000000000000e+00
0.000000000000000000e+00
0.000000000000000000e+00
0.000000000000000000e+00
0.000000000000000000e+00
0.000000000000000000e+00
0.000000000000000000e+00
0.000000000000000000e+00
0.000000000000000000e+00
0.000000000000000000e+00
0.000000000000000000e+00
0.000000000000000000e+00
0.000000000000000000e+00
0.000000000000000000e+00
0.000000000000000000e+00
0.000000000000000000e+00
0.000000000000000000e+00
0.000000000000000000e+00
0.000000000000000000e+00
0.000000000000000000e+00
0.000000000000000000e+00
0.000000000000000000e+00
0.000000000000000000e+00
0.000000000000000000e+00
0.000000000000000000e+00
0.000000000000000000e+00
0.000000000000000000e+00
0.000000000000000000e+00
0.000000000000000000e+00
0.000000000000000000e+00
0.000000000000000000e+00
0.000000000000000000e+00
0.000000000000000000e+00
0.000000000000000000e+00
0.000000000000000000e+00
0.000000000000000000e+00
0.000000000000000000e+00
0.000000000000000000e+00
0.000000000000000000e+00
0.000000000000000000e+00
0.000000000000000000e+00
0.000000000000000000e+00
0.000000000000000000e+00
0.000000000000000000e+00
0.000000000000000000e+00
0.000000000000000000e+00
0.000000000000000000e+00
0.000000000000000000e+00
0.000000000000000000e+00
0.000000000000000000e+00
0.000000000000000000e+00
0.000000000000000000e+00
0.000000000000000000e+00
0.000000000000000000e+00
0.000000000000000000e+00
0.000000000000000000e+00
0.000000000000000000e+00
0.000000000000000000e+00
0.000000000000000000e+00
0.000000000000000000e+00
0.000000000000000000e+00
0.000000000000000000e+00
0.000000000000000000e+00
0.000000000000000000e+00
0.000000000000000000e+00
0.000000000000000000e+00
0.000000000000000000e+00
0.000000000000000000e+00
0.000000000000000000e+00
0.000000000000000000e+00
0.000000000000000000e+00
0.000000000000000000e+00
0.000000000000000000e+00
0.000000000000000000e+00
0.000000000000000000e+00
0.000000000000000000e+00
0.000000000000000000e+00
0.000000000000000000e+00
0.000000000000000000e+00
0.000000000000000000e+00
0.000000000000000000e+00
0.000000000000000000e+00
0.000000000000000000e+00
0.000000000000000000e+00
0.000000000000000000e+00
0.000000000000000000e+00
0.000000000000000000e+00
0.000000000000000000e+00
0.000000000000000000e+00
0.000000000000000000e+00
0.000000000000000000e+00
0.000000000000000000e+00
0.000000000000000000e+00
0.000000000000000000e+00
0.000000000000000000e+00
0.000000000000000000e+00
0.000000000000000000e+00
0.000000000000000000e+00
0.000000000000000000e+00
0.000000000000000000e+00
0.000000000000000000e+00
0.000000000000000000e+00
0.000000000000000000e+00
0.000000000000000000e+00
0.000000000000000000e+00
0.000000000000000000e+00
0.000000000000000000e+00
0.000000000000000000e+00
0.000000000000000000e+00
0.000000000000000000e+00
0.000000000000000000e+00
0.000000000000000000e+00
0.000000000000000000e+00
0.000000000000000000e+00
0.000000000000000000e+00
0.000000000000000000e+00
0.000000000000000000e+00
0.000000000000000000e+00
0.000000000000000000e+00
0.000000000000000000e+00
0.000000000000000000e+00
0.000000000000000000e+00
0.000000000000000000e+00
0.000000000000000000e+00
0.000000000000000000e+00
0.000000000000000000e+00
0.000000000000000000e+00
0.000000000000000000e+00
0.000000000000000000e+00
0.000000000000000000e+00
0.000000000000000000e+00
0.000000000000000000e+00
0.000000000000000000e+00
0.000000000000000000e+00
0.000000000000000000e+00
0.000000000000000000e+00
0.000000000000000000e+00
0.000000000000000000e+00
0.000000000000000000e+00
0.000000000000000000e+00
0.000000000000000000e+00
0.000000000000000000e+00
0.000000000000000000e+00
0.000000000000000000e+00
0.000000000000000000e+00
0.000000000000000000e+00
0.000000000000000000e+00
0.000000000000000000e+00
0.000000000000000000e+00
0.000000000000000000e+00
0.000000000000000000e+00
0.000000000000000000e+00
0.000000000000000000e+00
0.000000000000000000e+00
0.000000000000000000e+00
0.000000000000000000e+00
0.000000000000000000e+00
0.000000000000000000e+00
0.000000000000000000e+00
0.000000000000000000e+00
0.000000000000000000e+00
0.000000000000000000e+00
0.000000000000000000e+00
0.000000000000000000e+00
0.000000000000000000e+00
0.000000000000000000e+00
0.000000000000000000e+00
0.000000000000000000e+00
0.000000000000000000e+00
0.000000000000000000e+00
0.000000000000000000e+00
0.000000000000000000e+00
0.000000000000000000e+00
0.000000000000000000e+00
0.000000000000000000e+00
0.000000000000000000e+00
0.000000000000000000e+00
0.000000000000000000e+00
0.000000000000000000e+00
0.000000000000000000e+00
0.000000000000000000e+00
0.000000000000000000e+00
0.000000000000000000e+00
0.000000000000000000e+00
0.000000000000000000e+00
0.000000000000000000e+00
0.000000000000000000e+00
0.000000000000000000e+00
0.000000000000000000e+00
0.000000000000000000e+00
0.000000000000000000e+00
0.000000000000000000e+00
0.000000000000000000e+00
0.000000000000000000e+00
0.000000000000000000e+00
0.000000000000000000e+00
0.000000000000000000e+00
0.000000000000000000e+00
0.000000000000000000e+00
0.000000000000000000e+00
0.000000000000000000e+00
0.000000000000000000e+00
0.000000000000000000e+00
0.000000000000000000e+00
0.000000000000000000e+00
0.000000000000000000e+00
0.000000000000000000e+00
0.000000000000000000e+00
0.000000000000000000e+00
0.000000000000000000e+00
0.000000000000000000e+00
0.000000000000000000e+00
0.000000000000000000e+00
0.000000000000000000e+00
0.000000000000000000e+00
0.000000000000000000e+00
0.000000000000000000e+00
0.000000000000000000e+00
0.000000000000000000e+00
0.000000000000000000e+00
0.000000000000000000e+00
0.000000000000000000e+00
0.000000000000000000e+00
0.000000000000000000e+00
0.000000000000000000e+00
0.000000000000000000e+00
0.000000000000000000e+00
0.000000000000000000e+00
0.000000000000000000e+00
0.000000000000000000e+00
0.000000000000000000e+00
0.000000000000000000e+00
0.000000000000000000e+00
0.000000000000000000e+00
0.000000000000000000e+00
0.000000000000000000e+00
0.000000000000000000e+00
0.000000000000000000e+00
0.000000000000000000e+00
0.000000000000000000e+00
0.000000000000000000e+00
0.000000000000000000e+00
0.000000000000000000e+00
0.000000000000000000e+00
0.000000000000000000e+00
0.000000000000000000e+00
0.000000000000000000e+00
0.000000000000000000e+00
0.000000000000000000e+00
0.000000000000000000e+00
0.000000000000000000e+00
0.000000000000000000e+00
0.000000000000000000e+00
0.000000000000000000e+00
0.000000000000000000e+00
0.000000000000000000e+00
0.000000000000000000e+00
0.000000000000000000e+00
0.000000000000000000e+00
0.000000000000000000e+00
0.000000000000000000e+00
0.000000000000000000e+00
0.000000000000000000e+00
0.000000000000000000e+00
0.000000000000000000e+00
0.000000000000000000e+00
0.000000000000000000e+00
0.000000000000000000e+00
0.000000000000000000e+00
0.000000000000000000e+00
0.000000000000000000e+00
0.000000000000000000e+00
0.000000000000000000e+00
0.000000000000000000e+00
0.000000000000000000e+00
0.000000000000000000e+00
0.000000000000000000e+00
0.000000000000000000e+00
0.000000000000000000e+00
0.000000000000000000e+00
0.000000000000000000e+00
0.000000000000000000e+00
0.000000000000000000e+00
0.000000000000000000e+00
0.000000000000000000e+00
0.000000000000000000e+00
0.000000000000000000e+00
0.000000000000000000e+00
0.000000000000000000e+00
0.000000000000000000e+00
0.000000000000000000e+00
0.000000000000000000e+00
0.000000000000000000e+00
0.000000000000000000e+00
0.000000000000000000e+00
0.000000000000000000e+00
0.000000000000000000e+00
0.000000000000000000e+00
0.000000000000000000e+00
0.000000000000000000e+00
0.000000000000000000e+00
0.000000000000000000e+00
0.000000000000000000e+00
0.000000000000000000e+00
0.000000000000000000e+00
0.000000000000000000e+00
0.000000000000000000e+00
0.000000000000000000e+00
0.000000000000000000e+00
0.000000000000000000e+00
0.000000000000000000e+00
0.000000000000000000e+00
0.000000000000000000e+00
0.000000000000000000e+00
0.000000000000000000e+00
0.000000000000000000e+00
0.000000000000000000e+00
0.000000000000000000e+00
0.000000000000000000e+00
0.000000000000000000e+00
0.000000000000000000e+00
0.000000000000000000e+00
0.000000000000000000e+00
0.000000000000000000e+00
0.000000000000000000e+00
0.000000000000000000e+00
0.000000000000000000e+00
0.000000000000000000e+00
0.000000000000000000e+00
0.000000000000000000e+00
0.000000000000000000e+00
0.000000000000000000e+00
0.000000000000000000e+00
0.000000000000000000e+00
0.000000000000000000e+00
0.000000000000000000e+00
0.000000000000000000e+00
0.000000000000000000e+00
0.000000000000000000e+00
0.000000000000000000e+00
0.000000000000000000e+00
0.000000000000000000e+00
0.000000000000000000e+00
0.000000000000000000e+00
0.000000000000000000e+00
0.000000000000000000e+00
0.000000000000000000e+00
0.000000000000000000e+00
0.000000000000000000e+00
0.000000000000000000e+00
0.000000000000000000e+00
0.000000000000000000e+00
0.000000000000000000e+00
0.000000000000000000e+00
0.000000000000000000e+00
0.000000000000000000e+00
0.000000000000000000e+00
0.000000000000000000e+00
0.000000000000000000e+00
0.000000000000000000e+00
0.000000000000000000e+00
0.000000000000000000e+00
0.000000000000000000e+00
0.000000000000000000e+00
0.000000000000000000e+00
0.000000000000000000e+00
0.000000000000000000e+00
0.000000000000000000e+00
0.000000000000000000e+00
0.000000000000000000e+00
0.000000000000000000e+00
0.000000000000000000e+00
0.000000000000000000e+00
0.000000000000000000e+00
0.000000000000000000e+00
0.000000000000000000e+00
0.000000000000000000e+00
0.000000000000000000e+00
0.000000000000000000e+00
0.000000000000000000e+00
0.000000000000000000e+00
0.000000000000000000e+00
0.000000000000000000e+00
0.000000000000000000e+00
0.000000000000000000e+00
0.000000000000000000e+00
0.000000000000000000e+00
0.000000000000000000e+00
0.000000000000000000e+00
0.000000000000000000e+00
0.000000000000000000e+00
0.000000000000000000e+00
0.000000000000000000e+00
0.000000000000000000e+00
0.000000000000000000e+00
0.000000000000000000e+00
0.000000000000000000e+00
0.000000000000000000e+00
0.000000000000000000e+00
0.000000000000000000e+00
0.000000000000000000e+00
0.000000000000000000e+00
0.000000000000000000e+00
0.000000000000000000e+00
0.000000000000000000e+00
0.000000000000000000e+00
0.000000000000000000e+00
0.000000000000000000e+00
0.000000000000000000e+00
0.000000000000000000e+00
0.000000000000000000e+00
0.000000000000000000e+00
0.000000000000000000e+00
0.000000000000000000e+00
0.000000000000000000e+00
0.000000000000000000e+00
0.000000000000000000e+00
0.000000000000000000e+00
0.000000000000000000e+00
0.000000000000000000e+00
0.000000000000000000e+00
0.000000000000000000e+00
0.000000000000000000e+00
0.000000000000000000e+00
0.000000000000000000e+00
0.000000000000000000e+00
0.000000000000000000e+00
0.000000000000000000e+00
0.000000000000000000e+00
0.000000000000000000e+00
0.000000000000000000e+00
0.000000000000000000e+00
0.000000000000000000e+00
0.000000000000000000e+00
0.000000000000000000e+00
0.000000000000000000e+00
0.000000000000000000e+00
0.000000000000000000e+00
0.000000000000000000e+00
0.000000000000000000e+00
0.000000000000000000e+00
0.000000000000000000e+00
0.000000000000000000e+00
0.000000000000000000e+00
0.000000000000000000e+00
0.000000000000000000e+00
0.000000000000000000e+00
0.000000000000000000e+00
0.000000000000000000e+00
0.000000000000000000e+00
0.000000000000000000e+00
0.000000000000000000e+00
0.000000000000000000e+00
0.000000000000000000e+00
0.000000000000000000e+00
0.000000000000000000e+00
0.000000000000000000e+00
0.000000000000000000e+00
0.000000000000000000e+00
0.000000000000000000e+00
0.000000000000000000e+00
0.000000000000000000e+00
0.000000000000000000e+00
0.000000000000000000e+00
0.000000000000000000e+00
0.000000000000000000e+00
0.000000000000000000e+00
0.000000000000000000e+00
0.000000000000000000e+00
0.000000000000000000e+00
0.000000000000000000e+00
0.000000000000000000e+00
0.000000000000000000e+00
0.000000000000000000e+00
0.000000000000000000e+00
0.000000000000000000e+00
0.000000000000000000e+00
0.000000000000000000e+00
0.000000000000000000e+00
0.000000000000000000e+00
0.000000000000000000e+00
0.000000000000000000e+00
0.000000000000000000e+00
0.000000000000000000e+00
0.000000000000000000e+00
0.000000000000000000e+00
0.000000000000000000e+00
0.000000000000000000e+00
0.000000000000000000e+00
0.000000000000000000e+00
0.000000000000000000e+00
0.000000000000000000e+00
0.000000000000000000e+00
0.000000000000000000e+00
0.000000000000000000e+00
0.000000000000000000e+00
0.000000000000000000e+00
0.000000000000000000e+00
0.000000000000000000e+00
0.000000000000000000e+00
0.000000000000000000e+00
0.000000000000000000e+00
0.000000000000000000e+00
0.000000000000000000e+00
0.000000000000000000e+00
0.000000000000000000e+00
0.000000000000000000e+00
0.000000000000000000e+00
0.000000000000000000e+00
0.000000000000000000e+00
0.000000000000000000e+00
0.000000000000000000e+00
0.000000000000000000e+00
0.000000000000000000e+00
0.000000000000000000e+00
0.000000000000000000e+00
0.000000000000000000e+00
0.000000000000000000e+00
0.000000000000000000e+00
0.000000000000000000e+00
0.000000000000000000e+00
0.000000000000000000e+00
0.000000000000000000e+00
0.000000000000000000e+00
0.000000000000000000e+00
0.000000000000000000e+00
0.000000000000000000e+00
