3.339994177372344235e-05
1.502711209648572427e-04
2.670836969794824199e-04
3.838362303350701115e-04
5.005272815490915093e-04
6.171554111390177783e-04
7.337191796223203541e-04
8.502171475164700763e-04
9.666478753389385432e-04
1.083009923607196811e-03
1.199301852838715937e-03
1.315522223550967843e-03
1.431669596261422612e-03
1.547742531487551840e-03
1.663739589746827344e-03
1.779659331556719421e-03
1.895500317434700103e-03
2.011261107898240554e-03
2.126940263464810639e-03
2.242536344651883690e-03
2.358047911976929138e-03
2.473473525957419449e-03
2.588811747110824485e-03
2.704061135954616713e-03
2.819220253006266864e-03
2.934287658783245670e-03
3.049261913803025595e-03
3.164141578583076504e-03
3.278925213640869994e-03
3.393611379493878533e-03
3.508198636659571115e-03
3.622685545655421509e-03
3.737070666998897842e-03
3.851352561207473015e-03
3.965529788798619060e-03
4.079600910289805406e-03
4.193564486198505387e-03
4.307419077042188432e-03
4.421163243338326575e-03
4.534795545604390112e-03
4.648314544357851942e-03
4.761718800116180629e-03
4.875006873396849939e-03
4.988177324717331905e-03
5.101228714595093354e-03
5.214159603547609788e-03
5.326968552092348902e-03
5.439654120746785330e-03
5.552214870028389371e-03
5.664649360454628718e-03
5.776956152542979742e-03
5.889133806810910136e-03
6.001180883775892802e-03
6.113095943955398903e-03
6.224877547866898737e-03
6.336524256027864337e-03
6.448034628955766866e-03
6.559407227168075755e-03
6.670640611182265638e-03
6.781733341515802475e-03
6.892683978686162637e-03
7.003491083210817286e-03
7.114153215607234119e-03
7.224668936392886036e-03
7.335036806085245067e-03
7.445255385201780644e-03
7.555323234259963931e-03
7.665238913777267828e-03
7.775000984271164366e-03
7.884608006259122975e-03
7.994058540258612219e-03
8.103351146787110201e-03
8.212484386362082014e-03
8.321456819500999691e-03
8.430267006721338732e-03
8.538913508540564232e-03
8.647394885476153426e-03
8.755709698045574876e-03
8.863856506766297147e-03
8.971833872155794004e-03
9.079640354731537480e-03
9.187274515010996137e-03
9.294734913511645477e-03
9.402020110750954063e-03
9.509128667246388722e-03
9.616059143515430160e-03
9.722810100075541737e-03
9.829380097444198952e-03
9.935767696138872104e-03
1.004197145667702802e-02
1.014798993957614741e-02
1.025382170535368842e-02
1.035946531452713697e-02
1.046491932761395294e-02
1.057018230513161183e-02
1.067525280759758222e-02
1.078012939552934132e-02
1.088481062944435598e-02
1.098929506986009649e-02
1.109358127729403662e-02
1.119766781226364319e-02
1.130155323528639691e-02
1.140523610687975767e-02
1.150871498756120617e-02
1.161198843784820404e-02
1.171505501825823373e-02
1.181791328930875684e-02
1.192056181151724889e-02
1.202299914540118191e-02
1.212522385147802272e-02
1.222723449026524682e-02
1.232902962228032279e-02
1.243060780804072438e-02
1.253196760806392189e-02
1.263310758286738736e-02
1.273402629296858588e-02
1.283472229888499988e-02
1.293519416113408753e-02
1.303544044023333126e-02
1.313545969670019790e-02
1.323525049105215776e-02
1.333481138380668458e-02
1.343414093548124175e-02
1.353323770659331515e-02
1.363210025766036122e-02
1.373072714919986066e-02
1.382911694172927683e-02
1.392726819576608696e-02
1.402517947182776309e-02
1.412284933043177204e-02
1.422027633209558758e-02
1.431745903733668002e-02
1.441439600667252310e-02
1.451108580062058194e-02
1.460752697969833896e-02
1.470371810442325233e-02
1.479965773531280449e-02
1.489534443288445531e-02
1.499077675765568204e-02
1.508595327014395499e-02
1.518087253086674963e-02
1.527553310034153282e-02
1.536993353908577484e-02
1.546403965992039845e-02
1.555759848458443222e-02
1.565056145275261698e-02
1.574293394686927458e-02
1.583472134937872686e-02
1.592592904272528698e-02
1.601656240935329240e-02
1.610662683170704934e-02
1.619612769223089180e-02
1.628507037336914334e-02
1.637346025756611020e-02
1.646130272726613331e-02
1.654860316491351541e-02
1.663536695295259396e-02
1.672159947382768561e-02
1.680730610998311392e-02
1.689249224386319553e-02
1.697716325791226097e-02
1.706132453457462339e-02
1.714498145629460985e-02
1.722813940551654391e-02
1.731080376468474569e-02
1.739297991624353182e-02
1.747467324263722935e-02
1.755588912631016185e-02
1.763663294970665291e-02
1.771691009527101915e-02
1.779672594544758069e-02
1.787608588268066456e-02
1.795499528941459436e-02
1.803345954809368670e-02
1.811148404116226865e-02
1.818907415106465683e-02
1.826623526024517830e-02
1.834297275114814968e-02
1.841929200621789803e-02
1.849519840789874345e-02
1.857069733863500605e-02
1.864579418087101634e-02
1.872049431705108055e-02
1.879480312961953614e-02
1.886872600102069628e-02
1.894226831369888453e-02
1.901543545009842101e-02
1.908823279266364317e-02
1.916066572383884684e-02
1.923273962606836945e-02
1.930445988179653460e-02
1.937583187346766239e-02
1.944686098352607292e-02
1.951755259441607937e-02
1.958791208858201918e-02
1.965794484846820900e-02
1.972765625651896892e-02
1.979705169517862254e-02
1.986613654689148994e-02
1.993491619410189125e-02
2.000339601925415003e-02
2.007158140479260028e-02
2.013947773316154474e-02
2.020709038680531741e-02
2.027442474816823145e-02
2.034148619969462432e-02
2.040828012382880571e-02
2.047481190301508880e-02
2.054108691969781797e-02
2.060711055632129945e-02
2.067288819532986377e-02
2.073842521916782408e-02
2.080372701027951091e-02
2.086879895110923741e-02
2.093364642410133411e-02
2.099827481170011764e-02
2.106268949634991505e-02
2.112689586049504298e-02
2.119089928657982153e-02
2.125470515704858815e-02
2.131831885434564908e-02
2.138174576091532442e-02
2.144499125920194815e-02
2.150806073164983345e-02
2.157095956070331083e-02
2.163369312880668999e-02
2.169626681840430144e-02
2.175868601194046875e-02
2.182095609185950857e-02
2.188308244060574795e-02
2.194507044062350351e-02
2.200692547435709537e-02
2.206865292425086097e-02
2.213025817274909615e-02
2.219174660229615223e-02
2.225312359533632850e-02
2.231439453431395895e-02
2.237556480167335674e-02
2.243663977985885932e-02
2.249762485131476947e-02
2.255852539848542462e-02
2.261934680381513102e-02
2.268009444974822611e-02
2.274077371872903347e-02
2.280138999320185586e-02
2.286194865561103073e-02
2.292245508840087473e-02
2.298291467401571142e-02
2.304333279489986785e-02
2.310371483349765720e-02
2.316406617225339956e-02
2.322439219361142546e-02
2.328469828001605846e-02
2.334498981391161174e-02
2.340527217774241234e-02
2.346555075395278384e-02
2.352583092498704287e-02
2.358611807328951648e-02
2.364641758130452132e-02
2.370673483147638788e-02
2.376707520624942588e-02
2.382744408806796929e-02
2.388784685937633476e-02
2.394828890261884585e-02
2.400877560023982268e-02
2.406931233468358536e-02
2.412990448839445745e-02
2.419055744381676601e-02
2.425127658339482767e-02
2.431206728957295907e-02
2.437293494479549766e-02
2.443388493150675661e-02
2.449492263215105256e-02
2.455605342917271602e-02
2.461728270501606711e-02
2.467861584212542592e-02
2.474005822294511603e-02
2.480161522991945408e-02
2.486329224549277059e-02
2.492509465210938219e-02
2.498702783221360899e-02
2.504909716824978150e-02
2.511130804266221289e-02
2.517366583789522327e-02
2.523617593639314663e-02
2.529884372060029959e-02
2.536167457296100228e-02
2.542467387591957478e-02
2.548784701192033722e-02
2.555119936340762704e-02
2.561473631282574701e-02
2.567846324261902763e-02
2.574238553523178902e-02
2.580650857310836169e-02
2.587083773869305534e-02
2.593537841443019701e-02
2.600013598276411028e-02
2.606511582613911873e-02
2.613032332699953900e-02
2.619576386778969118e-02
2.626144283095390233e-02
2.632736559893650644e-02
2.639353755418179584e-02
2.645996407913411841e-02
2.652665055623778037e-02
2.659360236793711918e-02
2.666082489667644106e-02
2.672832352490007654e-02
2.679610363505235265e-02
2.686417060957758257e-02
2.693252983092008293e-02
2.700118668152418425e-02
2.707014654383421356e-02
2.713941480029448405e-02
2.720899683334932276e-02
2.727889802544304632e-02
2.734912375901998524e-02
2.741967941652444229e-02
2.749057038040076881e-02
2.756180203309326407e-02
2.763337975704626207e-02
2.770530893470408290e-02
2.777759494851103628e-02
2.785024318091145618e-02
2.792325901434966270e-02
2.799664783126998291e-02
2.807041501411672649e-02
2.814456594533422742e-02
2.821910600736679542e-02
2.829404058265876792e-02
2.836937505365444770e-02
2.844511480279816526e-02
2.852126521253426153e-02
2.859783166530703233e-02
2.867481954356080470e-02
2.875223422973990570e-02
2.883008110628866930e-02
2.890836555565139479e-02
2.898709296027241616e-02
2.906626870259604312e-02
2.914589816506662351e-02
2.922598673012846010e-02
2.930653978022587994e-02
2.938756269780318925e-02
2.946906086530474631e-02
2.955103966517483652e-02
2.963350447985779040e-02
2.971646069179794541e-02
2.979991368343962860e-02
2.988386883722712883e-02
2.996833153560478705e-02
3.005330716101693722e-02
3.013880109590787865e-02
3.022481872272194531e-02
3.031136542390345384e-02
3.039844658189674517e-02
3.048606757914611512e-02
3.057423379809589073e-02
3.066295062119040946e-02
3.075222343087397753e-02
3.084205760959092893e-02
3.093245853978558377e-02
3.102343160390225868e-02
3.111498218438526683e-02
3.120711566367894221e-02
3.129983742422762227e-02
3.139315284847559590e-02
3.148706731886720400e-02
3.158158621784678405e-02
3.167671492785861104e-02
3.177245883134705018e-02
3.186882331075640423e-02
3.196581374853100371e-02
3.206343552711517220e-02
3.216169402895321938e-02
3.226059463648947578e-02
3.236014273216825804e-02
3.246034369843388973e-02
3.256120291773070136e-02
3.266272577250300957e-02
3.276491764519513100e-02
3.286778391825139617e-02
3.297132997411612171e-02
3.307556119523363120e-02
3.318048296404824821e-02
3.328610066300427550e-02
3.339241967454607135e-02
3.349944538111793157e-02
3.360718316516420057e-02
3.371563840912916721e-02
3.382481649545717589e-02
3.393472280659254325e-02
3.404536272497959287e-02
3.415674163306264832e-02
3.426886491328601930e-02
3.438173794809405714e-02
3.449536611993105073e-02
3.460975481124133751e-02
3.472490940446923413e-02
3.484083528205906416e-02
3.495753782645516505e-02
3.507502242010183957e-02
3.519329444544341823e-02
3.531235928492421766e-02
3.543222232098856839e-02
3.555288893608076622e-02
3.567436451264516944e-02
3.579665443312608081e-02
3.591976407996783083e-02
3.604369883561472920e-02
3.616846408251109951e-02
3.629406520310127920e-02
3.642050757982958492e-02
3.654779659514032636e-02
3.667593763147782709e-02
3.680493607128642458e-02
3.693479729701043546e-02
3.706552669109416248e-02
3.719712963598195699e-02
3.732961151411812867e-02
3.746297770794698723e-02
3.759723359991287012e-02
3.773238457246008010e-02
3.786843600803296850e-02
3.800539328907584502e-02
3.814326179803301936e-02
3.828204691734882897e-02
3.842175402946759050e-02
3.856238851683360669e-02
3.870459387588227190e-02
3.884995788768063479e-02
3.899855145422313762e-02
3.915037051994367523e-02
3.930541102927614938e-02
3.946366892665448961e-02
3.962514015651258381e-02
3.978982066328433376e-02
3.995770639140366898e-02
4.012879328530448431e-02
4.030307728942068846e-02
4.048055434818617626e-02
4.066122040603488419e-02
4.084507140740069320e-02
4.103210329671750506e-02
4.122231201841924236e-02
4.141569351693982076e-02
4.161224373671313509e-02
4.181195862217308018e-02
4.201483411775358556e-02
4.222086616788854607e-02
4.243005071701185654e-02
4.264238370955744650e-02
4.285786108995921773e-02
4.307647880265107893e-02
4.329823279206692493e-02
4.352311900264067834e-02
4.375113337880622705e-02
4.398227186499749364e-02
4.421653040564834519e-02
4.445390494519275981e-02
4.469439142806460458e-02
4.493798579869778820e-02
4.518468400152621245e-02
4.543448198098379992e-02
4.568737568150443157e-02
4.594336104752202304e-02
4.620243402347051082e-02
4.646459055378377584e-02
4.672982658289573377e-02
4.699813805524028637e-02
4.726952091525133542e-02
4.754397110736279658e-02
4.782148457600855079e-02
4.810205726562255535e-02
4.838568512063868426e-02
4.867236408549084625e-02
4.896209010461296390e-02
4.925485912243891817e-02
4.955066708340263859e-02
4.984950993193801999e-02
5.015138361247895027e-02
5.045628406945938671e-02
5.076420724731320333e-02
5.107514909047431578e-02
5.138910554337662584e-02
5.170607255045403527e-02
5.202604605614046668e-02
5.234902200486979407e-02
5.267499634107596779e-02
5.300396500919287573e-02
5.333592395365441968e-02
5.367086911889451528e-02
5.400879644934707124e-02
5.434970188944598241e-02
5.469358138362512972e-02
5.504043087631849823e-02
5.539024631195992032e-02
5.574302363498335328e-02
5.609875878982269193e-02
5.645744772091181030e-02
5.681908637268465179e-02
5.718367068957510430e-02
5.755119661601704878e-02
5.792166009644445640e-02
5.829505707529119424e-02
5.867138349699119182e-02
5.905063530597832316e-02
5.943280844668653168e-02
5.981789886354969138e-02
6.020590250100169710e-02
6.059681530347651307e-02
6.099063321540802718e-02
6.138735218123012038e-02
6.178696814537672222e-02
6.218947705228170669e-02
6.259487484637903110e-02
6.300315747210252781e-02
6.341432087388619576e-02
6.382836099616388814e-02
6.424527378336952754e-02
6.466505517993700880e-02
6.508770113030025450e-02
6.551320757889317337e-02
6.594157047014960471e-02
6.637278574850355439e-02
6.680684935838888949e-02
6.724375724423951872e-02
6.768350535048932304e-02
6.812608962157223891e-02
6.857150600192218892e-02
6.901975043597302628e-02
6.947081886815868745e-02
6.992470724291308115e-02
7.038141150467012996e-02
7.084092759786372873e-02
7.130325146692777227e-02
7.176837905629616932e-02
7.223630631040284245e-02
7.270702917368164486e-02
7.318054359056655467e-02
7.365684550549145282e-02
7.413593086289027578e-02
7.461779560719687676e-02
7.510243568284517834e-02
7.558984703426910312e-02
7.608002560590251817e-02
7.657296734217937384e-02
7.706866818753359272e-02
7.756712408639904188e-02
7.806833098320964393e-02
7.857228482239930756e-02
7.907898154840192761e-02
7.958841710565139893e-02
8.010058743858161634e-02
8.061548849162658570e-02
8.113311620922011858e-02
8.165346653579616532e-02
8.217653541578860688e-02
8.270231879363135197e-02
8.323081261375833706e-02
8.376201282060338760e-02
8.429591535860050944e-02
8.483251617218356966e-02
8.537181120578649085e-02
8.591379640384315397e-02
8.645846771078749549e-02
8.700582107105336860e-02
8.755585242907469590e-02
8.810855772928545548e-02
8.866393291611947280e-02
8.922197393401071208e-02
8.978267672739304039e-02
9.034603724070038033e-02
9.091205141836664061e-02
9.148071520482571606e-02
9.205202454451147376e-02
9.262597538185791957e-02
9.320256366129890668e-02
9.378178532726831607e-02
9.436363632420012582e-02
9.494811259652818913e-02
9.553521008868641473e-02
9.612492474510865581e-02
9.671725251022895986e-02
9.731218932848112457e-02
9.790973114429911417e-02
9.850987390211678185e-02
9.911261354636809184e-02
9.971794602148691122e-02
1.003258672719070932e-01
1.009363732420626714e-01
1.015494598763874712e-01
1.021651231193154430e-01
1.027833589152804539e-01
1.034041632087164264e-01
1.040275319440572832e-01
1.046534610657368775e-01
1.052819465181891317e-01
1.059129842458480242e-01
1.065465701931473941e-01
1.071827003045211640e-01
1.078213705244032566e-01
1.084625767972275528e-01
1.091063150674280169e-01
1.097525812794384187e-01
1.104013713776928335e-01
1.110526813066250451e-01
1.117065070106690455e-01
1.123628444342586880e-01
1.130216895218278950e-01
1.136830382178105892e-01
1.143468864666406098e-01
1.150132302127519351e-01
1.156820654005785015e-01
1.163533879745541344e-01
1.170271938791127425e-01
1.177034790586883178e-01
1.183822394577146997e-01
1.190634710206258245e-01
1.197471696918555040e-01
1.204333314158377854e-01
1.211219521370065222e-01
1.218130277997955951e-01
1.225065543486389408e-01
1.232025277279704123e-01
1.239009438822240294e-01
1.246017987558335344e-01
1.253050882932330024e-01
1.260108084388562588e-01
1.267189551371372125e-01
1.274295243325097859e-01
1.281425119694078463e-01
1.288579139922653438e-01
1.295757263455161457e-01
1.302959449735942299e-01
1.310185658209334358e-01
1.317435848319676861e-01
1.324709979511309310e-01
1.332008011228569822e-01
1.339329902915799009e-01
1.346675614017333600e-01
1.354045103977515041e-01
1.361438332240681170e-01
1.368855258251171492e-01
1.376295841453324675e-01
1.383760041291480225e-01
1.391247817209976534e-01
1.398759128653153661e-01
1.406293935065349443e-01
1.413852195890904218e-01
1.421433870574156100e-01
1.429038918559444871e-01
1.436667299291109201e-01
1.444318972213488317e-01
1.451993896770920889e-01
1.459692032407746143e-01
1.467413338568303582e-01
1.475157774696931878e-01
1.482925300237970534e-01
1.490715874635758220e-01
1.498529457334633885e-01
1.506366007778936755e-01
1.514225485413005778e-01
1.522107849681180458e-01
1.530013060027799743e-01
1.537941075897202303e-01
1.545891856733727643e-01
1.553865361981714432e-01
1.561861551085502453e-01
1.569880383489429820e-01
1.577921818637835483e-01
1.585985815975059776e-01
1.594072334945441094e-01
1.602181334993318385e-01
1.610312775563031151e-01
1.618466616098917787e-01
1.626642816045317519e-01
1.634841334846569572e-01
1.643062131947013171e-01
1.651305166790987544e-01
1.659570398822831083e-01
1.667857787486883570e-01
1.676167292227483951e-01
1.684498872488971177e-01
1.692852487715683085e-01
1.701228097351960844e-01
1.709625660842142292e-01
1.718045137630566932e-01
1.726486487161573991e-01
1.734949668879501861e-01
1.743434642228690046e-01
1.751941366653477772e-01
1.760469801598203154e-01
1.769019906507205975e-01
1.777591640824826014e-01
1.786184963995401664e-01
1.794799835463271875e-01
1.803436214672776150e-01
1.812094061068252604e-01
1.820773334094040186e-01
1.829473993194480064e-01
1.838195997813909521e-01
1.846939307396668339e-01
1.855703881387095189e-01
1.864489679229529573e-01
1.873296660368309607e-01
1.882124784247774241e-01
1.890974010312264642e-01
1.899844298006118093e-01
1.908735606773674376e-01
1.917647896059272161e-01
1.926581125307250675e-01
1.935535253961949143e-01
1.944510241467705958e-01
1.953506383660026935e-01
1.962665168244484837e-01
1.972101571936114017e-01
1.981813846012221714e-01
1.991800241750114886e-01
2.002059010427100771e-01
2.012588403320487440e-01
2.023386671707581852e-01
2.034452066865691244e-01
2.045782840072123410e-01
2.057377242604185585e-01
2.069233525739182789e-01
2.081349940754426697e-01
2.093724738927222329e-01
2.106356171534877753e-01
2.119242489854699651e-01
2.132381945163996095e-01
2.145772788740073767e-01
2.159413271860240180e-01
2.173301645801802850e-01
2.187436161842069293e-01
2.201815071258346190e-01
2.216436625327941889e-01
2.231299075328163073e-01
2.246400672536317533e-01
2.261739668229709732e-01
2.277314313685651903e-01
2.293122860181450451e-01
2.309163558994410115e-01
2.325434661401840630e-01
2.341934418681048125e-01
2.358661082109339557e-01
2.375612902964023276e-01
2.392788132522407074e-01
2.410185022061797078e-01
2.427801822859501635e-01
2.445636786192827705e-01
2.463688163339082249e-01
2.481954205575573336e-01
2.500433164179607926e-01
2.519123290428490480e-01
2.538022835599533789e-01
2.557130050970043422e-01
2.576443187817326064e-01
2.595960497418689505e-01
2.615680231051439875e-01
2.635600639992885519e-01
2.655719975520334231e-01
2.676036488911092692e-01
2.696548431442468696e-01
2.717254054391769480e-01
2.738151609036301726e-01
2.759239346653373226e-01
2.780515518520291773e-01
2.801978375914364050e-01
2.823626170112894518e-01
2.845457152393197631e-01
2.867469574032576740e-01
2.889661686308339639e-01
2.912031740497793564e-01
2.934577987878245198e-01
2.957298679727003443e-01
2.980192067321374427e-01
3.003256401938665388e-01
3.026489934856185227e-01
3.049890917351238961e-01
3.073457600701135495e-01
3.097188236183182064e-01
3.121081075074687017e-01
3.145134368652951484e-01
3.169346368195292141e-01
3.193715324979012338e-01
3.218239490281419313e-01
3.242917115379820303e-01
3.267746451551521991e-01
3.292725750073833280e-01
3.317853262224061406e-01
3.343127239279512497e-01
3.368545932517494901e-01
3.394107593215315299e-01
3.419810472650281485e-01
3.445652822099700141e-01
3.471632892840880169e-01
3.497748936151128252e-01
3.523999203307746630e-01
3.550381945588051980e-01
3.576895414269346540e-01
3.603537860628939771e-01
3.630307535944136132e-01
3.657202691492245084e-01
3.684221578550573861e-01
3.711362448396429148e-01
3.738623552307119291e-01
3.766003141559949863e-01
3.793499467432229211e-01
3.821110781201265127e-01
3.848835334144364850e-01
3.876671377538835617e-01
3.904617162661979668e-01
3.932670940791114234e-01
3.960830963203542665e-01
3.989095481176570535e-01
4.017462745987506745e-01
4.045931008913657423e-01
4.074498521232331472e-01
4.103163534220834463e-01
4.131924299156475855e-01
4.160779067316561775e-01
4.189726089978398904e-01
4.218763618419295591e-01
4.247889903916559629e-01
4.277103197747498808e-01
4.306401751189417038e-01
4.335783815519621553e-01
4.365247642015425145e-01
4.394791481954133383e-01
4.424413586613052951e-01
4.454112207269490531e-01
4.483885595200753360e-01
4.513732001684150341e-01
4.543649677996986491e-01
4.573636875416570713e-01
4.603691845220211354e-01
4.633812838685212876e-01
4.663998107088885292e-01
4.694245901708535285e-01
4.724554473821469536e-01
4.754922074704996393e-01
4.785346955636416433e-01
4.815827367893048550e-01
4.846361562752195540e-01
4.876947791491162421e-01
4.907584305387259205e-01
4.938269355717793130e-01
4.969001193760070323e-01
4.999778070791398021e-01
5.030598238089083463e-01
5.061459946930435549e-01
5.092361448592760409e-01
5.123300994353366944e-01
5.154276835489558506e-01
5.185287223278647328e-01
5.216330408997933432e-01
5.247404643924733492e-01
5.278508179336353079e-01
5.309639266510095545e-01
5.340796156723269794e-01
5.371977101253184728e-01
5.403180351377144808e-01
5.434404158372462268e-01
5.465646773516436019e-01
5.496906448086382735e-01
5.528181433359604657e-01
5.559469980613409579e-01
5.590770341125107512e-01
5.622080766172002919e-01
5.653399507031402482e-01
5.684724814980610663e-01
5.716054941296944136e-01
5.747388137257707363e-01
5.778722654140203696e-01
5.810056743221743147e-01
5.841388655779632400e-01
5.872716643091179245e-01
5.904038956433691476e-01
5.935353847084475776e-01
5.966659566320837715e-01
5.997954365420087308e-01
6.029236495659531236e-01
6.060504208316478403e-01
6.091755754668232159e-01
6.122989385992102518e-01
6.154203353565390611e-01
6.185395908665417553e-01
6.216565302569478924e-01
6.247709786554889178e-01
6.278827611898951666e-01
6.309917029878974182e-01
6.340976291772265627e-01
6.372003648856130464e-01
6.402997352407879816e-01
6.433955653704817035e-01
6.464876804024254353e-01
6.495759054643492902e-01
6.526600656839846026e-01
6.557399861890618187e-01
6.588154921073110515e-01
6.618864085664645236e-01
6.649525606942517930e-01
6.680137736184041941e-01
6.710698724666521731e-01
6.741206823667263981e-01
6.771660284463578705e-01
6.802057358332770365e-01
6.832396296552147863e-01
6.862675350399020102e-01
6.892892771150692655e-01
6.923046810084469982e-01
6.953135718477666538e-01
6.983157747607583454e-01
7.013111148751530743e-01
7.042994173186810647e-01
7.072805072190738729e-01
7.102542097040621671e-01
7.132203499013762826e-01
7.161787529387468876e-01
7.191292439439050943e-01
7.220716480445812380e-01
7.250057903685066529e-01
7.279314960434114523e-01
7.308485901970267484e-01
7.337568979570828764e-01
7.366562444513110597e-01
7.395464548074418554e-01
7.424273541532058207e-01
7.452987676163334019e-01
7.481605203245563773e-01
7.510124374056045271e-01
7.538543439872092966e-01
7.566860651971010210e-01
7.595074261630102574e-01
7.623182520126680073e-01
7.651183678738050498e-01
7.679075988741521641e-01
7.706857701414395745e-01
7.734527068033988373e-01
7.762082339877600656e-01
7.789521768222541498e-01
7.816843604346119800e-01
7.844046099525640026e-01
7.871127505038407746e-01
7.898086072161737414e-01
7.924920052172932383e-01
7.951627696349302665e-01
7.978207255968151612e-01
8.004656982306788127e-01
8.030975126642522222e-01
8.057159940252657249e-01
8.083209674414502111e-01
8.109122580405365710e-01
8.134896909502551399e-01
8.160530912983371410e-01
8.186022842125131316e-01
8.211370948205136688e-01
8.236573482500696430e-01
8.261628696289113893e-01
8.286534840847703531e-01
8.311290167453769806e-01
8.335892927384619400e-01
8.360341371917560105e-01
8.384633752329900824e-01
8.408768319898944910e-01
8.432743325902002374e-01
8.456557021616383230e-01
8.480207658319388608e-01
8.503693487288330743e-01
8.527012759800514097e-01
8.550163727133248681e-01
8.573144640563841179e-01
8.595953751369593832e-01
8.618589310827824423e-01
8.641049570215828535e-01
8.663332780810926170e-01
8.685437193890412910e-01
8.707361060731604319e-01
8.729102632611802637e-01
8.750660160808317878e-01
8.772031896598458944e-01
8.793216091259528078e-01
8.814210996068835291e-01
8.835014862303691707e-01
8.855625941241398458e-01
8.876042484159265555e-01
8.896262742334600793e-01
8.916284967044711962e-01
8.936107409566902415e-01
8.955728321178487716e-01
8.975145953156768996e-01
8.994358556779054048e-01
9.013364383322651774e-01
9.032161684064869966e-01
9.050748710283011977e-01
9.069123713254391150e-01
9.087284944256310837e-01
9.105230654566079940e-01
9.122959095461005141e-01
9.140484900992292827e-01
9.157994085898293335e-01
9.175538980806253742e-01
9.193118900948971106e-01
9.210733161559253590e-01
9.228381077869899363e-01
9.246061965113706593e-01
9.263775138523472341e-01
9.281519913332002547e-01
9.299295604772090940e-01
9.317101528076543460e-01
9.334936998478159387e-01
9.352801331209738001e-01
9.370693841504078581e-01
9.388613844593983737e-01
9.406560655712251640e-01
9.424533590091680457e-01
9.442531962965073911e-01
9.460555089565230169e-01
9.478602285124950733e-01
9.496672864877040432e-01
9.514766144054289665e-01
9.532881437889503262e-01
9.551018061615484944e-01
9.569175330465029550e-01
9.587352559670939689e-01
9.605549064466014642e-01
9.623764160083055907e-01
9.641997161754866097e-01
9.660247384714238938e-01
9.678514144193979263e-01
9.696796755426883019e-01
9.715094533645751707e-01
9.733406794083392377e-01
9.751732851972596539e-01
9.770072022546172352e-01
9.788423621036912436e-01
9.806786962677621622e-01
9.825161362701098078e-01
9.843546136340142194e-01
9.861940598827553250e-01
9.880344065396134967e-01
9.898755851278683293e-01
9.917175271708001949e-01
9.935601641916889104e-01
9.954034277138145148e-01
9.972472492604569361e-01
9.990915603548965462e-01
1.000936292520413051e+00
1.002781377280286712e+00
1.004626746157796902e+00
1.006472330676224658e+00
1.008318062358849465e+00
1.010163872728950807e+00
1.012009693309809721e+00
1.013855455624705915e+00
1.015701091196918870e+00
1.017546531549729183e+00
1.019391708206416780e+00
1.021236552690261368e+00
1.023080996524543096e+00
1.024924971232541671e+00
1.026768408337538130e+00
1.028611239362811736e+00
1.030453395831642860e+00
1.032294809267310987e+00
1.034135411193096932e+00
1.035975133132279735e+00
1.037813906608139769e+00
1.039651663143957627e+00
1.041488334263012794e+00
1.043323851488585419e+00
1.045158146343955208e+00
1.046991150352402977e+00
1.048822795037207989e+00
1.050653011921650393e+00
1.052481732529010339e+00
1.054308888382567755e+00
1.056134411005603013e+00
1.057958231921395820e+00
1.059780282653226324e+00
1.061600494724374233e+00
1.063418799658120140e+00
1.065235128977743528e+00
1.067049414206524549e+00
1.068861586867743352e+00
1.070671578484680087e+00
1.072479320580614459e+00
1.074284744678826620e+00
1.076087782302596274e+00
1.077888364975203572e+00
1.079686424219929108e+00
1.081481891560052588e+00
1.083274698518854162e+00
1.085064776619613314e+00
1.086852057385610415e+00
1.088636472340125172e+00
1.090417953006438401e+00
1.092196430907829363e+00
1.093971837567578209e+00
1.095744104508965311e+00
1.097513163255270374e+00
1.099278945329773549e+00
1.101041382255754542e+00
1.102800405556493724e+00
1.104555946755271023e+00
1.106307937375366368e+00
1.108056308940060131e+00
1.109800992972631795e+00
1.111541920996361954e+00
1.113279024534530315e+00
1.115012235110416805e+00
1.116741484247301575e+00
1.118466703468464551e+00
1.120187824297185886e+00
1.121904778256745727e+00
1.123617496870423560e+00
1.125325911661499756e+00
1.127029954153254687e+00
1.128729555868967838e+00
1.130424648331918913e+00
1.132115163065388952e+00
1.133801031592657438e+00
1.135482185437004299e+00
1.137158556121709907e+00
1.138830075170053524e+00
1.140496674105315966e+00
1.142158284450777161e+00
1.143814837729716816e+00
1.145466265465414635e+00
1.147112499181151657e+00
1.148753470400207144e+00
1.150389110645861246e+00
1.152019351441393891e+00
1.153644124310085006e+00
1.155263360775215409e+00
1.156876992360064138e+00
1.158484950587911788e+00
1.160087166982038065e+00
1.161683573065723563e+00
1.163274100362247321e+00
1.164858680394890378e+00
1.166437244686932218e+00
1.168009724761652768e+00
1.169576052142332401e+00
1.171136158352250600e+00
1.172689974914688182e+00
1.174237433352924631e+00
1.175778465190239652e+00
1.177313001949913840e+00
1.178840975155226900e+00
1.180362316329459649e+00
1.181876956995890904e+00
1.183384828677801481e+00
1.184885862898471087e+00
1.186379991181179649e+00
1.187867145049207318e+00
1.189347256025834465e+00
1.190820255634340574e+00
1.192286075398005796e+00
1.193744646840110502e+00
1.195195901483934176e+00
1.196639770852757412e+00
1.198076186469859472e+00
1.199505079858520951e+00
1.200926382542021775e+00
1.202340026043642096e+00
1.203745941886661841e+00
1.205144061594360716e+00
1.206534316690019093e+00
1.207916638696917122e+00
1.209290959138334287e+00
1.210657209537550738e+00
1.212015321417847291e+00
1.213365226302502764e+00
1.214706855714797973e+00
1.216040141178012624e+00
1.217365014215427088e+00
1.218681406350320851e+00
1.219989249105973839e+00
1.221288474005667091e+00
1.222579012572679424e+00
1.223860796330292100e+00
1.225133756801783935e+00
1.226397825510435746e+00
1.227652933979527239e+00
1.228899013732338341e+00
1.230135996292149203e+00
1.231363813182239753e+00
1.232582395925890362e+00
1.233791676046380514e+00
1.234991585066990583e+00
1.236182054511000494e+00
1.237363015901690400e+00
1.238534400762340004e+00
1.239696140616229680e+00
1.240848166986639356e+00
1.241990411396848737e+00
1.243122805370138195e+00
1.244245280429787659e+00
1.245357768099077278e+00
1.246460199901286536e+00
1.247552507359696472e+00
1.248634621997585903e+00
1.249706475338235867e+00
1.250767998904925626e+00
1.251819124220935775e+00
1.252859782809545797e+00
1.253889906194036064e+00
1.254909425897686504e+00
1.255918273443777045e+00
1.256916380355588503e+00
1.257903678156399474e+00
1.258880098369490996e+00
1.259845572518142554e+00
1.260800032125634740e+00
1.261743408715247261e+00
1.262675633810260045e+00
1.263596638933953020e+00
1.264506355609606558e+00
1.265404715360500587e+00
1.266291649709915035e+00
1.267167090181129607e+00
1.268030968297425121e+00
1.268883215582080615e+00
1.269723763558377128e+00
1.270552543749593921e+00
1.271369487679011145e+00
1.272174526869909394e+00
1.272967592845567708e+00
1.273748617129267124e+00
1.274517531244286905e+00
1.275274266713906979e+00
1.276018755061408383e+00
1.276750927810070158e+00
1.277470716483172675e+00
1.278178052603995862e+00
1.278872867695819648e+00
1.279555093281924627e+00
1.280224660885590060e+00
1.280881502030096541e+00
1.281525548238723999e+00
1.282156731034751695e+00
1.282774981941460890e+00
1.283380232482130623e+00
1.283972414180041266e+00
1.284551458558472747e+00
1.285117297140705439e+00
1.285669861450019047e+00
1.286209083009693721e+00
1.286734893343009167e+00
1.287247223973245758e+00
1.287746006423683642e+00
1.288231172217602083e+00
1.288702652878281896e+00
1.289160379929002787e+00
1.289604284893045127e+00
1.290034299293688180e+00
1.290450354654212761e+00
1.290852382497898132e+00
1.291240314348024887e+00
1.291614081727872732e+00
1.291973616160722260e+00
1.292318849169852513e+00
1.292649712278544527e+00
1.292966137010077565e+00
1.293268054887731999e+00
1.293555397434787979e+00
1.293828096174524767e+00
1.294086082630223844e+00
1.294329288325163363e+00
1.294557644782625028e+00
1.294771083525887878e+00
1.294969536078232064e+00
1.295152933962937958e+00
1.295321208703285265e+00
1.295474291822554136e+00
1.295612114844024498e+00
1.295734609290976280e+00
1.295841706686690076e+00
1.295933338554445147e+00
1.296009436417521865e+00
1.296069931799200381e+00
1.296114756222760622e+00
1.296143841211482073e+00
1.296157118288645993e+00
1.296157445676526132e+00
1.296154420006177865e+00
1.296148812406592299e+00
1.296140641165499652e+00
1.296129924570630365e+00
1.296116680909714214e+00
1.296100928470481417e+00
1.296082685540662194e+00
1.296061970407986541e+00
1.296038801360184456e+00
1.296013196684986157e+00
1.295985174670122086e+00
1.295954753603321796e+00
1.295921951772315728e+00
1.295886787464834100e+00
1.295849278968606688e+00
1.295809444571363933e+00
1.295767302560835832e+00
1.295722871224752382e+00
1.295676168850843801e+00
1.295627213726840088e+00
1.295576024140471683e+00
1.295522618379468360e+00
1.295467014731560562e+00
1.295409231484478063e+00
1.295349286925951082e+00
1.295287199343709839e+00
1.295222987025484551e+00
1.295156668259004773e+00
1.295088261332001389e+00
1.295017784532203731e+00
1.294945256147342683e+00
1.294870694465148020e+00
1.294794117773349740e+00
1.294715544359678061e+00
1.294634992511863203e+00
1.294552480517634940e+00
1.294468026664723936e+00
1.294381649240859744e+00
1.294293366533773249e+00
1.294203196831193559e+00
1.294111158420851337e+00
1.294017269590476804e+00
1.293921548627799734e+00
1.293824013820550567e+00
1.293724683456459301e+00
1.293623575823256155e+00
1.293520709208670683e+00
1.293416101900433768e+00
1.293309772186275186e+00
1.293201738353924934e+00
1.293092018691113454e+00
1.292980631485570520e+00
1.292867595025026572e+00
1.292752927597211388e+00
1.292636647489855184e+00
1.292518772990688181e+00
1.292399322387440597e+00
1.292278313967842207e+00
1.292155766019623675e+00
1.292031696830514331e+00
1.291906124688244839e+00
1.291779067880545417e+00
1.291650544695146063e+00
1.291520573419776330e+00
1.291389172342167102e+00
1.291256359750047933e+00
1.291122153931149485e+00
1.290986573173201535e+00
1.290849635763934300e+00
1.290711359991077778e+00
1.290571764142361966e+00
1.290430866505517304e+00
1.290288685368273791e+00
1.290145239018361645e+00
1.290000545743510640e+00
1.289854623831451219e+00
1.289707491569913378e+00
1.289559167246627336e+00
1.289409669149323090e+00
1.289259015565730637e+00
1.289107224783580641e+00
1.288954315090602210e+00
1.288800304774526673e+00
1.288645212123083139e+00
1.288489055424002272e+00
1.288331852965014068e+00
1.288173623033848525e+00
1.288014383918235861e+00
1.287854153905906296e+00
1.287692951284589826e+00
1.287530794342016671e+00
1.287367701365916384e+00
1.287203690644019849e+00
1.287038780464057064e+00
1.286872989113757804e+00
1.286706334880852287e+00
1.286538836053070733e+00
1.286370510918143140e+00
1.286201377763799725e+00
1.286031454877770708e+00
1.285860760547786086e+00
1.285689313061575634e+00
1.285517130706870237e+00
1.285344231771399226e+00
1.285170634542893042e+00
1.284996357309081905e+00
1.284821418357696032e+00
1.284645835976465200e+00
1.284469628453119627e+00
1.284292814075389533e+00
1.284115411131004914e+00
1.283937437907695989e+00
1.283758912693192977e+00
1.283579853775225654e+00
1.283400279441524461e+00
1.283220207979819172e+00
1.283039657677840450e+00
1.282858646823317850e+00
1.282677193703981589e+00
1.282495316607562108e+00
1.282313033821789183e+00
1.282130363634393477e+00
1.281947324333104321e+00
1.281763934205652378e+00
1.281580211539767422e+00
1.281396174623179895e+00
1.281211841743619795e+00
1.281027231188817117e+00
1.280842361246502081e+00
1.280657250204404685e+00
1.280471916350255368e+00
1.280286377971783907e+00
1.280100653356720519e+00
1.279914760792795425e+00
1.279728718567738621e+00
1.279542544969280327e+00
1.279356258285150538e+00
1.279169876803079253e+00
1.278983418810796913e+00
1.278796902596033513e+00
1.278610346446518831e+00
1.278423768649983749e+00
1.278237187494157601e+00
1.278050621266770825e+00
1.277864088255553421e+00
1.277677606748236050e+00
1.277491195032548266e+00
1.277304871396220065e+00
1.277118654126981889e+00
1.276932561512563957e+00
1.276746611840695822e+00
1.276560823399108369e+00
1.276375214475531150e+00
1.276189803357694386e+00
1.276004608333328294e+00
1.275819647690163317e+00
1.275634939715928784e+00
1.275450502698355582e+00
1.275266354925173262e+00
1.275082514684112045e+00
1.274899000262902593e+00
1.274715829949274237e+00
1.274533022030957641e+00
1.274350594795682801e+00
1.274168566531179492e+00
1.273986955525178155e+00
1.273805780065409010e+00
1.273625058439601831e+00
1.273444808935487060e+00
1.273265049840794472e+00
1.273085799443254507e+00
1.272907076030597384e+00
1.272728897890552657e+00
1.272551283310850989e+00
1.272374250579222155e+00
1.272197817983396595e+00
1.272022003811104085e+00
1.271846826350074844e+00
1.271672303888039091e+00
1.271498454712727044e+00
1.271325297111868258e+00
1.271152849373193616e+00
1.270981129784432673e+00
1.270810156633315868e+00
1.270639948207572978e+00
1.270470522794934443e+00
1.270301898683130259e+00
1.270134094159890648e+00
1.269967127512945382e+00
1.269801017030025125e+00
1.269635780998859431e+00
1.269471437707178962e+00
1.269308005442713272e+00
1.269145502493193023e+00
1.268983947146347768e+00
1.268823357689907949e+00
1.268663752411603785e+00
1.268505149599165271e+00
1.268347567540322407e+00
1.268191024522805188e+00
1.268035538834344278e+00
1.267881128762669229e+00
1.267727812595510706e+00
1.267575608620598260e+00
1.267424535125662333e+00
1.267274610398433143e+00
1.267125852726640245e+00
1.266978280398014300e+00
1.266831911700285307e+00
1.266686764921183261e+00
1.266542858348438605e+00
1.266400210269780890e+00
1.266258838972940781e+00
1.266118762745647830e+00
1.265979999875632922e+00
1.265842568650625388e+00
1.265706487358355892e+00
1.265571774286554207e+00
1.265438447722950777e+00
1.265306525955275374e+00
1.265176027271258441e+00
1.265046969958629752e+00
1.264919372305119749e+00
1.264793252598458206e+00
1.264668629126375565e+00
1.264545520176601823e+00
1.264423944036866754e+00
1.264303918994901244e+00
1.264185463338434623e+00
1.264068595355197555e+00
1.263953333332919593e+00
1.263839695559331622e+00
1.263727700322163194e+00
1.263617365909144752e+00
1.263508710608006069e+00
1.263401752706477366e+00
1.263296510492288860e+00
1.263193002253170549e+00
1.263091246276852875e+00
1.262991260851065611e+00
1.262893064263538756e+00
1.262796674802002750e+00
1.262702110754187812e+00
1.262609390407823495e+00
1.262518532050640685e+00
1.262429553970368490e+00
1.262342474454738239e+00
1.262257311791479042e+00
1.262174084268321339e+00
1.262092810172995350e+00
1.262013507793231515e+00
1.261936195416759166e+00
1.261860891331308965e+00
1.261787613824610910e+00
1.261716381184394775e+00
1.261647211698391446e+00
1.261580123654330476e+00
1.261515135339942084e+00
1.261452265042956267e+00
1.261391531051103465e+00
1.261332951652113676e+00
1.261276545133716676e+00
1.261222329783643126e+00
1.261170323889622580e+00
1.261120545739385479e+00
1.261073013620662042e+00
1.261027745821182044e+00
1.260984760628675927e+00
1.260944076330873909e+00
1.260905711215505542e+00
1.260869683570301270e+00
1.260836011682991309e+00
1.260804713841305658e+00
1.260775808332974535e+00
1.260749313445728159e+00
1.260725247467296084e+00
1.260703628685408972e+00
1.260684475387796599e+00
1.260667805862189406e+00
1.260653638396317611e+00
1.260641991277910767e+00
1.260632882794699094e+00
1.260626331234413255e+00
1.260622354884783025e+00
1.260620972033538401e+00
1.260622617868932371e+00
1.260627759865455166e+00
1.260636384520584574e+00
1.260648477910532916e+00
1.260664026111512293e+00
1.260683015199735690e+00
1.260705431251415432e+00
1.260731260342764060e+00
1.260760488549994340e+00
1.260793101949318595e+00
1.260829086616949146e+00
1.260868428629098981e+00
1.260911114061980198e+00
1.260957128991805343e+00
1.261006459494787402e+00
1.261059091647138697e+00
1.261115011525071328e+00
1.261174205204798504e+00
1.261236658762532103e+00
1.261302358274485114e+00
1.261371289816869856e+00
1.261443439465898875e+00
1.261518793297784713e+00
1.261597337388740137e+00
1.261679057814977245e+00
1.261763940652708582e+00
1.261851971978147136e+00
1.261943137867505449e+00
1.262037424396995400e+00
1.262134817642829976e+00
1.262235303681221277e+00
1.262338868588382290e+00
1.262445498440525782e+00
1.262555179313863407e+00
1.262667897284608598e+00
1.262783638428973454e+00
1.262902388823170297e+00
1.263024134543411892e+00
1.263148861665911005e+00
1.263276556266879735e+00
1.263407204422530627e+00
1.263540792209076669e+00
1.263677305702730180e+00
1.263816730979703262e+00
1.263959054116208902e+00
1.264104261188459644e+00
1.264252338272667808e+00
1.264403271445045940e+00
1.264557046781806360e+00
1.264713650359162056e+00
1.264873068253325794e+00
1.265035286540509007e+00
1.265200291296925128e+00
1.265368068598786477e+00
1.265538604522305599e+00
1.265711885143694593e+00
1.265887896539166668e+00
1.266066624784933703e+00
1.266248055957208907e+00
1.266432176132204601e+00
1.266618971386132664e+00
1.266808427795206526e+00
1.267000531435638067e+00
1.267195268383640272e+00
1.267392624715425242e+00
1.267592586507205743e+00
1.267795139835194318e+00
1.268000270775603733e+00
1.268207965404645865e+00
1.268418209798533702e+00
1.268630990033479566e+00
1.268846292185696223e+00
1.269064102331396215e+00
1.269284406546791866e+00
1.269507190908095495e+00
1.269732441491520092e+00
1.269960144373278199e+00
1.270190285629581917e+00
1.270422851336644010e+00
1.270657827570677023e+00
1.270895200407893499e+00
1.271134955924505983e+00
1.271377080196726572e+00
1.271621559300768478e+00
1.271868379312843800e+00
1.272117526309165303e+00
1.272368986365945087e+00
1.272622745559396140e+00
1.272878789965730784e+00
1.273137105661161783e+00
1.273397678721901238e+00
1.273660495224162137e+00
1.273925541244156578e+00
1.274192802858097329e+00
1.274462266142196931e+00
1.274733917172667708e+00
1.275007742025722646e+00
1.275283726777573845e+00
1.275561857504433849e+00
1.275842120282515202e+00
1.276124501188030669e+00
1.276408986297192572e+00
1.276695561686213454e+00
1.276984213431305859e+00
1.277274927608682331e+00
1.277567690294555636e+00
1.277862487565137650e+00
1.278159305496641585e+00
1.278458130165279538e+00
1.278758947647264499e+00
1.279061744018808344e+00
1.279366505356123840e+00
1.279673217735423973e+00
1.279981867232921067e+00
1.280292439924826997e+00
1.280604921887355196e+00
1.280919299196717542e+00
1.281235557929127022e+00
1.281553684160795736e+00
1.281873663967936450e+00
1.282195483426761706e+00
1.282519128613484050e+00
1.282844585604315801e+00
1.283171840475469949e+00
1.283500879303158593e+00
1.283831688163594054e+00
1.284164253132989542e+00
1.284498560287557156e+00
1.284834595703509441e+00
1.285172345457058940e+00
1.285511795624418196e+00
1.285852932281799976e+00
1.286195741505416379e+00
1.286540209371479948e+00
1.286886321956203894e+00
1.287234065335799871e+00
1.287583425586480868e+00
1.287934388784459427e+00
1.288286941005947872e+00
1.288641068327158967e+00
1.288996756824304812e+00
1.289353992573598395e+00
1.289712761651252038e+00
1.290073050133478505e+00
1.290434844096489897e+00
1.290798129616498979e+00
1.291162892769718740e+00
1.291529119632360834e+00
1.291896796280638249e+00
1.292265908790763529e+00
1.292636443238948774e+00
1.293008385701407414e+00
1.293381722254351107e+00
1.293756438973992617e+00
1.294132521936544711e+00
1.294509957218219709e+00
1.294888730895230156e+00
1.295268829043788594e+00
1.295650237740107791e+00
1.296032943060399845e+00
1.296416931080877522e+00
1.296802187877753143e+00
1.297188699527239697e+00
1.297576452105549505e+00
1.297965431688894888e+00
1.298355624353488391e+00
1.298747016175542557e+00
1.299139593231270151e+00
1.299533341596883718e+00
1.299928247348595134e+00
1.300324296562617832e+00
1.300721475315163689e+00
1.301119769682445693e+00
1.301519165740676165e+00
1.301919649566067427e+00
1.302321207234832245e+00
1.302723824823183163e+00
1.303127488407332502e+00
1.303532184063493249e+00
1.303937897867877060e+00
1.304344615896697368e+00
1.304752324226166271e+00
1.305161008932496314e+00
1.305570656091900261e+00
1.305981251780590213e+00
1.306392782074778935e+00
1.306805233050679194e+00
1.307218590784503087e+00
1.307632841352463382e+00
1.308047970830772400e+00
1.308463965295643128e+00
1.308880810823287666e+00
1.309298493489918558e+00
1.309716999371748347e+00
1.310136314544990022e+00
1.310556425085855459e+00
1.310977317070557646e+00
1.311398976575308906e+00
1.311821389676321781e+00
1.312244542449808593e+00
1.312668420971982330e+00
1.313093011319055092e+00
1.313518299567239644e+00
1.313944271792748530e+00
1.314370914071794072e+00
1.314798212480589257e+00
1.315226153095345962e+00
1.315654721992276954e+00
1.316083905247595220e+00
1.316513688937512638e+00
1.316944059138242196e+00
1.317375001925995992e+00
1.317806503376987015e+00
1.318238549567427365e+00
1.318671126573529806e+00
1.319104220471506883e+00
1.319537817337571362e+00
1.319971903247935119e+00
1.320406464278811143e+00
1.320841486506411755e+00
1.321276956006949943e+00
1.321712858856637585e+00
1.322149181131687445e+00
1.322585908908312291e+00
1.323023028262724443e+00
1.323460525271136445e+00
1.323898386009760619e+00
1.324336596554809953e+00
1.324775142982496545e+00
1.325214011369033384e+00
1.325653187790632570e+00
1.326092658323506646e+00
1.326532409043868599e+00
1.326972426027930307e+00
1.327412695351904759e+00
1.327853203092004275e+00
1.328293935324441399e+00
1.328734878125428898e+00
1.329176017571179091e+00
1.329617339737904524e+00
1.330058830701817518e+00
1.330500476539131061e+00
1.330942263326057251e+00
1.331384177138808855e+00
1.331826204053598417e+00
1.332268330146638258e+00
1.332710541494141143e+00
1.333152824172319617e+00
1.333595164257385779e+00
1.334037547825552394e+00
1.334479960953032229e+00
1.334922389716037605e+00
1.335364820190781066e+00
1.335807238453475376e+00
1.336249630580332415e+00
1.336691982647565391e+00
1.337134280731386626e+00
1.337576510908008220e+00
1.338018659253643383e+00
1.338460711844504214e+00
1.338902654756803701e+00
1.339344474066753721e+00
1.339786155850567040e+00
1.340227686184456424e+00
1.340669051144634194e+00
1.341110236807312894e+00
1.341551229248705068e+00
1.341992014545023038e+00
1.342432578772480012e+00
1.342872908007287647e+00
1.343312988325658930e+00
1.343752805803806405e+00
1.344192346517942616e+00
1.344631596544279883e+00
1.345070541959030752e+00
1.345509168838407987e+00
1.345947463258623911e+00
1.346385411295890844e+00
1.346822999026421996e+00
1.347260212526429246e+00
1.347697037872125359e+00
1.348133461139723099e+00
1.348569468405434346e+00
1.349005045745472309e+00
1.349440179236049531e+00
1.349875116275004228e+00
1.350314651630568186e+00
1.350760548746821277e+00
1.351212760868121254e+00
1.351671241238826537e+00
1.352135943103295546e+00
1.352606819705886698e+00
1.353083824290958637e+00
1.353566910102869336e+00
1.354056030385977438e+00
1.354551138384641140e+00
1.355052187343218639e+00
1.355559130506068577e+00
1.356071921117549373e+00
1.356590512422019446e+00
1.357114857663836993e+00
1.357644910087360213e+00
1.358180622936947968e+00
1.358721949456958233e+00
1.359268842891749429e+00
1.359821256485680196e+00
1.360379143483108955e+00
1.360942457128393235e+00
1.361511150665892567e+00
1.362085177339964703e+00
1.362664490394967842e+00
1.363249043075260847e+00
1.363838788625201914e+00
1.364433680289149242e+00
1.365033671311461250e+00
1.365638714936496578e+00
1.366248764408613203e+00
1.366863772972169766e+00
1.367483693871524686e+00
1.368108480351036604e+00
1.368738085655063053e+00
1.369372463027963116e+00
1.370011565714094548e+00
1.370655346957816878e+00
1.371303760003487193e+00
1.371956758095464135e+00
1.372614294478107011e+00
1.373276322395773130e+00
1.373942795092821134e+00
1.374613665813609664e+00
1.375288887802497140e+00
1.375968414303841536e+00
1.376652198562001495e+00
1.377340193821335657e+00
1.378032353326201553e+00
1.378728630320958271e+00
1.379428978049964005e+00
1.380133349757577177e+00
1.380841698688155983e+00
1.381553978086059287e+00
1.382270141195644619e+00
1.382990141261271066e+00
1.383713931527297047e+00
1.384441465238080093e+00
1.385172695637979512e+00
1.385907575971353056e+00
1.386646059482559368e+00
1.387388099415957088e+00
1.388133649015903748e+00
1.388882661526758877e+00
1.389635090192880007e+00
1.390390888258625779e+00
1.391150008968354834e+00
1.391912405566424926e+00
1.392678031297194696e+00
1.393446839405022786e+00
1.394218783134267392e+00
1.394993815729286712e+00
1.395771890434439610e+00
1.396552960494083839e+00
1.397336979152578262e+00
1.398123899654280855e+00
1.398913675243550259e+00
1.399706259164744893e+00
1.400501604662222732e+00
1.401299664980342863e+00
1.402100393363462816e+00
1.402903743055941677e+00
1.403709667302137643e+00
1.404518119346408689e+00
1.405329052433113901e+00
1.406142419806610588e+00
1.406958174711258058e+00
1.407776270391414508e+00
1.408596660091437913e+00
1.409419297055687137e+00
1.410244134528520155e+00
1.411071125754296052e+00
1.411900223977372359e+00
1.412731382442107497e+00
1.413564554392860551e+00
1.414399693073989051e+00
1.415236751729852305e+00
1.416075683604807844e+00
1.416916441943214755e+00
1.417758979989430790e+00
1.418603250987814368e+00
1.419449208182724131e+00
1.420296804818518499e+00
1.421145994139555668e+00
1.421996729390193837e+00
1.422848963814792089e+00
1.423702650657708180e+00
1.424557743163300305e+00
1.425414194575927773e+00
1.426271958139947671e+00
1.427130987099719528e+00
1.427991234699600875e+00
1.428852654183950577e+00
1.429715198797127051e+00
1.430578821783488497e+00
1.431443476387393332e+00
1.432309115853199533e+00
1.433175693425265962e+00
1.434043162347951039e+00
1.434911475865612740e+00
1.435780587222610150e+00
1.436650449663300577e+00
1.437521016432043552e+00
1.438392240773196384e+00
1.439264075931118159e+00
1.440136475150167072e+00
1.441009391674701323e+00
1.441882778749079774e+00
1.442756589617659957e+00
1.443630777524801179e+00
1.444505295714860971e+00
1.445380097432198419e+00
1.446255135921171497e+00
1.447130364426138627e+00
1.448005736191458448e+00
1.448881204461488714e+00
1.449756722480588511e+00
1.450632243493115814e+00
1.451507720743429042e+00
1.452383107475886614e+00
1.453258356934846951e+00
1.454133422364668693e+00
1.455008257009709371e+00
1.455882814114328072e+00
1.456757046922882992e+00
1.457630908679732773e+00
1.458504352629235168e+00
1.459377332015748596e+00
1.460249800083632365e+00
1.461121710077244007e+00
1.461993015240942162e+00
1.462863668819085250e+00
1.463733624056031246e+00
1.464602834196139014e+00
1.465471252483766751e+00
1.466338832163272876e+00
1.467205526479015587e+00
1.468071288675353525e+00
1.468936071996645110e+00
1.469799829687248316e+00
1.470662514991521563e+00
1.471524081153823493e+00
1.472384481418512525e+00
1.473243669029946856e+00
1.474101597232484906e+00
1.474958219270484872e+00
1.475813488388305394e+00
1.476667357830304672e+00
1.477519780840841124e+00
1.478370710664273613e+00
1.479220100544959449e+00
1.480067903727257939e+00
1.480914073455527280e+00
1.481758562974125226e+00
1.482601325527411085e+00
1.483442314359742609e+00
1.484281482715478218e+00
1.485118783838976553e+00
1.485954170974595812e+00
1.486787597366694191e+00
1.487619016259630556e+00
1.488448380897763101e+00
1.489275644525449582e+00
1.490100760387049528e+00
1.490923681726920469e+00
1.491744361789420603e+00
1.492562753818909238e+00
1.493378811059743905e+00
1.494192486756283023e+00
1.495003734152885677e+00
1.495812506493909622e+00
1.496618757023713275e+00
1.497422438986655058e+00
1.498223505627094054e+00
1.499021910189387352e+00
1.499817605917894037e+00
1.500610546056972527e+00
1.501400683850981244e+00
1.502187972544278161e+00
1.502972365381221920e+00
1.503753815606171163e+00
1.504532276463483420e+00
1.505307701197518222e+00
1.506080043052632877e+00
1.506849255273186694e+00
1.507615291103536759e+00
1.508378103788042823e+00
1.509137646571062641e+00
1.509893872696954853e+00
1.510646735410077435e+00
1.511396187954789028e+00
1.512142183575448051e+00
1.512884675516412480e+00
1.513623617022040957e+00
1.514358961336692122e+00
1.515090661704724173e+00
1.515818671370495307e+00
1.516542943578363722e+00
1.517263431572688503e+00
1.517980088597827404e+00
1.518692867898138843e+00
1.519401722717981684e+00
1.520106606301713681e+00
1.520807471893693474e+00
1.521504272738279706e+00
1.522196962079830129e+00
1.522885493162703829e+00
1.523569819231258782e+00
1.524249893529853184e+00
1.524925669302845677e+00
1.525597099794594902e+00
1.526264138249458613e+00
1.526926737911795673e+00
1.527584852025964501e+00
1.528238433836322629e+00
1.528887436587229365e+00
1.529531813523043127e+00
1.530171517888121668e+00
1.530806502926823631e+00
1.531436721883507435e+00
1.532062128002531498e+00
1.532682674528253797e+00
1.533298314705033416e+00
1.533909001777227887e+00
1.534514688989196518e+00
1.535115329585297061e+00
1.535710876809887937e+00
1.536301283907327786e+00
1.536886504121974584e+00
1.537466490698187194e+00
1.538041196880323591e+00
1.538610575912741973e+00
1.539174581039801426e+00
1.539733165505859702e+00
1.540286282555275665e+00
1.540833885432407069e+00
1.541375927381612776e+00
1.541912361647251206e+00
1.542443141473680557e+00
1.542968220105259025e+00
1.543487550786345031e+00
1.544001086761297437e+00
1.544508781274474218e+00
1.545010587570233573e+00
1.545506458892933921e+00
1.545996348486934124e+00
1.546480209596592381e+00
1.546957995466266667e+00
1.547429659340315844e+00
1.547895154463097667e+00
1.548354434078971442e+00
1.548807451432294702e+00
1.549254159767426087e+00
1.549694512328724239e+00
1.550128462360546910e+00
1.550555963107253188e+00
1.550976967813201268e+00
1.551391429722748905e+00
1.551799302080255405e+00
1.552200538130078300e+00
1.552595091116576675e+00
1.552982914284108285e+00
1.553363960877031991e+00
1.553738184139706213e+00
1.554105537316488928e+00
1.554467150583182189e+00
1.554828165372977411e+00
1.555189180647315039e+00
1.555550187457850786e+00
1.555911176856240141e+00
1.556272139894138595e+00
1.556633067623201194e+00
1.556993951095083650e+00
1.557354781361441010e+00
1.557715549473928762e+00
1.558076246484202843e+00
1.558436863443917852e+00
1.558797391404729726e+00
1.559157821418293510e+00
1.559518144536265138e+00
1.559878351810299435e+00
1.560238434292052334e+00
1.560598383033178882e+00
1.560958189085334347e+00
1.561317843500174440e+00
1.561677337329354431e+00
1.562036661624529810e+00
1.562395807437355844e+00
1.562754765819488023e+00
1.563113527822581617e+00
1.563472084498292114e+00
1.563830426898275006e+00
1.564188546074185560e+00
1.564546433077679266e+00
1.564904078960411615e+00
1.565261474774037653e+00
1.565618611570213314e+00
1.565975480400593201e+00
1.566332072316833912e+00
1.566688378370589829e+00
1.567044389613516664e+00
1.567400097097269684e+00
1.567755491873504381e+00
1.568110564993876244e+00
1.568465307510040541e+00
1.568819710473653206e+00
1.569173764936368842e+00
1.569527461949843383e+00
1.569880792565731875e+00
1.570233747835690030e+00
1.570586318811372895e+00
1.570938496544436180e+00
1.571290272086535378e+00
1.571641636489325533e+00
1.571992580804462136e+00
1.572343096083600900e+00
1.572693173378396647e+00
1.573042803740505535e+00
1.573391978221582388e+00
1.573740687873282695e+00
1.574088923747261726e+00
1.574436676895175413e+00
1.574783938368678804e+00
1.575130699219427166e+00
1.575476950499076434e+00
1.575822683259281209e+00
1.576167888551697649e+00
1.576512557427980354e+00
1.576856680939785704e+00
1.577200250138768300e+00
1.577543256076583855e+00
1.577885689804887415e+00
1.578227542375335135e+00
1.578568804839581841e+00
1.578909468249283021e+00
1.579249523656094389e+00
1.579588962111670991e+00
1.579927774667668317e+00
1.580265952375741856e+00
1.580603486287546877e+00
1.580940367454738649e+00
1.581276586928972883e+00
1.581612135761904625e+00
1.581947005005189810e+00
1.582281185710483484e+00
1.582614668929441137e+00
1.582947445713717816e+00
1.583279507114969675e+00
1.583610844184851318e+00
1.583941447975018679e+00
1.584271309537127248e+00
1.584600419922831627e+00
1.584928770183787972e+00
1.585256351371651551e+00
1.585583154538077411e+00
1.585909170734721485e+00
1.586234391013238598e+00
1.586558806425284684e+00
1.586882408022514790e+00
1.587205186856584627e+00
1.587527133979149241e+00
1.587848240441864123e+00
1.588168497296384984e+00
1.588487895594366872e+00
1.588806426387465054e+00
1.589124080727335464e+00
1.589440849665633149e+00
1.589756724254013598e+00
1.590071695544132080e+00
1.590385754587644085e+00
1.590698892436205325e+00
1.591011100141470846e+00
1.591322368755095917e+00
1.591632689328736472e+00
1.591942052914047112e+00
1.592250450562683994e+00
1.592557873326302387e+00
1.592864312256557113e+00
1.593169758405104108e+00
1.593474202823598640e+00
1.593777636563696198e+00
1.594080050677052052e+00
1.594381436215321690e+00
1.594681784230160604e+00
1.594981085773223839e+00
1.595279331896167108e+00
1.595576513650645900e+00
1.595872622088315040e+00
1.596167648260830685e+00
1.596461583219847657e+00
1.596754418017021671e+00
1.597046143704008214e+00
1.597336751332461890e+00
1.597626231954039300e+00
1.597914576620395488e+00
1.598201776383185058e+00
1.598487822294064165e+00
1.598772705404688077e+00
1.599056416766712063e+00
1.599338947431791613e+00
1.599620288451582217e+00
1.599900430877739144e+00
1.600179365761918104e+00
1.600457084155773924e+00
1.600733577110962091e+00
1.601008835679138542e+00
1.601282850911958322e+00
1.601555613861076477e+00
1.601827115578149163e+00
1.602097347114831205e+00
1.602366299522778315e+00
1.602633963853645760e+00
1.602900331159088809e+00
1.603165392490763397e+00
1.603429138900324347e+00
1.603691561439427149e+00
1.603952651159727516e+00
1.604212399112880272e+00
1.604470796350541795e+00
1.604727833924366465e+00
1.604983502886009994e+00
1.605237794287128095e+00
1.605490699179376035e+00
1.605742208614409083e+00
1.605992313643882508e+00
1.606241005319451798e+00
1.606488274692772888e+00
1.606734112815500604e+00
1.606978510739290211e+00
1.607221459515797646e+00
1.607462950196677953e+00
1.607702973833586846e+00
1.607941521478179148e+00
1.608178584182110793e+00
1.608414152997037050e+00
1.608648218974612965e+00
1.608880773166494471e+00
1.609111806624336838e+00
1.609341310399795333e+00
1.609569275544525446e+00
1.609795693110182224e+00
1.610020554148421823e+00
1.610243849710898623e+00
1.610465570849269001e+00
1.610685708615188005e+00
1.610904254060310903e+00
1.611121198236292962e+00
1.611336532194790117e+00
1.611550246987456969e+00
1.611762333665949454e+00
1.611972783281923283e+00
1.612181586887033280e+00
1.612388735532935158e+00
1.612594220271284184e+00
1.612798032153735850e+00
1.613000162231945422e+00
1.613200601557568170e+00
1.613399341182259805e+00
1.613596372157675596e+00
1.613791685535471254e+00
1.613985272367301604e+00
1.614177123704822137e+00
1.614367230599688785e+00
1.614555584103556596e+00
1.614742175268080615e+00
1.614926995144917221e+00
1.615110034785720572e+00
1.615291285242147046e+00
1.615470737565851467e+00
1.615648382808489769e+00
1.615824212021716999e+00
1.615998216257188647e+00
1.616170386566559980e+00
1.616340714001486489e+00
1.616509189613623221e+00
1.616675804454626331e+00
1.616840549576150865e+00
1.617003416029852092e+00
1.617164394867385280e+00
1.617323477140406141e+00
1.617480653900570164e+00
1.617635916199532620e+00
1.617789255088948774e+00
1.617940661620473897e+00
1.618090126845763699e+00
1.618237641816473671e+00
1.618383197584259081e+00
1.618526785200774754e+00
1.618668395717677067e+00
1.618808020186620844e+00
1.618945649659261354e+00
1.619081275187254532e+00
1.619214887822255422e+00
1.619346478615919516e+00
1.619476038619902081e+00
1.619603558885858829e+00
1.619729030465445252e+00
1.619852444410315950e+00
1.619973791772126859e+00
1.620093063602533467e+00
1.620210250953191045e+00
1.620325344875755302e+00
1.620438336421881065e+00
1.620549216643223822e+00
1.620657976591439509e+00
1.620764607318182948e+00
1.620869099875109853e+00
1.620971445313875714e+00
1.621071634686135576e+00
1.621169659043545153e+00
1.621265509437759489e+00
1.621359176920434297e+00
1.621450652543225068e+00
1.621539927357786848e+00
1.621626992415775126e+00
1.621711838768845615e+00
1.621794457468653583e+00
1.621874839566854076e+00
1.621952976115102807e+00
1.622028858165055487e+00
1.622102476768366941e+00
1.622173822976692659e+00
1.622242887841688352e+00
1.622309662415009068e+00
1.622374137748310519e+00
1.622436304893247971e+00
1.622496154901476695e+00
1.622553678824652179e+00
1.622608867714429914e+00
1.622661712622465169e+00
1.622712204600413655e+00
1.622760334699930418e+00
1.622806093972670727e+00
1.622849473470290738e+00
1.622890464244444830e+00
1.622929057346789383e+00
1.622965243828979220e+00
1.622999014742669610e+00
1.623030361139516486e+00
1.623059274071174674e+00
1.623085744589300106e+00
1.623109763745547829e+00
1.623131322591573111e+00
1.623150412179032109e+00
1.623167023559579203e+00
1.623181147784870548e+00
1.623192775906561414e+00
1.623201898976306845e+00
1.623208508045762777e+00
1.623212594166584255e+00
1.623214148390426770e+00
1.623203340638054382e+00
1.623165306207935421e+00
1.623100030665791005e+00
1.623007656948209254e+00
1.622888327991777846e+00
1.622742186733084235e+00
1.622569376108716988e+00
1.622370039055263558e+00
1.622144318509311844e+00
1.621892357407449747e+00
1.621614298686264943e+00
1.621310285282345554e+00
1.620980460132279255e+00
1.620624966172654169e+00
1.620243946340057750e+00
1.619837543571077898e+00
1.619405900802302956e+00
1.618949160970320156e+00
1.618467467011717620e+00
1.617960961863083247e+00
1.617429788461005158e+00
1.616874089742070586e+00
1.616294008642867652e+00
1.615689688099984478e+00
1.615061271050008518e+00
1.614408900429527893e+00
1.613732719175130281e+00
1.613032870223403803e+00
1.612309496510935913e+00
1.611562740974314734e+00
1.610792746550128163e+00
1.609999656174963878e+00
1.609183612785409778e+00
1.608344759318053763e+00
1.607483238709483953e+00
1.606599193896287581e+00
1.605692767815052990e+00
1.604764103402367859e+00
1.603813343594819862e+00
1.602840631328997567e+00
1.601846109541487984e+00
1.600829921168879455e+00
1.599792209147759658e+00
1.598733116414716271e+00
1.597652785906337858e+00
1.596551360559211430e+00
1.595428983309925108e+00
1.594285797095066792e+00
1.593121944851224381e+00
1.591937569514985773e+00
1.590732814022938868e+00
1.589507821311671121e+00
1.588262734317770875e+00
1.586997695977825584e+00
1.585712849228423371e+00
1.584408337006152356e+00
1.583084302247599773e+00
1.581740887889353520e+00
1.580378236868001940e+00
1.578996492120132489e+00
1.577595796582333509e+00
1.576176293191192235e+00
1.574738124883296786e+00
1.573281434595235062e+00
1.571806365263594962e+00
1.570313059824964386e+00
1.568801661215930565e+00
1.567272312373082288e+00
1.565725156233007009e+00
1.564160335732292184e+00
1.562577993807526155e+00
1.560978273395296823e+00
1.559361317432191640e+00
1.557727268854799174e+00
1.556076270599706435e+00
1.554408465603501766e+00
1.552723996802772621e+00
1.551023007134107345e+00
1.549305639534093171e+00
1.547572036939318885e+00
1.545822342286371276e+00
1.544056698511838910e+00
1.542275248552309685e+00
1.540478135344370614e+00
1.538665501824610704e+00
1.536837490929617189e+00
1.534994245595977969e+00
1.533135908760280719e+00
1.531262623359113784e+00
1.529374532329064618e+00
1.527471778606721342e+00
1.525554505128671190e+00
1.523622854831503171e+00
1.521676970651803851e+00
1.519716995526161796e+00
1.517743072391164905e+00
1.515755344183401077e+00
1.513753953839457767e+00
1.511739044295923096e+00
1.509710758489384519e+00
1.507669239356430380e+00
1.505614629833648355e+00
1.503547072857627009e+00
1.501466711364952911e+00
1.499373688292214624e+00
1.497268146575999825e+00
1.495150229152896193e+00
1.493020078959491848e+00
1.490877838932374910e+00
1.488723652008132392e+00
1.486557661123353080e+00
1.484380009214624430e+00
1.482190839218534339e+00
1.479990294071670487e+00
1.477778516710620993e+00
1.475555650071973313e+00
1.473321837092315789e+00
1.471077220708236100e+00
1.468821943856321921e+00
1.466556149473161375e+00
1.464279980495342137e+00
1.461993579859452108e+00
1.459697090502078964e+00
1.457390655359810827e+00
1.455074417369235595e+00
1.452748519466940724e+00
1.450413104589514557e+00
1.448068315673544770e+00
1.445714295655618820e+00
1.443351187472325048e+00
1.440979134060251354e+00
1.438598278355986082e+00
1.436208763296115576e+00
1.433810731817228401e+00
1.431404326855912457e+00
1.428989691348756086e+00
1.426566968232346744e+00
1.424136300443271885e+00
1.421697830918119854e+00
1.419251702593478548e+00
1.416798058405935423e+00
1.414337041292078601e+00
1.411868794188496201e+00
1.409393460031775458e+00
1.406911181758504714e+00
1.404422102305271647e+00
1.401926364608664155e+00
1.399424111605270360e+00
1.396915486231677272e+00
1.394400631424473458e+00
1.391879690120246815e+00
1.389352805255584800e+00
1.386820119767075532e+00
1.384281776591306690e+00
1.381737918664866394e+00
1.379188688924342321e+00
1.376634230306322149e+00
1.374074685747393998e+00
1.371510198184145546e+00
1.368940910553165136e+00
1.366366965791039778e+00
1.363788506834358705e+00
1.361205676619708260e+00
1.358618618083676566e+00
1.356027474162851520e+00
1.353432387793821912e+00
1.350833501913174528e+00
1.348230959457497713e+00
1.345624903363379143e+00
1.343015476567406941e+00
1.340402822006168559e+00
1.337787082616252565e+00
1.335168401334245747e+00
1.332546921096736892e+00
1.329922784840313454e+00
1.327296135501562890e+00
1.324667116017073987e+00
1.322035869323433754e+00
1.319402538357230537e+00
1.316767266055052232e+00
1.314130195353486297e+00
1.311491469189120629e+00
1.308851230498543350e+00
1.306209622218342581e+00
1.303566787285105333e+00
1.300922868635420171e+00
1.298278009205874550e+00
1.295632351933056592e+00
1.292986039753553973e+00
1.290339215603954592e+00
1.287692022420847238e+00
1.285044603140818031e+00
1.282397100700455317e+00
1.279749658036347659e+00
1.277102418085082514e+00
1.274455523783247779e+00
1.271809118067431132e+00
1.269163343874220695e+00
1.266518344140203922e+00
1.263874261801969157e+00
1.261231239796104298e+00
1.258589421059196134e+00
1.255948948527833897e+00
1.253309965138604820e+00
1.250672613828097024e+00
1.248037037532897964e+00
1.245403379189595539e+00
1.242771781734777869e+00
1.240142388105032634e+00
1.237515341236947952e+00
1.234890784067110836e+00
1.232268859532110294e+00
1.229649710568533560e+00
1.227033480112968533e+00
1.224420311102003334e+00
1.221810346472225195e+00
1.219203729160222682e+00
1.216600602102583251e+00
1.214001108235894355e+00
1.211405390496745893e+00
1.208813591821722877e+00
1.206225855147414761e+00
1.203642323410408776e+00
1.201063139547293268e+00
1.198488446494655690e+00
1.195918387189084386e+00
1.193353104567166589e+00
1.190792741565490864e+00
1.188237441120644444e+00
1.185687346169215450e+00
1.183142599647791782e+00
1.180603344492961337e+00
1.178069723641311572e+00
1.175541880029430830e+00
1.173019956593906787e+00
1.170504096271327121e+00
1.167994441998279953e+00
1.165491136711352960e+00
1.162994323347134262e+00
1.160504144842211094e+00
1.158020744133172242e+00
1.155544264156604717e+00
1.153074847849096640e+00
1.150612638147236133e+00
1.148157777987610650e+00
1.145710410306808313e+00
1.143270678041417021e+00
1.140838724128024451e+00
1.138414691503218501e+00
1.135998723103587738e+00
1.133590961865718505e+00
1.131191550726199369e+00
1.128800632621618671e+00
1.126418350488563425e+00
1.124044847263622193e+00
1.121680265883382654e+00
1.119324749284432485e+00
1.116978440403359363e+00
1.114641482176751630e+00
1.112314017541196742e+00
1.109996189433283043e+00
1.107688140789597764e+00
1.105390014546729471e+00
1.103101953641265176e+00
1.100824101009793443e+00
1.098556599588901728e+00
1.096299592315178151e+00
1.094053222125209945e+00
1.091817631955586121e+00
1.089592964742893688e+00
1.087379363423720102e+00
1.085176970934654150e+00
1.082985930212283732e+00
1.080806384193195857e+00
1.078638475813978648e+00
1.076482348011220447e+00
1.074338143721508931e+00
1.072206005881431112e+00
1.070086077427577109e+00
1.067978501296531935e+00
1.065883420424884598e+00
1.063800977749223220e+00
1.061731316206135700e+00
1.059674578732209493e+00
1.057630908264032721e+00
1.055600097649689761e+00
1.053570041664164902e+00
1.051534749095999866e+00
1.049494272452205834e+00
1.047448664239793104e+00
1.045397976965773523e+00
1.043342263137157166e+00
1.041281575260954995e+00
1.039215965844177969e+00
1.037145487393837051e+00
1.035070192416942758e+00
1.032990133420506496e+00
1.030905362911538781e+00
1.028815933397050353e+00
1.026721897384052173e+00
1.024623307379555648e+00
1.022520215890570849e+00
1.020412675424108739e+00
1.018300738487180279e+00
1.016184457586796652e+00
1.014063885229968820e+00
1.011939073923706633e+00
1.009810076175022830e+00
1.007676944490925930e+00
1.005539731378428225e+00
1.003398489344540012e+00
1.001253270896272696e+00
9.991041285406366823e-01
9.969511147846429333e-01
9.947942821353024101e-01
9.926336830996259630e-01
9.904693701846243314e-01
9.883013958973083657e-01
9.861298127446892492e-01
9.839546732337776103e-01
9.817760298715841882e-01
9.795939351651197224e-01
9.774084416213957294e-01
9.752196017474223932e-01
9.730274680502106754e-01
9.708320930367717594e-01
9.686335292141164954e-01
9.664318290892551788e-01
9.642270451691992150e-01
9.620192299609594544e-01
9.598084359715464142e-01
9.575947157079710559e-01
9.553781216772444518e-01
9.531587063863775633e-01
9.509365223423806857e-01
9.487116220522651133e-01
9.464840580230423628e-01
9.442538827617216191e-01
9.420211487753148427e-01
9.397859085708324400e-01
9.375482146552860385e-01
9.353081195356857114e-01
9.330656757190421979e-01
9.308209357123673477e-01
9.285739520226712340e-01
9.263247771569647071e-01
9.240734636222589504e-01
9.218200639255648143e-01
9.195646305738928161e-01
9.173072160742540282e-01
9.150478729336594119e-01
9.127866536591199287e-01
9.105236107576459847e-01
9.082587967362487635e-01
9.059922641019391154e-01
9.037240653617276687e-01
9.014542530226254957e-01
8.991828795916434469e-01
8.969099975757923726e-01
8.946356594820829011e-01
8.923599178175263269e-01
8.900828250891329452e-01
8.878044338039143835e-01
8.855247964688808260e-01
8.832439655910432341e-01
8.809619936774127913e-01
8.786789332350005699e-01
8.763948367708165321e-01
8.741097567918721944e-01
8.718237458051779631e-01
8.695368563177450216e-01
8.672491408365839982e-01
8.649606518687062984e-01
8.626714419211221063e-01
8.603815635008427165e-01
8.580910691148788683e-01
8.558000112702415230e-01
8.535084424739411979e-01
8.512164152329889655e-01
8.489239820543957871e-01
8.466311954451725130e-01
8.443381079123297717e-01
8.420447719628787464e-01
8.397512401038299545e-01
8.374575648421944685e-01
8.351637986849830275e-01
8.328699941392065931e-01
8.305762037118761265e-01
8.282824799100021451e-01
8.259888752405957213e-01
8.236954422106677054e-01
8.214022333272291698e-01
8.191093010972904098e-01
8.168166980278629419e-01
8.145244766259571723e-01
8.122326893985848395e-01
8.099413888527553507e-01
8.076506274954803333e-01
8.053604578337703046e-01
8.030709323746365591e-01
8.007821036250899471e-01
7.984940240921410970e-01
7.962067462828008590e-01
7.939203227040800837e-01
7.916348058629899542e-01
7.893502482665409881e-01
7.870667024217441465e-01
7.847842208356105020e-01
7.825028560151505719e-01
7.802226604673753174e-01
7.779436866992954780e-01
7.756659872179222370e-01
7.733896145302663339e-01
7.711146211433385078e-01
7.688410595641496093e-01
7.665689822997107106e-01
7.642984418570324401e-01
7.620294907431257592e-01
7.597621814650015182e-01
7.574965665296704564e-01
7.552326984441437574e-01
7.529706297154319383e-01
7.507104128505460716e-01
7.484521003564968966e-01
7.461957447402958188e-01
7.439413985089526893e-01
7.416891141694788026e-01
7.394389442288851200e-01
7.371909411941817147e-01
7.349451575723816577e-01
7.327016458704926904e-01
7.304604585955288831e-01
7.282216482544980884e-01
7.259852673544141544e-01
7.237513684022849336e-01
7.215200039051239411e-01
7.192912263699395847e-01
7.170650883037454904e-01
7.148416422135493997e-01
7.126209406063650498e-01
7.104030359892021806e-01
7.081879808690700884e-01
7.059758277529823989e-01
7.037666291479472980e-01
7.015604375609781895e-01
6.993573054990833704e-01
6.971572854692763554e-01
6.949604299785652195e-01
6.927667915339639215e-01
6.905764226424800922e-01
6.883893758111274686e-01
6.862057035469143473e-01
6.840254583568542435e-01
6.818486927479551207e-01
6.796754592272308271e-01
6.775058103016891042e-01
6.753397984783441332e-01
6.731774762642034338e-01
6.710188961662810758e-01
6.688641106915848011e-01
6.667131723471282356e-01
6.645661336399198982e-01
6.624230470769731927e-01
6.602839651652960828e-01
6.581489404119020836e-01
6.560180253237997139e-01
6.538912724080021555e-01
6.517687341715179272e-01
6.496504631213602110e-01
6.475365117645387469e-01
6.454269326080630531e-01
6.433217781589464224e-01
6.412211009241974846e-01
6.391249534108294217e-01
6.370333881258505304e-01
6.349464575762744367e-01
6.328642142691089933e-01
6.307867107113681593e-01
6.287139994100596763e-01
6.266461328721976143e-01
6.245831636047897151e-01
6.225251441148496045e-01
6.204721269093855796e-01
6.184241644954111550e-01
6.163813093799344056e-01
6.143436140699688464e-01
6.123111310725228851e-01
6.102839128946099256e-01
6.082620120432381539e-01
6.062454810254208626e-01
6.042343723481665707e-01
6.022287385184889041e-01
6.002286320433957156e-01
5.982341054299005201e-01
5.962452111850118364e-01
5.942620018157428463e-01
5.922845298291019578e-01
5.903128477321026857e-01
5.883470080317543260e-01
5.863870632350668410e-01
5.844330658490533015e-01
5.824850683807224483e-01
5.805431233370870192e-01
5.786072832251558662e-01
5.766776005519421711e-01
5.747541278244543417e-01
5.728369175497057819e-01
5.709260222347047886e-01
5.690214943864646546e-01
5.671233865119938988e-01
5.652317511183057031e-01
5.633466407124085862e-01
5.614681078013157300e-01
5.595962048920356535e-01
5.577309844915815384e-01
5.558724991069620147e-01
5.540208012451901531e-01
5.521759434132744726e-01
5.503379781182283770e-01
5.485069578670601631e-01
5.466829351667830128e-01
5.448659625244055560e-01
5.430560924469409745e-01
5.412533774413977872e-01
5.394578700147891759e-01
5.376696226741236595e-01
5.358886879264144198e-01
5.341151182786710860e-01
5.323489662379035092e-01
5.305902843111249823e-01
5.288391250053435799e-01
5.270955408275728171e-01
5.253595842848211017e-01
5.236313078841018376e-01
5.219107641324234326e-01
5.201980055367988465e-01
5.184930846042369312e-01
5.167960538417507577e-01
5.151069657563488446e-01
5.134258728550442630e-01
5.117528276448457536e-01
5.100878826327662763e-01
5.084310903258146830e-01
5.067825032310037114e-01
5.051421738553424357e-01
5.035101547058434823e-01
5.018864982895158144e-01
5.002712571133725028e-01
4.986644836844220108e-01
4.970662305096773537e-01
4.954765500961476055e-01
4.938954949508452263e-01
4.923231175807794568e-01
4.907594704929629237e-01
4.892046061944045343e-01
4.876585771921170820e-01
4.861214359931107509e-01
4.845932351043949482e-01
4.830740270329826891e-01
4.815638642858829366e-01
4.800627993701084839e-01
4.785708847926682941e-01
4.770881730605749937e-01
4.756147166808376570e-01
4.741505681604689104e-01
4.726957800064779391e-01
4.712504047258772588e-01
4.698144948256761100e-01
4.683881028128868973e-01
4.669712811945188613e-01
4.655640824775846842e-01
4.641655447535581458e-01
4.627696171649645640e-01
4.613752954600314760e-01
4.599825880823888991e-01
4.585915034756633535e-01
4.572020500834850232e-01
4.558142363494804283e-01
4.544280707172794753e-01
4.530435616305090174e-01
4.516607175327986834e-01
4.502795468677754376e-01
4.489000580790692418e-01
4.475222596103066164e-01
4.461461599051176896e-01
4.447717674071297589e-01
4.433990905599705101e-01
4.420281378072695722e-01
4.406589175926539093e-01
4.392914383597534833e-01
4.379257085521947035e-01
4.365617366136079758e-01
4.351995309876194318e-01
4.338391001178594220e-01
4.324804524479544110e-01
4.311235964215345273e-01
4.297685404822263466e-01
4.284152930736597753e-01
4.270638626394615001e-01
4.257142576232615383e-01
4.243664864686865212e-01
4.230205576193664663e-01
4.216764795189279491e-01
4.203342606110009871e-01
4.189939093392121561e-01
4.176554341471915843e-01
4.163188434785657921e-01
4.149841457769647413e-01
4.136513494860151741e-01
4.123204630493470524e-01
4.109914949105869519e-01
4.096644535133650011e-01
4.083393473013076647e-01
4.070161847180450709e-01
4.056949742072045173e-01
4.043757242124136897e-01
4.030584431773024390e-01
4.017431395454974519e-01
4.004298217606287458e-01
3.991184982663228964e-01
3.978091775062098656e-01
3.965018679239163957e-01
3.951965779630723929e-01
3.938933160673045442e-01
3.925920906802427557e-01
3.912929102455138253e-01
3.899957832067476038e-01
3.887007180075708335e-01
3.874077230916133097e-01
3.861168069025018856e-01
3.848279778838664122e-01
3.835412444793335762e-01
3.822566151325333950e-01
3.809740982870924442e-01
3.796937023866407412e-01
3.784154358748049729e-01
3.771393071952150455e-01
3.758653247914977014e-01
3.745934971072827913e-01
3.733238325861970019e-01
3.720563396718703508e-01
3.707910268079295246e-01
3.695279024380043742e-01
3.682669750057217528e-01
3.670082529547113448e-01
3.657517447286008361e-01
3.644974587710176905e-01
3.632454035255918146e-01
3.619955874359499504e-01
3.607480189457220043e-01
3.595027064985347187e-01
3.582596585380178889e-01
3.570188835077983680e-01
3.557803898515058960e-01
3.545441860127673817e-01
3.533102804352126758e-01
3.520786815624684096e-01
3.508493978381646006e-01
3.496224377059278243e-01
3.483978096093882093e-01
3.471755219921722757e-01
3.459555832979099854e-01
3.447380019702281362e-01
3.435227864527564678e-01
3.423099451891218892e-01
3.410994866229541955e-01
3.398914191978802402e-01
3.386857513575296519e-01
3.374824915455293950e-01
3.362816482055093203e-01
3.350832297810960037e-01
3.338872447159196288e-01
3.326937014536066606e-01
3.315026084377871718e-01
3.303139741120885708e-01
3.291278069201384326e-01
3.279441153055666081e-01
3.267629077119999503e-01
3.255841925830682548e-01
3.244079783623981528e-01
3.232342734936197171e-01
3.220630864203595789e-01
3.208944255862477002e-01
3.197282994349108232e-01
3.185647164099786877e-01
3.174036849550782580e-01
3.162452135138391629e-01
3.150893105298884223e-01
3.139359844468556093e-01
3.127852437083678550e-01
3.116370967580545659e-01
3.104915520395429840e-01
3.093486179964625715e-01
3.082083030724402928e-01
3.070706157111060541e-01
3.059355643560864868e-01
3.048031574510115527e-01
3.036734034395078830e-01
3.025463107652055506e-01
3.014218878717310757e-01
3.003001432027145312e-01
2.991810852017825484e-01
2.980647223125649781e-01
2.969510629786893952e-01
2.958401156437834856e-01
2.947318887514769337e-01
2.936263907453965372e-01
2.925236300691720914e-01
2.914236151664306163e-01
2.903263544808016849e-01
2.892318564559122063e-01
2.881401295353919201e-01
2.870511821628678462e-01
2.859650227819695023e-01
2.848816598363240193e-01
2.838011017695609151e-01
2.827233570253072092e-01
2.816484340471925862e-01
2.805763412788438993e-01
2.795070871638910548e-01
2.784406801459606839e-01
2.773771286686828041e-01
2.763164411756839911e-01
2.752586261105942622e-01
2.742036919170404707e-01
2.731516470386521345e-01
2.721024999190563842e-01
2.710562590018827933e-01
2.700129327307583815e-01
2.689725295493127777e-01
2.679350579011729461e-01
2.669005262299685710e-01
2.658689429793272274e-01
2.648403165928766012e-01
2.638146555142464322e-01
2.627919681870635737e-01
2.617722630549577101e-01
2.607555485615558610e-01
2.597418331504875444e-01
2.587311252653799465e-01
2.577234333498624186e-01
2.567187658475622580e-01
2.557171312021089271e-01
2.547185378571295566e-01
2.537229942562536089e-01
2.527305088431081037e-01
2.517410900613227254e-01
2.507547463545244937e-01
2.497714861663429819e-01
2.487913179404052655e-01
2.478142501203408898e-01
2.468402911497768193e-01
2.458694494723427937e-01
2.449017335316658328e-01
2.439371517713753990e-01
2.429757126350986229e-01
2.420174245664650503e-01
2.410622960091018119e-01
2.401103354066383144e-01
2.391615512027018275e-01
2.382159518409217580e-01
2.372735457649257917e-01
2.363343414183417535e-01
2.353983472447990777e-01
2.344655716879248120e-01
2.335360231913486406e-01
2.326097101986976112e-01
2.316866411536011860e-01
2.307668244996864959e-01
2.298502686805830308e-01
2.289369821399179772e-01
2.280269733213207695e-01
2.271202506684186218e-01
2.262168226248409131e-01
2.253166976342148853e-01
2.244198841401699729e-01
2.235263905863332512e-01
2.226362254163344045e-01
2.217493970738003695e-01
2.208659140023606915e-01
2.199857846456425570e-01
2.191090174472753727e-01
2.182356208508863804e-01
2.173656033001050147e-01
2.164989732385583787e-01
2.156357391098760179e-01
2.147759093576850908e-01
2.139194924256149211e-01
2.130664967572928892e-01
2.122169307963482354e-01
2.113708029864088955e-01
2.105281217711024722e-01
2.096888955940585664e-01
2.088531328989041980e-01
2.080208421292688292e-01
2.071920317287797852e-01
2.063667101410663063e-01
2.055448858097558007e-01
2.047265671784775087e-01
2.039117626908587000e-01
2.031004807905288367e-01
2.022927299211151053e-01
2.014885185262468570e-01
2.006878550495514169e-01
1.998907479346580529e-01
1.990972056251941458e-01
1.983072365647889357e-01
1.975208491970697755e-01
1.967380519656660443e-01
1.959588533142049560e-01
1.951832616863158343e-01
1.944112855256260319e-01
1.936429332757647892e-01
1.928782133803595422e-01
1.921171342830394757e-01
1.913597044274320258e-01
1.906059322571664327e-01
1.898558262158699939e-01
1.891093947471720049e-01
1.883666462947003184e-01
1.876275893020828145e-01
1.868922322129486779e-01
1.861605834709253449e-01
1.854326515196420555e-01
1.847084448027261627e-01
1.839879717638068513e-01
1.832712408465116127e-01
1.825582604944696041e-01
1.818490391513082616e-01
1.811435852606568531e-01
1.804419072661427037e-01
1.797440136113951370e-01
1.790499127400414225e-01
1.783596130957108283e-01
1.776731231220308183e-01
1.769904512626305493e-01
1.763116059611374298e-01
1.756365956611807277e-01
1.749654288063878516e-01
1.742981138403879582e-01
1.736346592068085115e-01
1.729750733492786130e-01
1.723193647114258653e-01
1.716675417368793144e-01
1.710196128692665074e-01
1.703755865522164903e-01
1.697354712293568657e-01
1.690992753443167629e-01
1.684670073407239510e-01
1.678386756622064491e-01
1.672142887523933308e-01
1.665938550549121988e-01
1.659773830133920158e-01
1.653648810714604123e-01
1.647563576727465173e-01
1.641518212608777394e-01
1.635512802794832077e-01
1.629537212038527083e-01
1.623570858559050811e-01
1.617613193812848515e-01
1.611664260237047064e-01
1.605724100268759724e-01
1.599792756345115030e-01
1.593870270903225694e-01
1.587956686380218863e-01
1.582052045213208080e-01
1.576156389839321048e-01
1.570269762695671034e-01
1.564392206219385184e-01
1.558523762847577043e-01
1.552664475017374035e-01
1.546814385165889427e-01
1.540973535730250921e-01
1.535141969147571228e-01
1.529319727854978606e-01
1.523506854289585766e-01
1.517703390888520687e-01
1.511909380088896082e-01
1.506124864327839652e-01
1.500349886042469105e-01
1.494584487669899375e-01
1.488828711647259828e-01
1.483082600411662622e-01
1.477346196400236289e-01
1.471619542050092433e-01
1.465902679798360142e-01
1.460195652082152129e-01
1.454498501338596095e-01
1.448811270004804752e-01
1.443134000517905802e-01
1.437466735315013067e-01
1.431809516833253970e-01
1.426162387509740670e-01
1.420525389781602255e-01
1.414898566085950604e-01
1.409281958859914530e-01
1.403675610540605911e-01
1.398079563565153283e-01
1.392493860370669634e-01
1.386918543394282388e-01
1.381353655073104814e-01
1.375799237844264611e-01
1.370255334144874770e-01
1.364721986412063270e-01
1.359199237082942546e-01
1.353687128594640854e-01
1.348185703384271461e-01
1.342695003888961514e-01
1.337215072545827610e-01
1.331745951791987459e-01
1.326287684064567929e-01
1.320840311800682287e-01
1.315403877437457958e-01
1.309978423412008763e-01
1.304563992161461849e-01
1.299160626122930484e-01
1.293768367733542091e-01
1.288387259430410214e-01
1.283017343650662001e-01
1.277658662831411274e-01
1.272311259409784623e-01
1.266975175822896704e-01
1.261650454507873553e-01
1.256337137901829271e-01
1.251035268441891002e-01
1.245744888565172709e-01
1.240466040708800843e-01
1.235198767309889645e-01
1.229943110805565704e-01
1.224699113632943537e-01
1.219466818229149180e-01
1.214246267031297150e-01
1.209037502476514037e-01
1.203840567001913942e-01
1.198655503044623455e-01
1.193482353041756955e-01
1.188321159430440893e-01
1.183171964647792285e-01
1.178034811130928838e-01
1.172909741316977145e-01
1.167796797643050888e-01
1.162696022546277214e-01
1.157607458463769945e-01
1.152531147832656366e-01
1.147467133090049329e-01
1.142415456673076535e-01
1.137376161018851667e-01
1.132349288564502149e-01
1.127334881747140832e-01
1.122332983003895557e-01
1.117343634771879729e-01
1.112366879488220078e-01
1.107402759590031260e-01
1.102451317514438756e-01
1.097512595698558052e-01
1.092586636579515047e-01
1.087673482594423979e-01
1.082773176180411717e-01
1.077885759774592084e-01
1.073011275814091947e-01
1.068149766736025269e-01
1.063301274977518779e-01
1.058465842975686716e-01
1.053643513167655532e-01
1.048834327990539605e-01
1.044038329881465388e-01
1.039255561277549894e-01
1.034486064615911111e-01
1.029729882333674795e-01
1.024987056867955881e-01
1.020257630655880543e-01
1.015541646134563158e-01
1.010839145741130041e-01
1.006150171912695845e-01
1.001474767086386469e-01
9.968129736993169843e-02
9.921648341886134259e-02
9.875303909913897560e-02
9.829096865447732589e-02
9.783027632858774802e-02
9.737096636518294268e-02
9.691304300797430604e-02
9.645651050067449717e-02
9.600137308699495386e-02
9.554763501064830744e-02
9.509530051534600958e-02
9.464437384480069160e-02
9.419485924272380517e-02
9.374676095282795385e-02
9.330008321882463096e-02
9.285483028442642617e-02
9.241100639334480504e-02
9.196861578929238501e-02
9.152766271598064551e-02
9.108815141712219010e-02
9.065008613642873414e-02
9.021347111761209014e-02
8.977831060438483390e-02
8.934460884045844487e-02
8.891237006954551270e-02
8.848159853535754460e-02
8.805229848160710249e-02
8.762447415200570744e-02
8.719812979026593525e-02
8.677326964009925148e-02
8.634989794521825968e-02
8.592801894933448092e-02
8.550763689616046326e-02
8.508875602940770000e-02
8.467138059278879469e-02
8.425551483001525455e-02
8.384116298479961371e-02
8.342832930085340715e-02
8.301701802188921064e-02
8.260723339161850365e-02
8.219897965375388971e-02
8.179226105200684827e-02
8.138708183008996899e-02
8.098344623171474521e-02
8.058135850059376659e-02
8.018082288043852646e-02
7.978184361496160060e-02
7.938442494787448234e-02
7.898857112288974747e-02
7.859428638371919462e-02
7.820157497407455305e-02
7.781044113766844017e-02
7.742088911821233543e-02
7.703292315941881463e-02
7.664654750499939884e-02
7.626176639866662221e-02
7.587858408413201972e-02
7.549700480510815326e-02
7.511703280530654392e-02
7.473867232843975361e-02
7.436192761821928954e-02
7.398680291835769973e-02
7.361330247256654691e-02
7.324143052455832359e-02
7.287119131804466188e-02
7.250258909673797103e-02
7.213562810434988315e-02
7.177031258459289076e-02
7.140664678117858433e-02
7.104463493781942862e-02
7.068428129822704187e-02
7.032559010611388883e-02
6.996856560519158774e-02
6.961321203917260336e-02
6.925953365176852616e-02
6.890753468669186255e-02
6.855721938765417522e-02
6.820859199836797060e-02
6.786165676254506118e-02
6.751641792389725949e-02
6.717287972613703029e-02
6.683104641297601956e-02
6.649092222812665043e-02
6.615251141530058276e-02
6.581581821821022582e-02
6.548084688056725333e-02
6.514760164608407456e-02
6.481608675847233547e-02
6.448630646144448697e-02
6.415826499871216115e-02
6.383196661398778116e-02
6.350741555098302071e-02
6.318461605341027520e-02
6.286357236498123224e-02
6.254428872940828721e-02
6.222676939040310690e-02
6.191101859167812138e-02
6.159704057694496276e-02
6.128483958991608888e-02
6.097441987430312488e-02
6.066578567381850084e-02
6.035894123217388357e-02
6.005389079308166844e-02
5.975063860025354306e-02
5.944918889740190976e-02
5.914954592823843532e-02
5.885171393647553595e-02
5.855569716582503803e-02
5.826149985999884429e-02
5.796912626270932234e-02
5.767858061766816674e-02
5.738986716858775899e-02
5.710299015917980753e-02
5.681795383315669384e-02
5.653476243423007780e-02
5.625342020611239641e-02
5.597393139251529565e-02
5.569630023715119171e-02
5.542053098373175141e-02
5.514662787596939092e-02
5.487459515757576317e-02
5.460443707226332599e-02
5.433615786374366291e-02
5.406976177572928033e-02
5.380525305193176178e-02
5.354263593606357896e-02
5.328191467183635704e-02
5.302309350296253998e-02
5.276617667315376681e-02
5.251116842612246760e-02
5.225807300558028834e-02
5.200689465523967298e-02
5.175763761881226055e-02
5.151030614001047420e-02
5.126490446254595990e-02
5.102143683013116160e-02
5.077990748647773916e-02
5.054032067529808103e-02
5.030268064030404135e-02
5.006699162520752977e-02
4.983325787372086535e-02
4.960148362955581203e-02
4.937167313642467498e-02
4.914383063803924589e-02
4.891796037811180220e-02
4.869406660035413559e-02
4.847215354847855123e-02
4.825222546619682695e-02
4.803428659722124017e-02
4.781834118526358257e-02
4.760439347403615240e-02
4.739244770725074135e-02
4.718250812861961990e-02
4.697457898185461445e-02
4.676866451066796077e-02
4.656476895877149219e-02
4.636289656987748614e-02
4.616305158769772043e-02
4.596523825594447943e-02
4.576946081832959645e-02
4.557572351856529341e-02
4.538403060036342446e-02
4.519438630743621149e-02
4.500679488349552254e-02
4.482126057225355870e-02
4.463778761742219492e-02
4.445638026271365312e-02
4.427703262103527271e-02
4.409878347719976832e-02
4.392099940656975926e-02
4.374368029902037797e-02
4.356682604442721485e-02
4.339043653266541622e-02
4.321451165361055863e-02
4.303905129713780225e-02
4.286405535312272364e-02
4.268952371144048297e-02
4.251545626196665678e-02
4.234185289457639834e-02
4.216871349914528416e-02
4.199603796554847446e-02
4.182382618366155269e-02
4.165207804335965824e-02
4.148079343451838152e-02
4.130997224701287579e-02
4.113961437071872451e-02
4.096971969551106707e-02
4.080028811126549387e-02
4.063131950785716512e-02
4.046281377516165040e-02
4.029477080305410991e-02
4.012719048141011324e-02
3.996007270010482754e-02
3.979341734901382238e-02
3.962722431801226491e-02
3.946149349697572473e-02
3.929622477577945916e-02
3.913141804429873249e-02
3.896707319240913514e-02
3.880319010998581342e-02
3.863976868690432998e-02
3.847680881303985889e-02
3.831431037826798364e-02
3.815227327246385053e-02
3.799069738550302916e-02
3.782958260726069361e-02
3.766892882761241346e-02
3.750873593643333503e-02
3.734900382359905568e-02
3.718973237898471479e-02
3.703092149246588888e-02
3.687257105391775897e-02
3.671468095321588077e-02
3.655725108023541448e-02
3.640028132485192969e-02
3.624377157694059354e-02
3.608772172637698256e-02
3.593213166303626388e-02
3.577700127679397935e-02
3.562233045752533078e-02
3.546811909510586697e-02
3.531436707941076197e-02
3.516107430031555764e-02
3.500824064769545579e-02
3.485586601142600521e-02
3.470395028138247712e-02
3.455249334744013578e-02
3.440149509947455081e-02
3.425095542736088933e-02
3.410087422097471399e-02
3.395125137019119888e-02
3.380208676488589969e-02
3.365338029493399746e-02
3.350513185021105483e-02
3.335734132059223894e-02
3.321000859595310550e-02
3.306313356616882859e-02
3.291671612111497780e-02
3.277075615066672720e-02
3.262525354469961864e-02
3.248020819308885393e-02
3.233561998570997492e-02
3.219148881243816263e-02
3.204781456314895888e-02
3.190459712771756551e-02
3.176183639601952435e-02
3.161953225793001643e-02
3.147768460332459745e-02
3.133629332207844842e-02
3.119535830406711119e-02
3.105487943916578411e-02
3.091485661725001596e-02
3.077528972819498082e-02
3.063617866187623440e-02
3.049752330816904444e-02
3.035932355694869952e-02
3.022157929809074495e-02
3.008429042147035826e-02
2.994745681696309864e-02
2.981107837444414363e-02
2.967515498378903854e-02
2.953968653487298174e-02
2.940467291757151158e-02
2.927011402175982296e-02
2.913600973731345425e-02
2.900235995410759687e-02
2.886916456201778572e-02
2.873642345091923303e-02
2.860413651068745983e-02
2.847230363119766794e-02
2.834092470232540267e-02
2.820999961394584504e-02
2.807952825593454729e-02
2.794951051816669044e-02
2.781994629051782672e-02
2.769083546286316144e-02
2.756217792507820175e-02
2.743397356703815987e-02
2.730622227861857765e-02
2.717892394969464651e-02
2.705207847014190828e-02
2.692568572983555439e-02
2.679974561865111973e-02
2.667425802646388941e-02
2.654922284314915198e-02
2.642463995858242848e-02
2.630050926263893807e-02
2.617683064519419484e-02
2.605360399612341449e-02
2.593082920530212152e-02
2.580850616260552122e-02
2.568663475790913808e-02
2.556521488108818782e-02
2.544424642201818798e-02
2.532372927057435774e-02
2.520366331663220424e-02
2.508404845006695708e-02
2.496488456075412338e-02
2.484617153856892927e-02
2.472790927338688188e-02
2.461009765508320388e-02
2.449273657353341280e-02
2.437582591861271741e-02
2.425936558019664568e-02
2.414335544816040985e-02
2.402779541237953093e-02
2.391268536272921769e-02
2.379802518908498768e-02
2.368381478132207049e-02
2.357005402931596286e-02
2.345674282294190477e-02
2.334388105207539296e-02
2.323146860659173335e-02
2.311950537636621450e-02
2.300799125127434008e-02
2.289692612119135010e-02
2.278630987599274127e-02
2.267614240555374666e-02
2.256642359974986994e-02
2.245715334845633723e-02
2.234833154154865914e-02
2.223995806890205831e-02
2.213203282039204189e-02
2.202455568589384294e-02
2.191752655528296512e-02
2.181094531843463455e-02
2.170481186522435144e-02
2.159912608552734883e-02
2.149388786921914429e-02
2.138909710617494658e-02
2.128475368627027325e-02
2.118085749938035389e-02
2.107740843538067829e-02
2.097440638414649686e-02
2.087185123555330285e-02
2.076974287947632586e-02
2.066808120579106609e-02
2.056686610437276699e-02
2.046609746509692185e-02
2.036577517783876370e-02
2.026589913247378583e-02
2.016646921887730107e-02
2.006748532692461187e-02
1.996894734649120109e-02
1.987085516745232261e-02
1.977320867968346274e-02
1.967600777305985801e-02
1.957925233745700863e-02
1.948294226275015806e-02
1.938707743881479262e-02
1.929165775552614884e-02
1.919668310275973039e-02
1.910215337039078073e-02
1.900806844829477579e-02
1.891442822634697637e-02
1.882123259442285840e-02
1.872848144239767573e-02
1.863617466014690777e-02
1.854431213754581184e-02
1.845289376446987081e-02
1.836191943079433161e-02
1.827138902639467016e-02
1.818130244114615074e-02
1.809165956492425273e-02
1.800246028760421960e-02
1.791370449906154461e-02
1.782539208917147816e-02
1.773752294780948577e-02
1.765009696485084212e-02
1.756311403017101966e-02
1.747657403364526879e-02
1.739047686514906890e-02
1.730482241455773632e-02
1.721961057174658041e-02
1.713484122659107364e-02
1.705051426896647682e-02
1.696662958874827279e-02
1.688318707581170849e-02
1.680018662003226332e-02
1.671762811128520154e-02
1.663551143944599214e-02
1.655383649438988899e-02
1.647260316599238189e-02
1.639181134412872123e-02
1.631146091867437253e-02
1.623155177950461395e-02
1.615208381649490751e-02
1.607305691952052099e-02
1.599447097845691640e-02
1.591632588317936498e-02
1.583862152356333569e-02
1.576135778948409283e-02
1.568453457081709843e-02
1.560815175743762717e-02
1.553220923922114458e-02
1.545670690604291318e-02
1.538164464777840544e-02
1.530702235430288390e-02
1.523283991549181926e-02
1.515909722122047235e-02
1.508579416136432080e-02
1.501293062579867228e-02
1.494050650439884310e-02
1.486852168704031092e-02
1.479697606359833308e-02
1.472586952394836987e-02
1.465520195796571508e-02
1.458497325552580645e-02
1.451518330650392909e-02
1.444583200077552941e-02
1.437691922821590293e-02
1.430844487870049607e-02
1.424040884210458699e-02
1.417281100830362385e-02
1.410565126717290042e-02
1.403892950858786487e-02
1.397264562242379361e-02
1.390679949855614349e-02
1.384139102686019612e-02
1.377642009721139794e-02
1.371188659948504272e-02
1.364779042355656995e-02
1.358413145930127165e-02
1.352090959659458386e-02
1.345812472531180901e-02
1.339577673532838832e-02
1.333386551651960863e-02
1.327239095876090770e-02
1.321135295192758449e-02
1.315075138589508544e-02
1.309058615053872859e-02
1.303085713573385110e-02
1.297156423135589591e-02
1.291270732728014292e-02
1.285428631338204897e-02
1.279630107953689915e-02
1.273875151562014335e-02
1.268163751150705107e-02
1.262495895707308954e-02
1.256871574219354387e-02
1.251290775674384313e-02
1.245753489059929844e-02
1.240259703363533889e-02
1.234809407572726343e-02
1.229402590675050290e-02
1.224039241658036320e-02
1.218719349509227688e-02
1.213442903216153772e-02
1.208209891766359213e-02
1.203020304147373043e-02
1.197874129346739210e-02
1.192771356351986570e-02
1.187711974150660287e-02
1.182692957017339973e-02
1.177688702826730320e-02
1.172693419858334037e-02
1.167707146551645418e-02
1.162729921346145577e-02
1.157761782681328462e-02
1.152802768996679002e-02
1.147852918731681431e-02
1.142912270325829524e-02
1.137980862218604741e-02
1.133058732849501031e-02
1.128145920658000026e-02
1.123242464083595155e-02
1.118348401565768396e-02
1.113463771544013180e-02
1.108588612457811137e-02
1.103722962746656391e-02
1.098866860850029707e-02
1.094020345207425554e-02
1.089183454258325218e-02
1.084356226442222300e-02
1.079538700198598607e-02
1.074730913966947914e-02
1.069932906186751680e-02
1.065144715297503507e-02
1.060366379738685375e-02
1.055597937949790538e-02
1.050839428370300629e-02
1.046090889439709945e-02
1.041352359597499250e-02
1.036623877283163013e-02
1.031905480936182347e-02
1.027197208996051200e-02
1.022499099902251206e-02
1.017811192094275792e-02
1.013133524011609540e-02
1.008466134093737553e-02
1.003809060780153431e-02
9.991623425103381140e-03
9.945260177237862445e-03
9.899001248599791081e-03
9.852847023584101332e-03
9.806797886585611260e-03
9.760854221999255148e-03
9.715016414219856261e-03
9.669284847642341946e-03
9.623659906661537200e-03
9.578141975672372840e-03
9.532731439069670396e-03
9.487428681248358947e-03
9.442234086603265228e-03
9.397148039529314850e-03
9.352170924421332812e-03
9.307303125674253400e-03
9.262545027682892937e-03
9.217897014842183975e-03
9.173359471546948044e-03
9.128932782192121162e-03
9.084617331172517921e-03
9.040413502883074340e-03
8.996321681718611948e-03
8.952342252074059828e-03
8.908475598344244711e-03
8.864722104924090476e-03
8.821082156208453345e-03
8.777556136592177399e-03
8.734144430470196924e-03
8.690847422237331713e-03
8.647665496288512582e-03
8.604599037018568000e-03
8.561648428822420109e-03
8.518814056094897377e-03
8.476096303230925416e-03
8.433495554625330959e-03
8.391012194673043087e-03
8.348646607768885064e-03
8.306399178307784237e-03
8.264270290684567338e-03
8.222260329294165185e-03
8.180369678531395836e-03
8.138598722791195311e-03
8.096947846468379936e-03
8.055417433957885731e-03
8.014007869654530755e-03
7.972719537953249294e-03
7.931552823248866346e-03
7.890508109936304054e-03
7.849585782410392620e-03
7.808786225066056789e-03
7.768109822298123295e-03
7.727556958501520350e-03
7.687128018071073821e-03
7.646823385401711054e-03
7.606643444888281334e-03
7.566588580925637415e-03
7.526659177908705776e-03
7.486855620232311416e-03
7.447178292291384283e-03
7.407627578480750243e-03
7.368203863195333173e-03
7.328907530829963275e-03
7.289738965779561826e-03
7.250698552438961629e-03
7.211786675203083960e-03
7.173003718466759888e-03
7.134350066624913292e-03
7.095826104072369168e-03
7.057432215204059202e-03
7.019168784414804921e-03
6.981036196099535407e-03
6.943034834653074791e-03
6.905165084470353890e-03
6.867427329946196833e-03
6.829821955475528367e-03
6.792349345453178693e-03
6.755009884274071688e-03
6.717803956333035821e-03
6.680731946024995836e-03
6.643794237744779334e-03
6.606991215887311926e-03
6.570323264847422948e-03
6.533790769020033674e-03
6.497394112800000329e-03
6.461133680582173931e-03
6.425009856761479225e-03
6.389023025732743812e-03
6.353173571890894170e-03
6.317461879630757900e-03
6.281888333347258879e-03
6.246453317435226443e-03
6.211157216289584469e-03
6.176000414305163159e-03
6.140983295876884657e-03
6.106106245399580898e-03
6.071369647268172291e-03
6.036773885877490774e-03
6.002319345622458488e-03
5.968006410897906504e-03
5.933835466098756097e-03
5.899806895619839203e-03
5.865921083856077099e-03
5.832178415202302589e-03
5.798579274053435213e-03
5.765124044804309511e-03
5.731813111849842421e-03
5.698646859584870217e-03
5.665625672404311572e-03
5.632749934702999291e-03
5.600020030875852914e-03
5.567436345317707848e-03
5.534999262423482766e-03
5.502709166588011340e-03
5.470566442206210508e-03
5.438571473672938229e-03
5.406724645383049858e-03
5.375026341731462334e-03
5.343476947113011931e-03
5.312076845922617321e-03
5.280826422555113045e-03
5.249726061405415173e-03
5.218776146868360846e-03
5.187977063338867004e-03
5.157329195211769919e-03
5.126832926881986531e-03
5.096488642744353113e-03
5.066296727193787472e-03
5.036257564625124146e-03
5.006371539433280074e-03
4.976639036013092397e-03
4.947060438759476320e-03
4.917636132067271584e-03
4.888366500331390793e-03
4.859251927946674557e-03
4.830292799308037212e-03
4.801489498810315899e-03
4.772842410848424088e-03
4.744351919817203257e-03
4.716018410111566875e-03
4.687842266126352082e-03
4.659823872256474951e-03
4.631963612896776959e-03
4.604261872442165504e-03
4.576719035287502881e-03
4.549335485827647046e-03
4.522111608457510604e-03
4.495047787571933295e-03
4.468144407565828591e-03
4.441401852834037968e-03
4.414820507771471426e-03
4.388400756772971312e-03
4.362142984233449358e-03
4.336047574547747911e-03
4.310114912110776970e-03
4.284345381317378014e-03
4.258739366562463644e-03
4.233297252240877939e-03
4.208019422747524829e-03
4.182906262477254465e-03
4.157958155824972510e-03
4.133175487185523043e-03
4.108558640953816933e-03
4.084108001524698259e-03
4.059823953293075285e-03
4.035706880653790359e-03
4.011757168001754345e-03
3.987975199731812193e-03
3.964361360238869564e-03
3.940916033917774876e-03
3.917639605163432924e-03
3.894532458370692559e-03
3.871594977934459877e-03
3.848827548249593271e-03
3.826230553710957636e-03
3.803804378713457768e-03
3.781549407651941218e-03
3.759466024921313213e-03
3.737554614916423039e-03
3.715815562032175057e-03
3.694249250663417250e-03
3.672856065205053113e-03
3.651636390051933231e-03
3.630590609598960232e-03
3.609719108240984266e-03
3.589022270372908829e-03
3.568500480389584072e-03
3.548154122685913923e-03
3.527983581656745932e-03
3.507989241696983593e-03
3.488171487201479661e-03
3.468530702565133725e-03
3.449067272182798540e-03
3.429781580449375433e-03
3.410674011759717156e-03
3.391744950508722867e-03
3.372994781091245321e-03
3.354423887902185410e-03
3.336032655336395886e-03
3.317821467788777644e-03
3.299790709654182568e-03
3.281940765327511552e-03
3.264272019203629926e-03
3.246784855677400418e-03
3.229479659143724788e-03
3.212356813997455356e-03
3.195416704633491714e-03
3.178659715446689217e-03
3.162086230831945288e-03
3.145696635184116585e-03
3.129491312898097927e-03
3.113470648368746405e-03
3.097635025990959443e-03
3.081984830159592830e-03
3.066520445269543121e-03
3.051242255715667841e-03
3.036150645892864847e-03
3.021246000195987325e-03
3.006528703019932264e-03
2.991999138759558492e-03
2.977657691809760393e-03
2.963504746565396794e-03
2.949540687421361648e-03
2.935765898772513347e-03
2.922180765013748880e-03
2.908785670539923603e-03
2.895580999745932336e-03
2.882567137026636507e-03
2.869744466776926167e-03
2.857113373391664476e-03
2.844674241265743222e-03
2.832427454794031636e-03
2.820373398371397219e-03
2.808512456392730887e-03
2.796845013252894502e-03
2.785371453346785486e-03
2.774092161069256594e-03
2.763007520815203948e-03
2.752117916979490708e-03
2.741423733957004324e-03
2.730925356142606224e-03
2.720623167931191660e-03
2.710517553717623363e-03
2.700608897896787045e-03
2.690897584863550206e-03
2.681383999012798558e-03
2.672068524739396565e-03
2.662951546438236013e-03
2.653985443943634222e-03
2.645042491079166707e-03
2.636115855069072478e-03
2.627205642594873658e-03
2.618311960338069819e-03
2.609434914980183085e-03
2.600574613202713027e-03
2.591731161687181768e-03
2.582904667115088013e-03
2.574095236167954319e-03
2.565302975527280257e-03
2.556527991874587950e-03
2.547770391891382175e-03
2.539030282259168575e-03
2.530307769659468405e-03
2.521602960773780804e-03
2.512915962283629630e-03
2.504246880870512719e-03
2.495595823215952195e-03
2.486962896001448931e-03
2.478348205908522880e-03
2.469751859618675351e-03
2.461173963813426731e-03
2.452614625174278327e-03
2.444073950382750094e-03
2.435552046120343338e-03
2.427049019068579314e-03
2.418564975908957162e-03
2.410100023322999437e-03
2.401654267992205712e-03
2.393227816598097243e-03
2.384820775822174468e-03
2.376433252345958209e-03
2.368065352850949341e-03
2.359717184018669117e-03
2.351388852530616677e-03
2.343080465068314577e-03
2.334792128313262390e-03
2.326523948946981803e-03
2.318276033650971957e-03
2.310048489106756274e-03
2.301841421995837796e-03
2.293654938999723468e-03
2.285489146799934111e-03
2.277344152077970165e-03
2.269220061515352885e-03
2.261116981793582278e-03
2.253035019594180031e-03
2.244974281598645718e-03
2.236934874488501028e-03
2.228916904945245966e-03
2.220920479650401787e-03
2.212945705285469800e-03
2.204992688531969090e-03
2.197061536071401398e-03
2.189152354585288413e-03
2.181265250755129274e-03
2.173400331262445671e-03
2.165557702788738041e-03
2.157737472015526774e-03
2.149939745624314044e-03
2.142164630296618504e-03
2.134412232713941895e-03
2.126682659557805905e-03
2.118976017509709674e-03
2.111292413251174890e-03
2.103631953463701992e-03
2.095994744828812237e-03
2.088380894028005631e-03
2.080790507742802994e-03
2.073223692654706067e-03
2.065680555445234372e-03
2.058161202795893985e-03
2.050665741388191417e-03
2.043194277903645755e-03
2.035746919023759174e-03
2.028323771430052495e-03
2.020924941804025723e-03
2.013550536827200116e-03
2.006200663181076545e-03
1.998875427547174097e-03
1.991574936606996249e-03
1.984299297042061219e-03
1.977048615533871616e-03
1.969822998763946960e-03
1.962622553413788992e-03
1.955447386164917232e-03
1.948297603698833638e-03
1.941173312697058164e-03
1.934074619841092335e-03
1.927001631812456104e-03
1.919954455292650561e-03
1.912933196963196095e-03
1.905937963505594445e-03
1.898968861601364700e-03
1.892025997932010118e-03
1.885109479179048050e-03
1.878219412023982623e-03
1.871355903148332490e-03
1.864519059233598957e-03
1.857708986961302848e-03
1.850925793012949587e-03
1.844169584070045470e-03
1.837440466814110234e-03
1.830738547926647137e-03
1.824063934089172664e-03
1.817416731983192242e-03
1.810797048290223223e-03
1.804204989691768216e-03
1.797640662869346524e-03
1.791104174504461188e-03
1.784595631278629996e-03
1.778115139873355337e-03
1.771662806970157600e-03
1.765238739250538525e-03
1.758843043396017200e-03
1.752475826088096449e-03
1.746137194008294275e-03
1.739827253838113720e-03
1.733546112259074304e-03
1.727293875952677551e-03
1.721070651600443199e-03
1.714876545883873638e-03
1.708711665484487739e-03
1.702576117083787893e-03
1.696470007363293188e-03
1.690393443004506446e-03
1.684346530688945890e-03
1.678329377098114776e-03
1.672342088913531541e-03
1.666384772816702914e-03
1.660457535489136272e-03
1.654560483612349834e-03
1.648693723867846427e-03
1.642857362937144485e-03
1.637051507501747485e-03
1.631276264243173213e-03
1.625531739842925576e-03
1.619818040982522146e-03
1.614135274343466396e-03
1.608483546607276764e-03
1.602862964455456507e-03
1.597273634569523195e-03
1.591715663630981388e-03
1.586189158321348004e-03
1.580694225322127168e-03
1.575230971314836451e-03
1.569799502980979977e-03
1.564399927002074666e-03
1.559032350059625293e-03
1.553696878835148995e-03
1.548393620010149680e-03
1.543122680266144917e-03
1.537884166284638832e-03
1.532678184747148778e-03
1.527504842335178662e-03
1.522364245730246490e-03
1.517256501613855517e-03
1.512181716667523749e-03
1.507139997572758128e-03
1.502131451011066684e-03
1.497156183663966118e-03
1.492214302212961207e-03
1.487305913339569087e-03
1.482431123725293448e-03
1.477590040051652296e-03
1.472782769000149754e-03
1.468009417252302308e-03
1.463270091489615168e-03
1.458564898393605036e-03
1.453893944645776471e-03
1.449257336927646175e-03
1.444655181920719358e-03
1.440087586306512072e-03
1.435554656766529309e-03
1.431056499982288205e-03
1.426593222635293102e-03
1.422164931407060920e-03
1.417771732979096651e-03
1.413413734032916130e-03
1.409091041250025217e-03
1.404803761311939963e-03
1.400552000900165362e-03
1.396335866696217683e-03
1.392155465381602784e-03
1.388010903637836285e-03
1.383902288146423827e-03
1.379829725588881248e-03
1.375793322646716790e-03
1.371793186001438267e-03
1.367829422334562164e-03
1.363902138327593690e-03
1.360011440662049114e-03
1.356157436019433428e-03
1.352340231081263118e-03
1.348559932529043394e-03
1.344816647044290523e-03
1.341110481308509933e-03
1.337441542003216808e-03
1.333809935809918525e-03
1.330215769410128968e-03
1.326659149485354648e-03
1.323140182717112050e-03
1.319658975786905733e-03
1.316215635376251749e-03
1.312810268166656824e-03
1.309442980839635061e-03
1.306113880076693618e-03
1.302823072559347465e-03
1.299570664969102894e-03
1.296356763987474656e-03
1.293181476295970130e-03
1.290044908576103199e-03
1.286947167509381023e-03
1.283888359777318570e-03
1.280868592061422135e-03
1.277887971043206684e-03
1.274946603404181547e-03
1.272044595825854319e-03
1.269182054989740184e-03
1.266359087577346738e-03
1.263575800270187212e-03
1.260832299749769635e-03
1.258128692697608108e-03
1.255465085795210009e-03
1.252841585724088786e-03
1.250258299165752903e-03
1.247715332801715375e-03
1.245212793313484230e-03
1.242750787382574003e-03
1.240329421690491204e-03
1.237948802918749716e-03
1.235609037748858436e-03
1.233310232862329945e-03
1.231052494940672488e-03
1.228835930665399517e-03
1.226660646718019275e-03
1.224526749780044778e-03
1.222434346532984707e-03
1.220383543658352075e-03
1.218374447837654913e-03
1.216407165752406887e-03
1.214481804084115808e-03
1.212598469514295126e-03
1.210757268724453519e-03
1.208958308396103354e-03
1.207201695210754176e-03
1.205487535849916834e-03
1.203815936995103041e-03
1.202187005327821695e-03
1.200600847529586243e-03
1.199057570281904499e-03
1.197557280266290129e-03
1.196100084164250944e-03
1.194686088657299959e-03
1.193315400426946289e-03
1.191988126154702949e-03
1.190704372522077750e-03
1.189464246210583708e-03
1.188267853901730370e-03
1.187115302277029017e-03
1.186006698017989846e-03
1.184942147806125005e-03
1.183921758322942957e-03
1.182945636249957367e-03
1.182013888268676049e-03
1.181126621060611583e-03
1.180283941307274168e-03
1.179485955690174649e-03
1.178732770890823442e-03
1.178024493590731827e-03
1.177361230471410001e-03
1.176743088214369029e-03
1.176170173501119758e-03
1.175642593013172602e-03
1.175160453432038841e-03
1.174723861439228674e-03
1.174332923716253163e-03
1.173987746944622507e-03
1.173688437805848420e-03
1.173435102981440882e-03
1.173227849152910741e-03
1.173066783001769278e-03
1.172952011209526689e-03
1.172883640457693605e-03
1.172862074987300433e-03
1.173223174935498526e-03
1.174261544177187915e-03
1.175972407033454422e-03
1.178350987825379321e-03
1.181392510874049520e-03
1.185092200500544556e-03
1.189445281025953505e-03
1.194446976771354821e-03
1.200092512057838014e-03
1.206377111206480236e-03
1.213295998538372949e-03
1.220844398374591354e-03
1.229017535036228863e-03
1.237810632844358726e-03
1.247218916120076525e-03
1.257237609184453341e-03
1.267861936358586489e-03
1.279087121963545532e-03
1.290908390320429089e-03
1.303320965750305637e-03
1.316320072574266638e-03
1.329900935113404641e-03
1.344058777688786170e-03
1.358788824621512880e-03
1.374086300232649780e-03
1.389946428843300908e-03
1.406364434774529104e-03
1.423335542347439276e-03
1.440854975883093612e-03
1.458917959702598320e-03
1.477519718127014723e-03
1.496655475477449461e-03
1.516320456074962339e-03
1.536509884240662384e-03
1.557218984295607664e-03
1.578442980560908074e-03
1.600177097357620816e-03
1.622416559006857086e-03
1.645156589829672566e-03
1.668392414147179970e-03
1.692119256280433031e-03
1.716332340550547064e-03
1.741026891278574067e-03
1.766198132785628920e-03
1.791841289392764490e-03
1.817951585421096307e-03
1.844524245191675720e-03
1.871554493025620212e-03
1.899037553243978962e-03
1.926968650167852973e-03
1.955343008118343683e-03
1.984155851416499836e-03
2.013402404383441303e-03
2.043077891340214225e-03
2.073177536607941941e-03
2.103696564507667992e-03
2.134630199360516151e-03
2.165973665487529957e-03
2.197722187209834050e-03
2.229870988848471972e-03
2.262415294724567927e-03
2.295350329159163722e-03
2.328671316473386165e-03
2.362373480988276628e-03
2.396452047024960619e-03
2.430902238904479942e-03
2.465719280947961840e-03
2.500898397476445951e-03
2.536434812811059949e-03
2.572323751272843472e-03
2.608560437182925931e-03
2.645140094862344794e-03
2.682057948632229905e-03
2.719309222813619167e-03
2.756889141727642857e-03
2.794792929695338012e-03
2.833015811037835341e-03
2.871553010076170580e-03
2.910399751131452755e-03
2.949551258524788725e-03
2.989002756577214658e-03
3.028749469609863867e-03
3.068786621943768184e-03
3.109109437900063957e-03
3.149713141799783019e-03
3.190592957964061716e-03
3.231744110713931015e-03
3.273161824370526395e-03
3.314841323254880557e-03
3.356777831688129415e-03
3.398966573991303933e-03
3.441402774485541327e-03
3.484081657491871695e-03
3.526998447331433119e-03
3.570148368325253528e-03
3.613526644794473174e-03
3.657128501060120853e-03
3.700949161443334648e-03
3.744983850265143355e-03
3.789227791846686792e-03
3.833676210508992887e-03
3.878324330573200158e-03
3.923167376360337834e-03
3.968200572191545733e-03
4.013419142387851350e-03
4.058818311270394504e-03
4.104393303160201387e-03
4.150139342378386664e-03
4.196051653246061532e-03
4.242125460084251315e-03
4.288355987214100169e-03
4.334738458956630819e-03
4.381268099632988286e-03
4.427940133564196162e-03
4.474749785071396001e-03
4.521692278475615730e-03
4.568762838097995167e-03
4.615956688259561375e-03
4.663269053281455905e-03
4.710695157484704083e-03
4.758230225190449199e-03
4.805869480719713975e-03
4.853608148393644302e-03
4.901441452533262036e-03
4.949364617459712200e-03
4.997372867494017518e-03
5.045461426957323879e-03
5.093625520170652274e-03
5.141860371455149459e-03
5.190161205131837291e-03
5.238523245521859058e-03
5.286941716946240953e-03
5.335411843726125397e-03
5.383928850182536849e-03
5.432487960636618596e-03
5.481084399409392495e-03
5.529713390821977548e-03
5.578370159195480613e-03
5.627049928850930485e-03
5.675747924109471321e-03
5.724459369292124976e-03
5.773179488720034738e-03
5.821903506714224200e-03
5.870626647595841852e-03
5.919344135685904347e-03
5.968051195305561912e-03
6.016743050775834670e-03
6.065414926417866774e-03
6.114062046552683552e-03
6.162679635501429158e-03
6.211262917585123715e-03
6.259807117124914846e-03
6.308307458441826145e-03
6.356759165856996560e-03
6.405157463691457491e-03
6.453497576266347020e-03
6.501774727902692209e-03
6.549984142921636346e-03
6.598121045644199552e-03
6.646180660391531186e-03
6.694158211484649637e-03
6.742048923244704263e-03
6.789848019992714319e-03
6.837550726049827429e-03
6.885152265737062849e-03
6.932647863375540447e-03
6.980032743286369683e-03
7.027302129790574149e-03
7.074451247209297133e-03
7.121475319863567431e-03
7.168369572074523993e-03
7.215129228163193013e-03
7.261749512450717779e-03
7.308225649258121015e-03
7.354552862906547743e-03
7.400726377717021555e-03
7.446741418010683136e-03
7.492593208108563885e-03
7.538276972331801884e-03
7.583787935001424195e-03
7.629121320438567166e-03
7.674272352964263064e-03
7.719236256899653439e-03
7.764008256565759283e-03
7.808583576283726485e-03
7.852957440374581238e-03
7.897125073159462494e-03
7.941081698959399915e-03
7.984822542095530717e-03
8.028342826888886299e-03
8.071637777660600407e-03
8.114702618731706174e-03
8.157532574423342550e-03
8.200122869056533995e-03
8.242468726952400376e-03
8.284565372432044217e-03
8.326408029816500384e-03
8.367991923426900888e-03
8.409312277584280598e-03
8.450364316609778464e-03
8.491143264824418946e-03
8.531644346549340993e-03
8.571862786105579474e-03
8.611793807814269869e-03
8.651432635996440107e-03
8.690774494973229139e-03
8.729814609065664893e-03
8.768548202594888055e-03
8.806970499881928288e-03
8.845076725247921073e-03
8.882862103013896074e-03
8.920321857500993976e-03
8.957451213030244441e-03
8.994245393922784687e-03
9.030699624499642642e-03
9.066809129081955521e-03
9.102569131990759926e-03
9.137974857547182667e-03
9.173021530072263813e-03
9.207704373887135377e-03
9.242018613312830491e-03
9.275959472670482903e-03
9.309522176281129213e-03
9.342701948465878883e-03
9.375494013545827496e-03
9.407893595842027265e-03
9.439895919675601529e-03
9.471496209367586891e-03
9.502689689239115362e-03
9.533471583611225278e-03
9.563837116805038244e-03
9.593781513141609943e-03
9.623299996942055040e-03
9.652387792527413607e-03
9.681040124218817655e-03
9.709252216337308991e-03
9.737019293204007483e-03
9.764336579139963612e-03
9.791199298466295511e-03
9.817602675504048457e-03
9.843541934574345786e-03
9.869012299998237980e-03
9.894008996096834499e-03
9.918527247191197965e-03
9.942562277602432635e-03
9.966109311651597663e-03
9.989163573659805978e-03
1.001172028794811326e-02
1.003377467883762725e-02
1.005532197064941229e-02
1.007635738770457090e-02
1.009687615432416398e-02
1.011687349482930098e-02
1.013634463354104280e-02
1.015528479478048328e-02
1.017368920286871800e-02
1.019155308212680439e-02
1.020887165687585883e-02
1.022564015143693009e-02
1.024185379013113281e-02
1.025750779727952616e-02
1.027259739720321439e-02
1.028711781422326534e-02
1.030106427266077457e-02
1.031443199683681339e-02
1.032721621107248605e-02
1.033941213968884998e-02
1.035101500700701116e-02
1.036202003734803916e-02
1.037242245503302955e-02
1.038221748438305364e-02
1.039140034971920527e-02
1.039996627536256268e-02
1.040791048563421452e-02
1.041522820485523901e-02
1.042191465734672653e-02
1.042796506742974319e-02
1.043337465942540364e-02
1.043813865765476703e-02
1.044225228643892549e-02
1.044571077009896071e-02
1.044850933295596133e-02
1.045064319933100908e-02
1.045210759354518043e-02
1.045289773991956751e-02
1.045300403958457011e-02
1.045236320075711156e-02
1.045096114372775706e-02
1.044880324774212499e-02
1.044589489204583721e-02
1.044224145588450690e-02
1.043784831850376113e-02
1.043272085914921134e-02
1.042686445706648979e-02
1.042028449150120099e-02
1.041298634169897722e-02
1.040497538690542817e-02
1.039625700636618265e-02
1.038683657932685037e-02
1.037671948503306185e-02
1.036591110273042508e-02
1.035441681166457233e-02
1.034224199108110982e-02
1.032939202022567157e-02
1.031587227834386208e-02
1.030168814468131536e-02
1.028684499848363416e-02
1.027134821899646118e-02
1.025520318546539050e-02
1.023841527713606481e-02
1.022098987325408340e-02
1.020293235306508374e-02
1.018424809581468075e-02
1.016494248074847721e-02
1.014502088711212099e-02
1.012448869415119926e-02
1.010335128111136509e-02
1.008161402723821085e-02
1.005928231177737747e-02
1.003636151397446080e-02
1.001285701307511045e-02
9.988774188324913567e-03
9.964118418969523244e-03
9.938895084254524906e-03
9.913109563425569898e-03
9.886767235728248851e-03
9.859873480408211377e-03
9.832433676711044637e-03
9.804453203882401713e-03
9.775937441167866296e-03
9.746891767813098406e-03
9.717321563063676532e-03
9.687232206165257223e-03
9.656629076363425906e-03
9.625517552903837398e-03
9.593903015032075390e-03
9.561790841993794698e-03
9.529186413034580749e-03
9.496095107400088359e-03
9.462522304335897749e-03
9.428473383087670676e-03
9.393953722901008177e-03
9.358968703021502619e-03
9.323523702694820961e-03
9.287624101166538221e-03
9.251275277682319623e-03
9.214482611487738450e-03
9.177251481828458193e-03
9.139587267950053870e-03
9.101495349098194174e-03
9.062981104518447184e-03
9.024049913456485064e-03
8.984707155157872424e-03
8.944958208868284896e-03
8.904808453833288825e-03
8.864263269298554640e-03
8.823328034509648685e-03
8.782008128712248327e-03
8.740308931151916441e-03
8.698235821074325191e-03
8.655794177725040922e-03
8.612989380349741000e-03
8.569826808193984832e-03
8.526311840503451520e-03
8.482449856523702203e-03
8.438246235500415984e-03
8.393706356679150535e-03
8.348835599305588426e-03
8.303639342625287328e-03
8.258122965883928079e-03
8.212291848327099575e-03
8.166151369200390711e-03
8.119706907749484059e-03
8.072963843219935556e-03
8.025927554857426038e-03
7.978603421907516646e-03
7.930996823615884747e-03
7.883113139228093216e-03
7.834957747989815952e-03
7.786536029146619298e-03
7.737853361944178020e-03
7.688915125628055861e-03
7.639726699443925850e-03
7.590293462637355201e-03
7.540620794454018679e-03
7.490714074139476555e-03
7.440578680939409668e-03
7.390219994099377424e-03
7.339643392865060657e-03
7.288854256482015306e-03
7.237857964195923942e-03
7.186659895252345102e-03
7.135265428896958757e-03
7.083679944375323445e-03
7.031908820933122604e-03
6.979957437815909570e-03
6.927831174269371249e-03
6.875535409539060110e-03
6.823075522870660457e-03
6.770456893509762923e-03
6.717684900701951199e-03
6.664764923692910459e-03
6.611702341728194904e-03
6.558502534053493177e-03
6.505170879914354276e-03
6.451712758556465976e-03
6.398133549225380745e-03
6.344438631166787225e-03
6.290633383626236148e-03
6.236723185849414423e-03
6.182713417081874517e-03
6.128609456569303338e-03
6.074416683557252485e-03
6.020140477291410601e-03
5.965786217017329286e-03
5.911359281980695449e-03
5.856865051427058953e-03
5.802308904602111045e-03
5.747696220751399854e-03
5.693032379120616625e-03
5.638322758955310356e-03
5.583572739501169689e-03
5.528787700003746225e-03
5.473973019708726871e-03
5.419134077861661493e-03
5.364276253708244804e-03
5.309404926494018864e-03
5.254525475464677520e-03
5.199643279865807065e-03
5.144763718942985987e-03
5.089892171941911604e-03
5.035034018108127708e-03
4.980194636687326412e-03
4.925379406925055846e-03
4.870593708067007255e-03
4.815842919358729636e-03
4.761132420045911633e-03
4.706467589374103977e-03
4.651853806588998781e-03
4.597296450936141574e-03
4.542800901661220130e-03
4.488372538009791253e-03
4.434016739227538383e-03
4.379738884560013985e-03
4.325544353252907571e-03
4.271438524551767271e-03
4.217426777702285197e-03
4.163514491950007744e-03
4.109707046540627025e-03
4.056009820719692037e-03
4.002428193732892291e-03
3.948967544825775916e-03
3.895633253244035026e-03
3.842430698233218183e-03
3.789365259039014031e-03
3.736442314906975037e-03
3.683667245082786808e-03
3.631045428812036940e-03
3.578582245340309123e-03
3.526283073913292002e-03
3.474153293776537175e-03
3.422198284175732852e-03
3.370423424356430633e-03
3.318834093564316558e-03
3.267435671044943094e-03
3.216233536043997150e-03
3.165233067807034228e-03
3.114439645579737334e-03
3.063858648607660235e-03
3.013495456136485937e-03
2.963355447411776880e-03
2.913444001679209132e-03
2.863766498184341664e-03
2.814328316172854446e-03
2.765134834890311220e-03
2.716191433582387620e-03
2.667503491494643917e-03
2.619076387872759648e-03
2.570915501962293351e-03
2.523026213008930201e-03
2.475413900258220928e-03
2.428083942955855043e-03
2.381041720347381110e-03
2.334292611678489941e-03
2.287841996194735304e-03
2.241695253141792396e-03
2.195857761765229732e-03
2.150334901310721209e-03
2.105132051023861795e-03
2.060254590150233881e-03
2.015707897935521339e-03
1.971497353625284443e-03
1.927628336465198391e-03
1.884106225700828878e-03
1.840936400577853271e-03
1.798124240341828156e-03
1.755675124238434371e-03
1.713594431513239128e-03
1.671887541411907433e-03
1.630559833180013221e-03
1.589616686063227572e-03
1.549063479307114877e-03
1.508905592157349252e-03
1.469148403859494223e-03
1.429797293659228023e-03
1.390857640802112228e-03
1.352334824533822904e-03
1.314234224099925527e-03
1.276561218746091828e-03
1.239321187717889235e-03
1.202519510260988611e-03
1.166161565620963889e-03
1.130252733043474005e-03
1.094798391774100266e-03
1.059803921058504643e-03
1.025274700142260638e-03
9.912161082710336905e-04
9.576335246904211541e-04
9.245323286460222249e-04
8.919178993834961638e-04
8.597956161484223260e-04
8.281708581864631168e-04
7.970490047431948557e-04
7.664354350642814655e-04
7.363355283952992660e-04
7.067546639819062169e-04
6.776982210696861188e-04
6.491715789042908601e-04
6.211801167313162758e-04
5.937292137964007019e-04
5.668242493451432261e-04
5.404706026231909663e-04
5.146736528761264220e-04
4.894387793496104803e-04
4.647713612892253698e-04
4.406767779406230872e-04
4.171604085493919867e-04
3.942276323611839024e-04
3.718838286215872969e-04
3.501343765762508602e-04
3.289846554707661448e-04
3.084400445507789134e-04
2.885059230618865732e-04
2.691876702497289779e-04
2.504906653599005533e-04
2.324202876380500706e-04
2.149819163297840986e-04
1.981809306807091517e-04
1.820227099364619939e-04
1.665126333426551568e-04
1.516560801449133426e-04
1.374584295888460744e-04
1.239250609200870260e-04
1.110613533842458425e-04
9.887268622694409545e-05
8.736443869380342388e-05
7.654199003044848918e-05
6.641071948248282431e-05
5.697600629554311851e-05
4.824322971523595406e-05
4.021776898718897389e-05
3.290500335701476405e-05
2.631031207034400661e-05
2.043907437278325677e-05
1.529666950996619846e-05
1.088847672749939028e-05
7.219875271010491224e-06
4.296244386124144025e-06
2.122963318443897746e-06
7.054113135974074804e-07
4.896761720630258940e-08
0.000000000000000000e+00
0.000000000000000000e+00
0.000000000000000000e+00
0.000000000000000000e+00
0.000000000000000000e+00
0.000000000000000000e+00
0.000000000000000000e+00
0.000000000000000000e+00
0.000000000000000000e+00
0.000000000000000000e+00
0.000000000000000000e+00
0.000000000000000000e+00
0.000000000000000000e+00
0.000000000000000000e+00
0.000000000000000000e+00
0.000000000000000000e+00
0.000000000000000000e+00
0.000000000000000000e+00
0.000000000000000000e+00
0.000000000000000000e+00
0.000000000000000000e+00
0.000000000000000000e+00
0.000000000000000000e+00
0.000000000000000000e+00
0.000000000000000000e+00
0.000000000000000000e+00
0.000000000000000000e+00
0.000000000000000000e+00
0.000000000000000000e+00
0.000000000000000000e+00
0.000000000000000000e+00
0.000000000000000000e+00
0.000000000000000000e+00
0.000000000000000000e+00
0.000000000000000000e+00
0.000000000000000000e+00
0.000000000000000000e+00
0.000000000000000000e+00
0.000000000000000000e+00
0.000000000000000000e+00
0.000000000000000000e+00
0.000000000000000000e+00
0.000000000000000000e+00
0.000000000000000000e+00
0.000000000000000000e+00
0.000000000000000000e+00
0.000000000000000000e+00
0.000000000000000000e+00
0.000000000000000000e+00
0.000000000000000000e+00
0.000000000000000000e+00
0.000000000000000000e+00
0.000000000000000000e+00
0.000000000000000000e+00
0.000000000000000000e+00
0.000000000000000000e+00
0.000000000000000000e+00
0.000000000000000000e+00
0.000000000000000000e+00
0.000000000000000000e+00
0.000000000000000000e+00
0.000000000000000000e+00
0.000000000000000000e+00
0.000000000000000000e+00
0.000000000000000000e+00
0.000000000000000000e+00
0.000000000000000000e+00
0.000000000000000000e+00
0.000000000000000000e+00
0.000000000000000000e+00
0.000000000000000000e+00
0.000000000000000000e+00
0.000000000000000000e+00
0.000000000000000000e+00
0.000000000000000000e+00
0.000000000000000000e+00
0.000000000000000000e+00
0.000000000000000000e+00
0.000000000000000000e+00
0.000000000000000000e+00
0.000000000000000000e+00
0.000000000000000000e+00
0.000000000000000000e+00
0.000000000000000000e+00
0.000000000000000000e+00
0.000000000000000000e+00
0.000000000000000000e+00
0.000000000000000000e+00
0.000000000000000000e+00
0.000000000000000000e+00
0.000000000000000000e+00
0.000000000000000000e+00
0.000000000000000000e+00
0.000000000000000000e+00
0.000000000000000000e+00
0.000000000000000000e+00
0.000000000000000000e+00
0.000000000000000000e+00
0.000000000000000000e+00
0.000000000000000000e+00
0.000000000000000000e+00
0.000000000000000000e+00
0.000000000000000000e+00
0.000000000000000000e+00
0.000000000000000000e+00
0.000000000000000000e+00
0.000000000000000000e+00
0.000000000000000000e+00
0.000000000000000000e+00
0.000000000000000000e+00
0.000000000000000000e+00
0.000000000000000000e+00
0.000000000000000000e+00
0.000000000000000000e+00
0.000000000000000000e+00
0.000000000000000000e+00
0.000000000000000000e+00
0.000000000000000000e+00
0.000000000000000000e+00
0.000000000000000000e+00
0.000000000000000000e+00
0.000000000000000000e+00
0.000000000000000000e+00
0.000000000000000000e+00
0.000000000000000000e+00
0.000000000000000000e+00
0.000000000000000000e+00
0.000000000000000000e+00
0.000000000000000000e+00
0.000000000000000000e+00
0.000000000000000000e+00
0.000000000000000000e+00
0.000000000000000000e+00
0.000000000000000000e+00
0.000000000000000000e+00
0.000000000000000000e+00
0.000000000000000000e+00
0.000000000000000000e+00
0.000000000000000000e+00
0.000000000000000000e+00
0.000000000000000000e+00
0.000000000000000000e+00
0.000000000000000000e+00
0.000000000000000000e+00
0.000000000000000000e+00
0.000000000000000000e+00
0.000000000000000000e+00
0.000000000000000000e+00
0.000000000000000000e+00
0.000000000000000000e+00
0.000000000000000000e+00
0.000000000000000000e+00
0.000000000000000000e+00
0.000000000000000000e+00
0.000000000000000000e+00
0.000000000000000000e+00
0.000000000000000000e+00
0.000000000000000000e+00
0.000000000000000000e+00
0.000000000000000000e+00
0.000000000000000000e+00
0.000000000000000000e+00
0.000000000000000000e+00
0.000000000000000000e+00
0.000000000000000000e+00
0.000000000000000000e+00
0.000000000000000000e+00
0.000000000000000000e+00
0.000000000000000000e+00
0.000000000000000000e+00
0.000000000000000000e+00
0.000000000000000000e+00
0.000000000000000000e+00
0.000000000000000000e+00
0.000000000000000000e+00
0.000000000000000000e+00
0.000000000000000000e+00
0.000000000000000000e+00
0.000000000000000000e+00
0.000000000000000000e+00
0.000000000000000000e+00
0.000000000000000000e+00
0.000000000000000000e+00
0.000000000000000000e+00
0.000000000000000000e+00
0.000000000000000000e+00
0.000000000000000000e+00
0.000000000000000000e+00
0.000000000000000000e+00
0.000000000000000000e+00
0.000000000000000000e+00
0.000000000000000000e+00
0.000000000000000000e+00
0.000000000000000000e+00
0.000000000000000000e+00
0.000000000000000000e+00
0.000000000000000000e+00
0.000000000000000000e+00
0.000000000000000000e+00
0.000000000000000000e+00
0.000000000000000000e+00
0.000000000000000000e+00
0.000000000000000000e+00
0.000000000000000000e+00
0.000000000000000000e+00
0.000000000000000000e+00
0.000000000000000000e+00
0.000000000000000000e+00
0.000000000000000000e+00
0.000000000000000000e+00
0.000000000000000000e+00
0.000000000000000000e+00
0.000000000000000000e+00
0.000000000000000000e+00
0.000000000000000000e+00
0.000000000000000000e+00
0.000000000000000000e+00
0.000000000000000000e+00
0.000000000000000000e+00
0.000000000000000000e+00
0.000000000000000000e+00
0.000000000000000000e+00
0.000000000000000000e+00
0.000000000000000000e+00
0.000000000000000000e+00
0.000000000000000000e+00
0.000000000000000000e+00
0.000000000000000000e+00
0.000000000000000000e+00
0.000000000000000000e+00
0.000000000000000000e+00
0.000000000000000000e+00
0.000000000000000000e+00
0.000000000000000000e+00
0.000000000000000000e+00
0.000000000000000000e+00
0.000000000000000000e+00
0.000000000000000000e+00
0.000000000000000000e+00
0.000000000000000000e+00
0.000000000000000000e+00
0.000000000000000000e+00
0.000000000000000000e+00
0.000000000000000000e+00
0.000000000000000000e+00
0.000000000000000000e+00
0.000000000000000000e+00
0.000000000000000000e+00
0.000000000000000000e+00
0.000000000000000000e+00
0.000000000000000000e+00
0.000000000000000000e+00
0.000000000000000000e+00
0.000000000000000000e+00
0.000000000000000000e+00
0.000000000000000000e+00
0.000000000000000000e+00
0.000000000000000000e+00
0.000000000000000000e+00
0.000000000000000000e+00
0.000000000000000000e+00
0.000000000000000000e+00
0.000000000000000000e+00
0.000000000000000000e+00
0.000000000000000000e+00
0.000000000000000000e+00
0.000000000000000000e+00
0.000000000000000000e+00
0.000000000000000000e+00
0.000000000000000000e+00
0.000000000000000000e+00
0.000000000000000000e+00
0.000000000000000000e+00
0.000000000000000000e+00
0.000000000000000000e+00
0.000000000000000000e+00
0.000000000000000000e+00
0.000000000000000000e+00
0.000000000000000000e+00
0.000000000000000000e+00
0.000000000000000000e+00
0.000000000000000000e+00
0.000000000000000000e+00
0.000000000000000000e+00
0.000000000000000000e+00
0.000000000000000000e+00
0.000000000000000000e+00
0.000000000000000000e+00
0.000000000000000000e+00
0.000000000000000000e+00
0.000000000000000000e+00
0.000000000000000000e+00
0.000000000000000000e+00
0.000000000000000000e+00
0.000000000000000000e+00
0.000000000000000000e+00
0.000000000000000000e+00
0.000000000000000000e+00
0.000000000000000000e+00
0.000000000000000000e+00
0.000000000000000000e+00
0.000000000000000000e+00
0.000000000000000000e+00
0.000000000000000000e+00
0.000000000000000000e+00
0.000000000000000000e+00
0.000000000000000000e+00
0.000000000000000000e+00
0.000000000000000000e+00
0.000000000000000000e+00
0.000000000000000000e+00
0.000000000000000000e+00
0.000000000000000000e+00
0.000000000000000000e+00
0.000000000000000000e+00
0.000000000000000000e+00
0.000000000000000000e+00
0.000000000000000000e+00
0.000000000000000000e+00
0.000000000000000000e+00
0.000000000000000000e+00
0.000000000000000000e+00
0.000000000000000000e+00
0.000000000000000000e+00
0.000000000000000000e+00
0.000000000000000000e+00
0.000000000000000000e+00
0.000000000000000000e+00
0.000000000000000000e+00
0.000000000000000000e+00
0.000000000000000000e+00
0.000000000000000000e+00
0.000000000000000000e+00
0.000000000000000000e+00
0.000000000000000000e+00
0.000000000000000000e+00
0.000000000000000000e+00
0.000000000000000000e+00
0.000000000000000000e+00
0.000000000000000000e+00
0.000000000000000000e+00
0.000000000000000000e+00
0.000000000000000000e+00
0.000000000000000000e+00
0.000000000000000000e+00
0.000000000000000000e+00
0.000000000000000000e+00
0.000000000000000000e+00
0.000000000000000000e+00
0.000000000000000000e+00
0.000000000000000000e+00
0.000000000000000000e+00
0.000000000000000000e+00
0.000000000000000000e+00
0.000000000000000000e+00
0.000000000000000000e+00
0.000000000000000000e+00
0.000000000000000000e+00
0.000000000000000000e+00
0.000000000000000000e+00
0.000000000000000000e+00
0.000000000000000000e+00
0.000000000000000000e+00
0.000000000000000000e+00
0.000000000000000000e+00
0.000000000000000000e+00
0.000000000000000000e+00
0.000000000000000000e+00
0.000000000000000000e+00
0.000000000000000000e+00
0.000000000000000000e+00
0.000000000000000000e+00
0.000000000000000000e+00
0.000000000000000000e+00
0.000000000000000000e+00
0.000000000000000000e+00
0.000000000000000000e+00
0.000000000000000000e+00
0.000000000000000000e+00
0.000000000000000000e+00
0.000000000000000000e+00
0.000000000000000000e+00
0.000000000000000000e+00
0.000000000000000000e+00
0.000000000000000000e+00
0.000000000000000000e+00
0.000000000000000000e+00
0.000000000000000000e+00
0.000000000000000000e+00
0.000000000000000000e+00
0.000000000000000000e+00
0.000000000000000000e+00
0.000000000000000000e+00
0.000000000000000000e+00
0.000000000000000000e+00
0.000000000000000000e+00
0.000000000000000000e+00
0.000000000000000000e+00
0.000000000000000000e+00
0.000000000000000000e+00
0.000000000000000000e+00
0.000000000000000000e+00
0.000000000000000000e+00
0.000000000000000000e+00
0.000000000000000000e+00
0.000000000000000000e+00
0.000000000000000000e+00
0.000000000000000000e+00
0.000000000000000000e+00
0.000000000000000000e+00
0.000000000000000000e+00
0.000000000000000000e+00
0.000000000000000000e+00
0.000000000000000000e+00
0.000000000000000000e+00
0.000000000000000000e+00
0.000000000000000000e+00
0.000000000000000000e+00
0.000000000000000000e+00
0.000000000000000000e+00
0.000000000000000000e+00
0.000000000000000000e+00
0.000000000000000000e+00
0.000000000000000000e+00
0.000000000000000000e+00
0.000000000000000000e+00
0.000000000000000000e+00
0.000000000000000000e+00
0.000000000000000000e+00
0.000000000000000000e+00
0.000000000000000000e+00
0.000000000000000000e+00
0.000000000000000000e+00
0.000000000000000000e+00
0.000000000000000000e+00
0.000000000000000000e+00
0.000000000000000000e+00
0.000000000000000000e+00
0.000000000000000000e+00
0.000000000000000000e+00
0.000000000000000000e+00
0.000000000000000000e+00
0.000000000000000000e+00
0.000000000000000000e+00
0.000000000000000000e+00
0.000000000000000000e+00
0.000000000000000000e+00
0.000000000000000000e+00
0.000000000000000000e+00
0.000000000000000000e+00
0.000000000000000000e+00
0.000000000000000000e+00
0.000000000000000000e+00
0.000000000000000000e+00
0.000000000000000000e+00
0.000000000000000000e+00
0.000000000000000000e+00
0.000000000000000000e+00
0.000000000000000000e+00
0.000000000000000000e+00
0.000000000000000000e+00
0.000000000000000000e+00
0.000000000000000000e+00
0.000000000000000000e+00
0.000000000000000000e+00
0.000000000000000000e+00
0.000000000000000000e+00
0.000000000000000000e+00
0.000000000000000000e+00
0.000000000000000000e+00
0.000000000000000000e+00
0.000000000000000000e+00
0.000000000000000000e+00
0.000000000000000000e+00
0.000000000000000000e+00
0.000000000000000000e+00
0.000000000000000000e+00
0.000000000000000000e+00
0.000000000000000000e+00
0.000000000000000000e+00
0.000000000000000000e+00
0.000000000000000000e+00
0.000000000000000000e+00
0.000000000000000000e+00
0.000000000000000000e+00
0.000000000000000000e+00
0.000000000000000000e+00
0.000000000000000000e+00
0.000000000000000000e+00
0.000000000000000000e+00
0.000000000000000000e+00
0.000000000000000000e+00
0.000000000000000000e+00
0.000000000000000000e+00
0.000000000000000000e+00
0.000000000000000000e+00
0.000000000000000000e+00
0.000000000000000000e+00
0.000000000000000000e+00
0.000000000000000000e+00
0.000000000000000000e+00
0.000000000000000000e+00
0.000000000000000000e+00
0.000000000000000000e+00
0.000000000000000000e+00
0.000000000000000000e+00
0.000000000000000000e+00
0.000000000000000000e+00
0.000000000000000000e+00
0.000000000000000000e+00
0.000000000000000000e+00
0.000000000000000000e+00
0.000000000000000000e+00
0.000000000000000000e+00
0.000000000000000000e+00
0.000000000000000000e+00
0.000000000000000000e+00
0.000000000000000000e+00
0.000000000000000000e+00
0.000000000000000000e+00
0.000000000000000000e+00
0.000000000000000000e+00
0.000000000000000000e+00
0.000000000000000000e+00
0.000000000000000000e+00
0.000000000000000000e+00
0.000000000000000000e+00
0.000000000000000000e+00
0.000000000000000000e+00
0.000000000000000000e+00
0.000000000000000000e+00
0.000000000000000000e+00
0.000000000000000000e+00
0.000000000000000000e+00
0.000000000000000000e+00
0.000000000000000000e+00
0.000000000000000000e+00
0.000000000000000000e+00
0.000000000000000000e+00
0.000000000000000000e+00
0.000000000000000000e+00
0.000000000000000000e+00
0.000000000000000000e+00
0.000000000000000000e+00
0.000000000000000000e+00
0.000000000000000000e+00
0.000000000000000000e+00
0.000000000000000000e+00
0.000000000000000000e+00
0.000000000000000000e+00
0.000000000000000000e+00
0.000000000000000000e+00
0.000000000000000000e+00
0.000000000000000000e+00
0.000000000000000000e+00
0.000000000000000000e+00
0.000000000000000000e+00
0.000000000000000000e+00
0.000000000000000000e+00
0.000000000000000000e+00
0.000000000000000000e+00
0.000000000000000000e+00
0.000000000000000000e+00
0.000000000000000000e+00
0.000000000000000000e+00
0.000000000000000000e+00
0.000000000000000000e+00
0.000000000000000000e+00
0.000000000000000000e+00
0.000000000000000000e+00
0.000000000000000000e+00
0.000000000000000000e+00
0.000000000000000000e+00
0.000000000000000000e+00
0.000000000000000000e+00
0.000000000000000000e+00
0.000000000000000000e+00
0.000000000000000000e+00
0.000000000000000000e+00
0.000000000000000000e+00
0.000000000000000000e+00
0.000000000000000000e+00
0.000000000000000000e+00
0.000000000000000000e+00
0.000000000000000000e+00
0.000000000000000000e+00
0.000000000000000000e+00
0.000000000000000000e+00
0.000000000000000000e+00
0.000000000000000000e+00
0.000000000000000000e+00
0.000000000000000000e+00
0.000000000000000000e+00
0.000000000000000000e+00
0.000000000000000000e+00
0.000000000000000000e+00
0.000000000000000000e+00
0.000000000000000000e+00
0.000000000000000000e+00
0.000000000000000000e+00
0.000000000000000000e+00
0.000000000000000000e+00
0.000000000000000000e+00
0.000000000000000000e+00
0.000000000000000000e+00
0.000000000000000000e+00
0.000000000000000000e+00
0.000000000000000000e+00
0.000000000000000000e+00
0.000000000000000000e+00
0.000000000000000000e+00
0.000000000000000000e+00
0.000000000000000000e+00
0.000000000000000000e+00
0.000000000000000000e+00
0.000000000000000000e+00
0.000000000000000000e+00
0.000000000000000000e+00
0.000000000000000000e+00
0.000000000000000000e+00
0.000000000000000000e+00
0.000000000000000000e+00
0.000000000000000000e+00
0.000000000000000000e+00
0.000000000000000000e+00
0.000000000000000000e+00
0.000000000000000000e+00
0.000000000000000000e+00
0.000000000000000000e+00
0.000000000000000000e+00
0.000000000000000000e+00
0.000000000000000000e+00
0.000000000000000000e+00
0.000000000000000000e+00
0.000000000000000000e+00
0.000000000000000000e+00
0.000000000000000000e+00
0.000000000000000000e+00
0.000000000000000000e+00
0.000000000000000000e+00
0.000000000000000000e+00
0.000000000000000000e+00
0.000000000000000000e+00
0.000000000000000000e+00
0.000000000000000000e+00
0.000000000000000000e+00
0.000000000000000000e+00
0.000000000000000000e+00
0.000000000000000000e+00
0.000000000000000000e+00
0.000000000000000000e+00
0.000000000000000000e+00
0.000000000000000000e+00
0.000000000000000000e+00
0.000000000000000000e+00
0.000000000000000000e+00
0.000000000000000000e+00
0.000000000000000000e+00
0.000000000000000000e+00
0.000000000000000000e+00
0.000000000000000000e+00
0.000000000000000000e+00
0.000000000000000000e+00
0.000000000000000000e+00
0.000000000000000000e+00
0.000000000000000000e+00
0.000000000000000000e+00
0.000000000000000000e+00
0.000000000000000000e+00
0.000000000000000000e+00
0.000000000000000000e+00
0.000000000000000000e+00
0.000000000000000000e+00
0.000000000000000000e+00
0.000000000000000000e+00
0.000000000000000000e+00
0.000000000000000000e+00
0.000000000000000000e+00
0.000000000000000000e+00
0.000000000000000000e+00
0.000000000000000000e+00
0.000000000000000000e+00
0.000000000000000000e+00
0.000000000000000000e+00
0.000000000000000000e+00
0.000000000000000000e+00
0.000000000000000000e+00
0.000000000000000000e+00
0.000000000000000000e+00
0.000000000000000000e+00
0.000000000000000000e+00
0.000000000000000000e+00
0.000000000000000000e+00
0.000000000000000000e+00
0.000000000000000000e+00
0.000000000000000000e+00
0.000000000000000000e+00
0.000000000000000000e+00
0.000000000000000000e+00
0.000000000000000000e+00
0.000000000000000000e+00
0.000000000000000000e+00
0.000000000000000000e+00
0.000000000000000000e+00
0.000000000000000000e+00
0.000000000000000000e+00
0.000000000000000000e+00
0.000000000000000000e+00
0.000000000000000000e+00
0.000000000000000000e+00
0.000000000000000000e+00
0.000000000000000000e+00
0.000000000000000000e+00
0.000000000000000000e+00
0.000000000000000000e+00
0.000000000000000000e+00
0.000000000000000000e+00
0.000000000000000000e+00
0.000000000000000000e+00
0.000000000000000000e+00
0.000000000000000000e+00
0.000000000000000000e+00
0.000000000000000000e+00
0.000000000000000000e+00
0.000000000000000000e+00
0.000000000000000000e+00
0.000000000000000000e+00
0.000000000000000000e+00
0.000000000000000000e+00
0.000000000000000000e+00
0.000000000000000000e+00
0.000000000000000000e+00
0.000000000000000000e+00
0.000000000000000000e+00
0.000000000000000000e+00
0.000000000000000000e+00
0.000000000000000000e+00
0.000000000000000000e+00
0.000000000000000000e+00
0.000000000000000000e+00
0.000000000000000000e+00
0.000000000000000000e+00
0.000000000000000000e+00
0.000000000000000000e+00
0.000000000000000000e+00
0.000000000000000000e+00
0.000000000000000000e+00
0.000000000000000000e+00
0.000000000000000000e+00
0.000000000000000000e+00
0.000000000000000000e+00
0.000000000000000000e+00
0.000000000000000000e+00
0.000000000000000000e+00
0.000000000000000000e+00
0.000000000000000000e+00
0.000000000000000000e+00
0.000000000000000000e+00
0.000000000000000000e+00
0.000000000000000000e+00
0.000000000000000000e+00
0.000000000000000000e+00
0.000000000000000000e+00
0.000000000000000000e+00
0.000000000000000000e+00
0.000000000000000000e+00
0.000000000000000000e+00
0.000000000000000000e+00
0.000000000000000000e+00
0.000000000000000000e+00
0.000000000000000000e+00
0.000000000000000000e+00
0.000000000000000000e+00
0.000000000000000000e+00
0.000000000000000000e+00
0.000000000000000000e+00
0.000000000000000000e+00
0.000000000000000000e+00
0.000000000000000000e+00
0.000000000000000000e+00
0.000000000000000000e+00
0.000000000000000000e+00
0.000000000000000000e+00
0.000000000000000000e+00
0.000000000000000000e+00
0.000000000000000000e+00
0.000000000000000000e+00
0.000000000000000000e+00
0.000000000000000000e+00
0.000000000000000000e+00
0.000000000000000000e+00
0.000000000000000000e+00
0.000000000000000000e+00
0.000000000000000000e+00
0.000000000000000000e+00
0.000000000000000000e+00
0.000000000000000000e+00
0.000000000000000000e+00
0.000000000000000000e+00
0.000000000000000000e+00
0.000000000000000000e+00
0.000000000000000000e+00
0.000000000000000000e+00
0.000000000000000000e+00
0.000000000000000000e+00
0.000000000000000000e+00
0.000000000000000000e+00
0.000000000000000000e+00
0.000000000000000000e+00
0.000000000000000000e+00
0.000000000000000000e+00
0.000000000000000000e+00
0.000000000000000000e+00
0.000000000000000000e+00
0.000000000000000000e+00
0.000000000000000000e+00
0.000000000000000000e+00
0.000000000000000000e+00
0.000000000000000000e+00
0.000000000000000000e+00
0.000000000000000000e+00
0.000000000000000000e+00
0.000000000000000000e+00
0.000000000000000000e+00
0.000000000000000000e+00
0.000000000000000000e+00
0.000000000000000000e+00
0.000000000000000000e+00
0.000000000000000000e+00
0.000000000000000000e+00
0.000000000000000000e+00
0.000000000000000000e+00
0.000000000000000000e+00
0.000000000000000000e+00
0.000000000000000000e+00
0.000000000000000000e+00
0.000000000000000000e+00
0.000000000000000000e+00
0.000000000000000000e+00
0.000000000000000000e+00
0.000000000000000000e+00
0.000000000000000000e+00
0.000000000000000000e+00
0.000000000000000000e+00
0.000000000000000000e+00
0.000000000000000000e+00
0.000000000000000000e+00
0.000000000000000000e+00
0.000000000000000000e+00
0.000000000000000000e+00
0.000000000000000000e+00
0.000000000000000000e+00
0.000000000000000000e+00
0.000000000000000000e+00
0.000000000000000000e+00
0.000000000000000000e+00
0.000000000000000000e+00
0.000000000000000000e+00
0.000000000000000000e+00
0.000000000000000000e+00
0.000000000000000000e+00
0.000000000000000000e+00
0.000000000000000000e+00
0.000000000000000000e+00
0.000000000000000000e+00
0.000000000000000000e+00
0.000000000000000000e+00
0.000000000000000000e+00
0.000000000000000000e+00
0.000000000000000000e+00
0.000000000000000000e+00
0.000000000000000000e+00
0.000000000000000000e+00
0.000000000000000000e+00
0.000000000000000000e+00
0.000000000000000000e+00
0.000000000000000000e+00
0.000000000000000000e+00
0.000000000000000000e+00
0.000000000000000000e+00
0.000000000000000000e+00
0.000000000000000000e+00
0.000000000000000000e+00
0.000000000000000000e+00
0.000000000000000000e+00
0.000000000000000000e+00
0.000000000000000000e+00
0.000000000000000000e+00
0.000000000000000000e+00
0.000000000000000000e+00
0.000000000000000000e+00
0.000000000000000000e+00
0.000000000000000000e+00
0.000000000000000000e+00
0.000000000000000000e+00
0.000000000000000000e+00
0.000000000000000000e+00
0.000000000000000000e+00
0.000000000000000000e+00
0.000000000000000000e+00
0.000000000000000000e+00
0.000000000000000000e+00
0.000000000000000000e+00
0.000000000000000000e+00
0.000000000000000000e+00
0.000000000000000000e+00
0.000000000000000000e+00
0.000000000000000000e+00
0.000000000000000000e+00
0.000000000000000000e+00
0.000000000000000000e+00
0.000000000000000000e+00
0.000000000000000000e+00
0.000000000000000000e+00
0.000000000000000000e+00
0.000000000000000000e+00
0.000000000000000000e+00
0.000000000000000000e+00
0.000000000000000000e+00
0.000000000000000000e+00
0.000000000000000000e+00
0.000000000000000000e+00
0.000000000000000000e+00
0.000000000000000000e+00
0.000000000000000000e+00
0.000000000000000000e+00
0.000000000000000000e+00
0.000000000000000000e+00
0.000000000000000000e+00
0.000000000000000000e+00
0.000000000000000000e+00
0.000000000000000000e+00
0.000000000000000000e+00
0.000000000000000000e+00
0.000000000000000000e+00
0.000000000000000000e+00
0.000000000000000000e+00
0.000000000000000000e+00
0.000000000000000000e+00
0.000000000000000000e+00
0.000000000000000000e+00
0.000000000000000000e+00
0.000000000000000000e+00
0.000000000000000000e+00
0.000000000000000000e+00
0.000000000000000000e+00
0.000000000000000000e+00
0.000000000000000000e+00
0.000000000000000000e+00
0.000000000000000000e+00
0.000000000000000000e+00
0.000000000000000000e+00
0.000000000000000000e+00
0.000000000000000000e+00
0.000000000000000000e+00
0.000000000000000000e+00
0.000000000000000000e+00
0.000000000000000000e+00
0.000000000000000000e+00
0.000000000000000000e+00
0.000000000000000000e+00
0.000000000000000000e+00
0.000000000000000000e+00
0.000000000000000000e+00
0.000000000000000000e+00
0.000000000000000000e+00
0.000000000000000000e+00
0.000000000000000000e+00
0.000000000000000000e+00
0.000000000000000000e+00
0.000000000000000000e+00
0.000000000000000000e+00
0.000000000000000000e+00
0.000000000000000000e+00
0.000000000000000000e+00
0.000000000000000000e+00
0.000000000000000000e+00
0.000000000000000000e+00
0.000000000000000000e+00
0.000000000000000000e+00
0.000000000000000000e+00
0.000000000000000000e+00
0.000000000000000000e+00
0.000000000000000000e+00
0.000000000000000000e+00
0.000000000000000000e+00
0.000000000000000000e+00
0.000000000000000000e+00
0.000000000000000000e+00
0.000000000000000000e+00
0.000000000000000000e+00
0.000000000000000000e+00
0.000000000000000000e+00
0.000000000000000000e+00
0.000000000000000000e+00
0.000000000000000000e+00
0.000000000000000000e+00
0.000000000000000000e+00
0.000000000000000000e+00
0.000000000000000000e+00
0.000000000000000000e+00
0.000000000000000000e+00
0.000000000000000000e+00
0.000000000000000000e+00
0.000000000000000000e+00
0.000000000000000000e+00
0.000000000000000000e+00
0.000000000000000000e+00
0.000000000000000000e+00
0.000000000000000000e+00
0.000000000000000000e+00
0.000000000000000000e+00
0.000000000000000000e+00
0.000000000000000000e+00
0.000000000000000000e+00
0.000000000000000000e+00
0.000000000000000000e+00
0.000000000000000000e+00
0.000000000000000000e+00
0.000000000000000000e+00
0.000000000000000000e+00
0.000000000000000000e+00
0.000000000000000000e+00
0.000000000000000000e+00
0.000000000000000000e+00
0.000000000000000000e+00
0.000000000000000000e+00
0.000000000000000000e+00
0.000000000000000000e+00
0.000000000000000000e+00
0.000000000000000000e+00
0.000000000000000000e+00
0.000000000000000000e+00
0.000000000000000000e+00
0.000000000000000000e+00
0.000000000000000000e+00
0.000000000000000000e+00
0.000000000000000000e+00
0.000000000000000000e+00
0.000000000000000000e+00
0.000000000000000000e+00
0.000000000000000000e+00
0.000000000000000000e+00
0.000000000000000000e+00
0.000000000000000000e+00
0.000000000000000000e+00
0.000000000000000000e+00
0.000000000000000000e+00
0.000000000000000000e+00
0.000000000000000000e+00
0.000000000000000000e+00
0.000000000000000000e+00
0.000000000000000000e+00
0.000000000000000000e+00
0.000000000000000000e+00
0.000000000000000000e+00
0.000000000000000000e+00
0.000000000000000000e+00
0.000000000000000000e+00
0.000000000000000000e+00
0.000000000000000000e+00
0.000000000000000000e+00
0.000000000000000000e+00
0.000000000000000000e+00
0.000000000000000000e+00
0.000000000000000000e+00
0.000000000000000000e+00
0.000000000000000000e+00
0.000000000000000000e+00
0.000000000000000000e+00
0.000000000000000000e+00
0.000000000000000000e+00
0.000000000000000000e+00
0.000000000000000000e+00
0.000000000000000000e+00
0.000000000000000000e+00
0.000000000000000000e+00
0.000000000000000000e+00
0.000000000000000000e+00
0.000000000000000000e+00
0.000000000000000000e+00
0.000000000000000000e+00
0.000000000000000000e+00
0.000000000000000000e+00
0.000000000000000000e+00
0.000000000000000000e+00
0.000000000000000000e+00
0.000000000000000000e+00
0.000000000000000000e+00
0.000000000000000000e+00
0.000000000000000000e+00
0.000000000000000000e+00
0.000000000000000000e+00
0.000000000000000000e+00
0.000000000000000000e+00
0.000000000000000000e+00
0.000000000000000000e+00
0.000000000000000000e+00
0.000000000000000000e+00
0.000000000000000000e+00
0.000000000000000000e+00
0.000000000000000000e+00
0.000000000000000000e+00
0.000000000000000000e+00
0.000000000000000000e+00
0.000000000000000000e+00
0.000000000000000000e+00
0.000000000000000000e+00
0.000000000000000000e+00
0.000000000000000000e+00
0.000000000000000000e+00
0.000000000000000000e+00
0.000000000000000000e+00
0.000000000000000000e+00
0.000000000000000000e+00
0.000000000000000000e+00
0.000000000000000000e+00
0.000000000000000000e+00
0.000000000000000000e+00
0.000000000000000000e+00
0.000000000000000000e+00
0.000000000000000000e+00
0.000000000000000000e+00
0.000000000000000000e+00
0.000000000000000000e+00
0.000000000000000000e+00
0.000000000000000000e+00
0.000000000000000000e+00
0.000000000000000000e+00
0.000000000000000000e+00
0.000000000000000000e+00
0.000000000000000000e+00
0.000000000000000000e+00
0.000000000000000000e+00
0.000000000000000000e+00
0.000000000000000000e+00
0.000000000000000000e+00
0.000000000000000000e+00
0.000000000000000000e+00
0.000000000000000000e+00
0.000000000000000000e+00
0.000000000000000000e+00
0.000000000000000000e+00
0.000000000000000000e+00
0.000000000000000000e+00
0.000000000000000000e+00
0.000000000000000000e+00
0.000000000000000000e+00
0.000000000000000000e+00
0.000000000000000000e+00
0.000000000000000000e+00
0.000000000000000000e+00
0.000000000000000000e+00
0.000000000000000000e+00
0.000000000000000000e+00
0.000000000000000000e+00
0.000000000000000000e+00
0.000000000000000000e+00
0.000000000000000000e+00
0.000000000000000000e+00
0.000000000000000000e+00
0.000000000000000000e+00
0.000000000000000000e+00
0.000000000000000000e+00
0.000000000000000000e+00
0.000000000000000000e+00
0.000000000000000000e+00
0.000000000000000000e+00
0.000000000000000000e+00
0.000000000000000000e+00
0.000000000000000000e+00
0.000000000000000000e+00
0.000000000000000000e+00
0.000000000000000000e+00
0.000000000000000000e+00
0.000000000000000000e+00
0.000000000000000000e+00
0.000000000000000000e+00
0.000000000000000000e+00
0.000000000000000000e+00
0.000000000000000000e+00
0.000000000000000000e+00
0.000000000000000000e+00
0.000000000000000000e+00
0.000000000000000000e+00
0.000000000000000000e+00
0.000000000000000000e+00
0.000000000000000000e+00
0.000000000000000000e+00
0.000000000000000000e+00
0.000000000000000000e+00
0.000000000000000000e+00
0.000000000000000000e+00
0.000000000000000000e+00
0.000000000000000000e+00
0.000000000000000000e+00
0.000000000000000000e+00
0.000000000000000000e+00
0.000000000000000000e+00
0.000000000000000000e+00
0.000000000000000000e+00
0.000000000000000000e+00
0.000000000000000000e+00
0.000000000000000000e+00
0.000000000000000000e+00
0.000000000000000000e+00
0.000000000000000000e+00
0.000000000000000000e+00
0.000000000000000000e+00
0.000000000000000000e+00
0.000000000000000000e+00
0.000000000000000000e+00
0.000000000000000000e+00
0.000000000000000000e+00
0.000000000000000000e+00
0.000000000000000000e+00
0.000000000000000000e+00
0.000000000000000000e+00
0.000000000000000000e+00
0.000000000000000000e+00
0.000000000000000000e+00
0.000000000000000000e+00
0.000000000000000000e+00
0.000000000000000000e+00
0.000000000000000000e+00
0.000000000000000000e+00
0.000000000000000000e+00
0.000000000000000000e+00
0.000000000000000000e+00
0.000000000000000000e+00
0.000000000000000000e+00
0.000000000000000000e+00
0.000000000000000000e+00
0.000000000000000000e+00
0.000000000000000000e+00
0.000000000000000000e+00
0.000000000000000000e+00
0.000000000000000000e+00
0.000000000000000000e+00
0.000000000000000000e+00
0.000000000000000000e+00
0.000000000000000000e+00
0.000000000000000000e+00
0.000000000000000000e+00
0.000000000000000000e+00
0.000000000000000000e+00
0.000000000000000000e+00
0.000000000000000000e+00
0.000000000000000000e+00
0.000000000000000000e+00
0.000000000000000000e+00
0.000000000000000000e+00
0.000000000000000000e+00
0.000000000000000000e+00
0.000000000000000000e+00
0.000000000000000000e+00
0.000000000000000000e+00
0.000000000000000000e+00
0.000000000000000000e+00
0.000000000000000000e+00
0.000000000000000000e+00
0.000000000000000000e+00
0.000000000000000000e+00
0.000000000000000000e+00
0.000000000000000000e+00
0.000000000000000000e+00
0.000000000000000000e+00
0.000000000000000000e+00
0.000000000000000000e+00
0.000000000000000000e+00
0.000000000000000000e+00
0.000000000000000000e+00
0.000000000000000000e+00
0.000000000000000000e+00
0.000000000000000000e+00
0.000000000000000000e+00
0.000000000000000000e+00
0.000000000000000000e+00
0.000000000000000000e+00
0.000000000000000000e+00
0.000000000000000000e+00
0.000000000000000000e+00
0.000000000000000000e+00
0.000000000000000000e+00
0.000000000000000000e+00
0.000000000000000000e+00
0.000000000000000000e+00
0.000000000000000000e+00
0.000000000000000000e+00
0.000000000000000000e+00
0.000000000000000000e+00
0.000000000000000000e+00
0.000000000000000000e+00
0.000000000000000000e+00
0.000000000000000000e+00
0.000000000000000000e+00
0.000000000000000000e+00
0.000000000000000000e+00
0.000000000000000000e+00
0.000000000000000000e+00
0.000000000000000000e+00
0.000000000000000000e+00
0.000000000000000000e+00
0.000000000000000000e+00
0.000000000000000000e+00
0.000000000000000000e+00
0.000000000000000000e+00
0.000000000000000000e+00
0.000000000000000000e+00
0.000000000000000000e+00
0.000000000000000000e+00
0.000000000000000000e+00
0.000000000000000000e+00
0.000000000000000000e+00
0.000000000000000000e+00
0.000000000000000000e+00
0.000000000000000000e+00
0.000000000000000000e+00
0.000000000000000000e+00
0.000000000000000000e+00
0.000000000000000000e+00
0.000000000000000000e+00
0.000000000000000000e+00
0.000000000000000000e+00
0.000000000000000000e+00
0.000000000000000000e+00
0.000000000000000000e+00
0.000000000000000000e+00
0.000000000000000000e+00
0.000000000000000000e+00
0.000000000000000000e+00
0.000000000000000000e+00
0.000000000000000000e+00
0.000000000000000000e+00
0.000000000000000000e+00
0.000000000000000000e+00
0.000000000000000000e+00
0.000000000000000000e+00
0.000000000000000000e+00
0.000000000000000000e+00
0.000000000000000000e+00
0.000000000000000000e+00
0.000000000000000000e+00
0.000000000000000000e+00
0.000000000000000000e+00
0.000000000000000000e+00
0.000000000000000000e+00
0.000000000000000000e+00
0.000000000000000000e+00
0.000000000000000000e+00
0.000000000000000000e+00
0.000000000000000000e+00
0.000000000000000000e+00
0.000000000000000000e+00
0.000000000000000000e+00
0.000000000000000000e+00
0.000000000000000000e+00
0.000000000000000000e+00
0.000000000000000000e+00
0.000000000000000000e+00
0.000000000000000000e+00
0.000000000000000000e+00
0.000000000000000000e+00
0.000000000000000000e+00
0.000000000000000000e+00
0.000000000000000000e+00
0.000000000000000000e+00
0.000000000000000000e+00
0.000000000000000000e+00
0.000000000000000000e+00
0.000000000000000000e+00
0.000000000000000000e+00
0.000000000000000000e+00
0.000000000000000000e+00
0.000000000000000000e+00
0.000000000000000000e+00
0.000000000000000000e+00
0.000000000000000000e+00
0.000000000000000000e+00
0.000000000000000000e+00
0.000000000000000000e+00
0.000000000000000000e+00
0.000000000000000000e+00
0.000000000000000000e+00
0.000000000000000000e+00
0.000000000000000000e+00
0.000000000000000000e+00
0.000000000000000000e+00
0.000000000000000000e+00
0.000000000000000000e+00
0.000000000000000000e+00
0.000000000000000000e+00
0.000000000000000000e+00
0.000000000000000000e+00
0.000000000000000000e+00
0.000000000000000000e+00
0.000000000000000000e+00
0.000000000000000000e+00
0.000000000000000000e+00
0.000000000000000000e+00
0.000000000000000000e+00
0.000000000000000000e+00
0.000000000000000000e+00
0.000000000000000000e+00
0.000000000000000000e+00
0.000000000000000000e+00
0.000000000000000000e+00
0.000000000000000000e+00
0.000000000000000000e+00
0.000000000000000000e+00
0.000000000000000000e+00
0.000000000000000000e+00
0.000000000000000000e+00
0.000000000000000000e+00
0.000000000000000000e+00
0.000000000000000000e+00
0.000000000000000000e+00
0.000000000000000000e+00
0.000000000000000000e+00
0.000000000000000000e+00
0.000000000000000000e+00
0.000000000000000000e+00
0.000000000000000000e+00
0.000000000000000000e+00
0.000000000000000000e+00
0.000000000000000000e+00
0.000000000000000000e+00
0.000000000000000000e+00
0.000000000000000000e+00
0.000000000000000000e+00
0.000000000000000000e+00
0.000000000000000000e+00
0.000000000000000000e+00
0.000000000000000000e+00
0.000000000000000000e+00
0.000000000000000000e+00
0.000000000000000000e+00
0.000000000000000000e+00
0.000000000000000000e+00
0.000000000000000000e+00
0.000000000000000000e+00
0.000000000000000000e+00
0.000000000000000000e+00
0.000000000000000000e+00
0.000000000000000000e+00
0.000000000000000000e+00
0.000000000000000000e+00
0.000000000000000000e+00
0.000000000000000000e+00
0.000000000000000000e+00
0.000000000000000000e+00
0.000000000000000000e+00
0.000000000000000000e+00
0.000000000000000000e+00
0.000000000000000000e+00
0.000000000000000000e+00
0.000000000000000000e+00
0.000000000000000000e+00
0.000000000000000000e+00
0.000000000000000000e+00
0.000000000000000000e+00
0.000000000000000000e+00
0.000000000000000000e+00
0.000000000000000000e+00
0.000000000000000000e+00
0.000000000000000000e+00
0.000000000000000000e+00
0.000000000000000000e+00
0.000000000000000000e+00
0.000000000000000000e+00
0.000000000000000000e+00
0.000000000000000000e+00
0.000000000000000000e+00
0.000000000000000000e+00
0.000000000000000000e+00
0.000000000000000000e+00
0.000000000000000000e+00
0.000000000000000000e+00
0.000000000000000000e+00
0.000000000000000000e+00
0.000000000000000000e+00
0.000000000000000000e+00
0.000000000000000000e+00
0.000000000000000000e+00
0.000000000000000000e+00
0.000000000000000000e+00
0.000000000000000000e+00
0.000000000000000000e+00
0.000000000000000000e+00
0.000000000000000000e+00
0.000000000000000000e+00
0.000000000000000000e+00
0.000000000000000000e+00
0.000000000000000000e+00
0.000000000000000000e+00
0.000000000000000000e+00
0.000000000000000000e+00
0.000000000000000000e+00
0.000000000000000000e+00
0.000000000000000000e+00
0.000000000000000000e+00
0.000000000000000000e+00
0.000000000000000000e+00
0.000000000000000000e+00
0.000000000000000000e+00
0.000000000000000000e+00
0.000000000000000000e+00
0.000000000000000000e+00
0.000000000000000000e+00
0.000000000000000000e+00
0.000000000000000000e+00
0.000000000000000000e+00
0.000000000000000000e+00
0.000000000000000000e+00
0.000000000000000000e+00
0.000000000000000000e+00
0.000000000000000000e+00
0.000000000000000000e+00
0.000000000000000000e+00
0.000000000000000000e+00
0.000000000000000000e+00
0.000000000000000000e+00
0.000000000000000000e+00
0.000000000000000000e+00
0.000000000000000000e+00
0.000000000000000000e+00
0.000000000000000000e+00
0.000000000000000000e+00
0.000000000000000000e+00
0.000000000000000000e+00
0.000000000000000000e+00
0.000000000000000000e+00
0.000000000000000000e+00
0.000000000000000000e+00
0.000000000000000000e+00
0.000000000000000000e+00
0.000000000000000000e+00
0.000000000000000000e+00
0.000000000000000000e+00
0.000000000000000000e+00
0.000000000000000000e+00
0.000000000000000000e+00
0.000000000000000000e+00
0.000000000000000000e+00
0.000000000000000000e+00
0.000000000000000000e+00
0.000000000000000000e+00
0.000000000000000000e+00
0.000000000000000000e+00
0.000000000000000000e+00
0.000000000000000000e+00
0.000000000000000000e+00
0.000000000000000000e+00
0.000000000000000000e+00
0.000000000000000000e+00
0.000000000000000000e+00
0.000000000000000000e+00
0.000000000000000000e+00
0.000000000000000000e+00
0.000000000000000000e+00
0.000000000000000000e+00
0.000000000000000000e+00
0.000000000000000000e+00
0.000000000000000000e+00
0.000000000000000000e+00
0.000000000000000000e+00
0.000000000000000000e+00
0.000000000000000000e+00
0.000000000000000000e+00
0.000000000000000000e+00
0.000000000000000000e+00
0.000000000000000000e+00
0.000000000000000000e+00
0.000000000000000000e+00
0.000000000000000000e+00
0.000000000000000000e+00
0.000000000000000000e+00
0.000000000000000000e+00
0.000000000000000000e+00
0.000000000000000000e+00
0.000000000000000000e+00
0.000000000000000000e+00
0.000000000000000000e+00
0.000000000000000000e+00
0.000000000000000000e+00
0.000000000000000000e+00
0.000000000000000000e+00
0.000000000000000000e+00
0.000000000000000000e+00
0.000000000000000000e+00
0.000000000000000000e+00
0.000000000000000000e+00
0.000000000000000000e+00
0.000000000000000000e+00
0.000000000000000000e+00
0.000000000000000000e+00
0.000000000000000000e+00
0.000000000000000000e+00
0.000000000000000000e+00
0.000000000000000000e+00
0.000000000000000000e+00
0.000000000000000000e+00
0.000000000000000000e+00
0.000000000000000000e+00
0.000000000000000000e+00
0.000000000000000000e+00
0.000000000000000000e+00
0.000000000000000000e+00
0.000000000000000000e+00
0.000000000000000000e+00
0.000000000000000000e+00
0.000000000000000000e+00
0.000000000000000000e+00
0.000000000000000000e+00
0.000000000000000000e+00
0.000000000000000000e+00
0.000000000000000000e+00
0.000000000000000000e+00
0.000000000000000000e+00
0.000000000000000000e+00
0.000000000000000000e+00
0.000000000000000000e+00
0.000000000000000000e+00
0.000000000000000000e+00
0.000000000000000000e+00
0.000000000000000000e+00
0.000000000000000000e+00
0.000000000000000000e+00
0.000000000000000000e+00
0.000000000000000000e+00
0.000000000000000000e+00
0.000000000000000000e+00
0.000000000000000000e+00
0.000000000000000000e+00
0.000000000000000000e+00
0.000000000000000000e+00
0.000000000000000000e+00
0.000000000000000000e+00
0.000000000000000000e+00
0.000000000000000000e+00
0.000000000000000000e+00
0.000000000000000000e+00
0.000000000000000000e+00
0.000000000000000000e+00
0.000000000000000000e+00
0.000000000000000000e+00
0.000000000000000000e+00
0.000000000000000000e+00
0.000000000000000000e+00
0.000000000000000000e+00
0.000000000000000000e+00
0.000000000000000000e+00
0.000000000000000000e+00
0.000000000000000000e+00
0.000000000000000000e+00
0.000000000000000000e+00
0.000000000000000000e+00
0.000000000000000000e+00
0.000000000000000000e+00
0.000000000000000000e+00
0.000000000000000000e+00
0.000000000000000000e+00
0.000000000000000000e+00
0.000000000000000000e+00
0.000000000000000000e+00
0.000000000000000000e+00
0.000000000000000000e+00
0.000000000000000000e+00
0.000000000000000000e+00
0.000000000000000000e+00
0.000000000000000000e+00
0.000000000000000000e+00
0.000000000000000000e+00
0.000000000000000000e+00
0.000000000000000000e+00
0.000000000000000000e+00
0.000000000000000000e+00
0.000000000000000000e+00
0.000000000000000000e+00
0.000000000000000000e+00
0.000000000000000000e+00
0.000000000000000000e+00
0.000000000000000000e+00
0.000000000000000000e+00
0.000000000000000000e+00
0.000000000000000000e+00
0.000000000000000000e+00
0.000000000000000000e+00
0.000000000000000000e+00
0.000000000000000000e+00
0.000000000000000000e+00
0.000000000000000000e+00
0.000000000000000000e+00
0.000000000000000000e+00
0.000000000000000000e+00
0.000000000000000000e+00
0.000000000000000000e+00
0.000000000000000000e+00
0.000000000000000000e+00
0.000000000000000000e+00
0.000000000000000000e+00
0.000000000000000000e+00
0.000000000000000000e+00
0.000000000000000000e+00
0.000000000000000000e+00
0.000000000000000000e+00
0.000000000000000000e+00
0.000000000000000000e+00
0.000000000000000000e+00
0.000000000000000000e+00
0.000000000000000000e+00
0.000000000000000000e+00
0.000000000000000000e+00
0.000000000000000000e+00
0.000000000000000000e+00
0.000000000000000000e+00
0.000000000000000000e+00
0.000000000000000000e+00
0.000000000000000000e+00
0.000000000000000000e+00
0.000000000000000000e+00
0.000000000000000000e+00
0.000000000000000000e+00
0.000000000000000000e+00
0.000000000000000000e+00
0.000000000000000000e+00
0.000000000000000000e+00
0.000000000000000000e+00
0.000000000000000000e+00
0.000000000000000000e+00
0.000000000000000000e+00
0.000000000000000000e+00
0.000000000000000000e+00
0.000000000000000000e+00
0.000000000000000000e+00
0.000000000000000000e+00
0.000000000000000000e+00
0.000000000000000000e+00
0.000000000000000000e+00
0.000000000000000000e+00
0.000000000000000000e+00
0.000000000000000000e+00
0.000000000000000000e+00
0.000000000000000000e+00
0.000000000000000000e+00
0.000000000000000000e+00
0.000000000000000000e+00
0.000000000000000000e+00
0.000000000000000000e+00
0.000000000000000000e+00
0.000000000000000000e+00
0.000000000000000000e+00
0.000000000000000000e+00
0.000000000000000000e+00
0.000000000000000000e+00
0.000000000000000000e+00
0.000000000000000000e+00
0.000000000000000000e+00
0.000000000000000000e+00
0.000000000000000000e+00
0.000000000000000000e+00
0.000000000000000000e+00
0.000000000000000000e+00
0.000000000000000000e+00
0.000000000000000000e+00
0.000000000000000000e+00
0.000000000000000000e+00
0.000000000000000000e+00
0.000000000000000000e+00
0.000000000000000000e+00
0.000000000000000000e+00
0.000000000000000000e+00
0.000000000000000000e+00
0.000000000000000000e+00
0.000000000000000000e+00
0.000000000000000000e+00
0.000000000000000000e+00
0.000000000000000000e+00
0.000000000000000000e+00
0.000000000000000000e+00
0.000000000000000000e+00
0.000000000000000000e+00
0.000000000000000000e+00
0.000000000000000000e+00
0.000000000000000000e+00
0.000000000000000000e+00
0.000000000000000000e+00
0.000000000000000000e+00
0.000000000000000000e+00
0.000000000000000000e+00
0.000000000000000000e+00
0.000000000000000000e+00
0.000000000000000000e+00
0.000000000000000000e+00
0.000000000000000000e+00
0.000000000000000000e+00
0.000000000000000000e+00
0.000000000000000000e+00
0.000000000000000000e+00
0.000000000000000000e+00
0.000000000000000000e+00
0.000000000000000000e+00
0.000000000000000000e+00
0.000000000000000000e+00
0.000000000000000000e+00
0.000000000000000000e+00
0.000000000000000000e+00
0.000000000000000000e+00
0.000000000000000000e+00
0.000000000000000000e+00
0.000000000000000000e+00
0.000000000000000000e+00
0.000000000000000000e+00
0.000000000000000000e+00
0.000000000000000000e+00
0.000000000000000000e+00
0.000000000000000000e+00
0.000000000000000000e+00
0.000000000000000000e+00
0.000000000000000000e+00
0.000000000000000000e+00
0.000000000000000000e+00
0.000000000000000000e+00
0.000000000000000000e+00
0.000000000000000000e+00
0.000000000000000000e+00
0.000000000000000000e+00
0.000000000000000000e+00
0.000000000000000000e+00
0.000000000000000000e+00
0.000000000000000000e+00
0.000000000000000000e+00
0.000000000000000000e+00
0.000000000000000000e+00
0.000000000000000000e+00
0.000000000000000000e+00
0.000000000000000000e+00
0.000000000000000000e+00
0.000000000000000000e+00
0.000000000000000000e+00
0.000000000000000000e+00
0.000000000000000000e+00
0.000000000000000000e+00
0.000000000000000000e+00
0.000000000000000000e+00
0.000000000000000000e+00
0.000000000000000000e+00
0.000000000000000000e+00
0.000000000000000000e+00
0.000000000000000000e+00
0.000000000000000000e+00
0.000000000000000000e+00
0.000000000000000000e+00
0.000000000000000000e+00
0.000000000000000000e+00
0.000000000000000000e+00
0.000000000000000000e+00
0.000000000000000000e+00
0.000000000000000000e+00
0.000000000000000000e+00
0.000000000000000000e+00
0.000000000000000000e+00
0.000000000000000000e+00
0.000000000000000000e+00
0.000000000000000000e+00
0.000000000000000000e+00
0.000000000000000000e+00
0.000000000000000000e+00
0.000000000000000000e+00
0.000000000000000000e+00
0.000000000000000000e+00
0.000000000000000000e+00
0.000000000000000000e+00
0.000000000000000000e+00
0.000000000000000000e+00
0.000000000000000000e+00
0.000000000000000000e+00
0.000000000000000000e+00
0.000000000000000000e+00
0.000000000000000000e+00
0.000000000000000000e+00
0.000000000000000000e+00
0.000000000000000000e+00
0.000000000000000000e+00
0.000000000000000000e+00
0.000000000000000000e+00
0.000000000000000000e+00
0.000000000000000000e+00
0.000000000000000000e+00
0.000000000000000000e+00
0.000000000000000000e+00
0.000000000000000000e+00
0.000000000000000000e+00
0.000000000000000000e+00
0.000000000000000000e+00
0.000000000000000000e+00
0.000000000000000000e+00
0.000000000000000000e+00
0.000000000000000000e+00
0.000000000000000000e+00
0.000000000000000000e+00
0.000000000000000000e+00
0.000000000000000000e+00
0.000000000000000000e+00
0.000000000000000000e+00
0.000000000000000000e+00
0.000000000000000000e+00
0.000000000000000000e+00
0.000000000000000000e+00
0.000000000000000000e+00
0.000000000000000000e+00
0.000000000000000000e+00
0.000000000000000000e+00
0.000000000000000000e+00
0.000000000000000000e+00
0.000000000000000000e+00
0.000000000000000000e+00
0.000000000000000000e+00
0.000000000000000000e+00
0.000000000000000000e+00
0.000000000000000000e+00
0.000000000000000000e+00
0.000000000000000000e+00
0.000000000000000000e+00
0.000000000000000000e+00
0.000000000000000000e+00
0.000000000000000000e+00
0.000000000000000000e+00
0.000000000000000000e+00
0.000000000000000000e+00
0.000000000000000000e+00
0.000000000000000000e+00
0.000000000000000000e+00
0.000000000000000000e+00
0.000000000000000000e+00
0.000000000000000000e+00
0.000000000000000000e+00
0.000000000000000000e+00
0.000000000000000000e+00
0.000000000000000000e+00
0.000000000000000000e+00
0.000000000000000000e+00
0.000000000000000000e+00
0.000000000000000000e+00
0.000000000000000000e+00
0.000000000000000000e+00
0.000000000000000000e+00
0.000000000000000000e+00
0.000000000000000000e+00
0.000000000000000000e+00
0.000000000000000000e+00
0.000000000000000000e+00
0.000000000000000000e+00
0.000000000000000000e+00
0.000000000000000000e+00
0.000000000000000000e+00
0.000000000000000000e+00
0.000000000000000000e+00
0.000000000000000000e+00
0.000000000000000000e+00
0.000000000000000000e+00
0.000000000000000000e+00
0.000000000000000000e+00
0.000000000000000000e+00
0.000000000000000000e+00
0.000000000000000000e+00
0.000000000000000000e+00
0.000000000000000000e+00
0.000000000000000000e+00
0.000000000000000000e+00
0.000000000000000000e+00
0.000000000000000000e+00
0.000000000000000000e+00
0.000000000000000000e+00
0.000000000000000000e+00
0.000000000000000000e+00
0.000000000000000000e+00
0.000000000000000000e+00
0.000000000000000000e+00
0.000000000000000000e+00
0.000000000000000000e+00
0.000000000000000000e+00
0.000000000000000000e+00
0.000000000000000000e+00
0.000000000000000000e+00
0.000000000000000000e+00
0.000000000000000000e+00
0.000000000000000000e+00
0.000000000000000000e+00
0.000000000000000000e+00
0.000000000000000000e+00
0.000000000000000000e+00
0.000000000000000000e+00
0.000000000000000000e+00
0.000000000000000000e+00
0.000000000000000000e+00
0.000000000000000000e+00
0.000000000000000000e+00
0.000000000000000000e+00
0.000000000000000000e+00
0.000000000000000000e+00
0.000000000000000000e+00
0.000000000000000000e+00
0.000000000000000000e+00
0.000000000000000000e+00
0.000000000000000000e+00
0.000000000000000000e+00
0.000000000000000000e+00
0.000000000000000000e+00
0.000000000000000000e+00
0.000000000000000000e+00
0.000000000000000000e+00
0.000000000000000000e+00
0.000000000000000000e+00
0.000000000000000000e+00
0.000000000000000000e+00
0.000000000000000000e+00
0.000000000000000000e+00
0.000000000000000000e+00
0.000000000000000000e+00
0.000000000000000000e+00
0.000000000000000000e+00
0.000000000000000000e+00
0.000000000000000000e+00
0.000000000000000000e+00
0.000000000000000000e+00
0.000000000000000000e+00
0.000000000000000000e+00
0.000000000000000000e+00
0.000000000000000000e+00
0.000000000000000000e+00
0.000000000000000000e+00
0.000000000000000000e+00
0.000000000000000000e+00
0.000000000000000000e+00
0.000000000000000000e+00
0.000000000000000000e+00
0.000000000000000000e+00
0.000000000000000000e+00
0.000000000000000000e+00
0.000000000000000000e+00
0.000000000000000000e+00
0.000000000000000000e+00
0.000000000000000000e+00
0.000000000000000000e+00
0.000000000000000000e+00
0.000000000000000000e+00
0.000000000000000000e+00
0.000000000000000000e+00
0.000000000000000000e+00
0.000000000000000000e+00
0.000000000000000000e+00
0.000000000000000000e+00
0.000000000000000000e+00
0.000000000000000000e+00
0.000000000000000000e+00
0.000000000000000000e+00
0.000000000000000000e+00
0.000000000000000000e+00
0.000000000000000000e+00
0.000000000000000000e+00
0.000000000000000000e+00
0.000000000000000000e+00
0.000000000000000000e+00
0.000000000000000000e+00
0.000000000000000000e+00
0.000000000000000000e+00
0.000000000000000000e+00
0.000000000000000000e+00
0.000000000000000000e+00
0.000000000000000000e+00
0.000000000000000000e+00
0.000000000000000000e+00
0.000000000000000000e+00
0.000000000000000000e+00
0.000000000000000000e+00
0.000000000000000000e+00
0.000000000000000000e+00
0.000000000000000000e+00
0.000000000000000000e+00
0.000000000000000000e+00
0.000000000000000000e+00
0.000000000000000000e+00
0.000000000000000000e+00
0.000000000000000000e+00
0.000000000000000000e+00
0.000000000000000000e+00
0.000000000000000000e+00
0.000000000000000000e+00
0.000000000000000000e+00
0.000000000000000000e+00
0.000000000000000000e+00
0.000000000000000000e+00
0.000000000000000000e+00
0.000000000000000000e+00
0.000000000000000000e+00
0.000000000000000000e+00
0.000000000000000000e+00
0.000000000000000000e+00
0.000000000000000000e+00
0.000000000000000000e+00
0.000000000000000000e+00
0.000000000000000000e+00
0.000000000000000000e+00
0.000000000000000000e+00
0.000000000000000000e+00
0.000000000000000000e+00
0.000000000000000000e+00
0.000000000000000000e+00
0.000000000000000000e+00
0.000000000000000000e+00
0.000000000000000000e+00
0.000000000000000000e+00
0.000000000000000000e+00
0.000000000000000000e+00
0.000000000000000000e+00
0.000000000000000000e+00
0.000000000000000000e+00
0.000000000000000000e+00
0.000000000000000000e+00
0.000000000000000000e+00
0.000000000000000000e+00
0.000000000000000000e+00
0.000000000000000000e+00
0.000000000000000000e+00
0.000000000000000000e+00
0.000000000000000000e+00
0.000000000000000000e+00
0.000000000000000000e+00
0.000000000000000000e+00
0.000000000000000000e+00
0.000000000000000000e+00
0.000000000000000000e+00
0.000000000000000000e+00
0.000000000000000000e+00
0.000000000000000000e+00
0.000000000000000000e+00
0.000000000000000000e+00
0.000000000000000000e+00
0.000000000000000000e+00
0.000000000000000000e+00
0.000000000000000000e+00
0.000000000000000000e+00
0.000000000000000000e+00
0.000000000000000000e+00
0.000000000000000000e+00
0.000000000000000000e+00
0.000000000000000000e+00
0.000000000000000000e+00
0.000000000000000000e+00
0.000000000000000000e+00
0.000000000000000000e+00
0.000000000000000000e+00
0.000000000000000000e+00
0.000000000000000000e+00
0.000000000000000000e+00
0.000000000000000000e+00
0.000000000000000000e+00
0.000000000000000000e+00
0.000000000000000000e+00
0.000000000000000000e+00
0.000000000000000000e+00
0.000000000000000000e+00
0.000000000000000000e+00
0.000000000000000000e+00
0.000000000000000000e+00
0.000000000000000000e+00
0.000000000000000000e+00
0.000000000000000000e+00
0.000000000000000000e+00
0.000000000000000000e+00
0.000000000000000000e+00
0.000000000000000000e+00
0.000000000000000000e+00
0.000000000000000000e+00
0.000000000000000000e+00
0.000000000000000000e+00
0.000000000000000000e+00
0.000000000000000000e+00
0.000000000000000000e+00
0.000000000000000000e+00
0.000000000000000000e+00
0.000000000000000000e+00
0.000000000000000000e+00
0.000000000000000000e+00
0.000000000000000000e+00
0.000000000000000000e+00
0.000000000000000000e+00
0.000000000000000000e+00
0.000000000000000000e+00
0.000000000000000000e+00
0.000000000000000000e+00
0.000000000000000000e+00
0.000000000000000000e+00
0.000000000000000000e+00
0.000000000000000000e+00
0.000000000000000000e+00
0.000000000000000000e+00
0.000000000000000000e+00
0.000000000000000000e+00
0.000000000000000000e+00
0.000000000000000000e+00
0.000000000000000000e+00
0.000000000000000000e+00
0.000000000000000000e+00
0.000000000000000000e+00
0.000000000000000000e+00
0.000000000000000000e+00
0.000000000000000000e+00
0.000000000000000000e+00
0.000000000000000000e+00
0.000000000000000000e+00
0.000000000000000000e+00
0.000000000000000000e+00
0.000000000000000000e+00
0.000000000000000000e+00
0.000000000000000000e+00
0.000000000000000000e+00
0.000000000000000000e+00
0.000000000000000000e+00
0.000000000000000000e+00
0.000000000000000000e+00
0.000000000000000000e+00
0.000000000000000000e+00
0.000000000000000000e+00
0.000000000000000000e+00
0.000000000000000000e+00
0.000000000000000000e+00
0.000000000000000000e+00
0.000000000000000000e+00
0.000000000000000000e+00
0.000000000000000000e+00
0.000000000000000000e+00
0.000000000000000000e+00
0.000000000000000000e+00
0.000000000000000000e+00
0.000000000000000000e+00
0.000000000000000000e+00
0.000000000000000000e+00
0.000000000000000000e+00
0.000000000000000000e+00
0.000000000000000000e+00
0.000000000000000000e+00
0.000000000000000000e+00
0.000000000000000000e+00
0.000000000000000000e+00
0.000000000000000000e+00
0.000000000000000000e+00
0.000000000000000000e+00
0.000000000000000000e+00
0.000000000000000000e+00
0.000000000000000000e+00
0.000000000000000000e+00
0.000000000000000000e+00
0.000000000000000000e+00
0.000000000000000000e+00
0.000000000000000000e+00
0.000000000000000000e+00
0.000000000000000000e+00
0.000000000000000000e+00
0.000000000000000000e+00
0.000000000000000000e+00
0.000000000000000000e+00
0.000000000000000000e+00
0.000000000000000000e+00
0.000000000000000000e+00
0.000000000000000000e+00
0.000000000000000000e+00
0.000000000000000000e+00
0.000000000000000000e+00
0.000000000000000000e+00
0.000000000000000000e+00
0.000000000000000000e+00
0.000000000000000000e+00
0.000000000000000000e+00
0.000000000000000000e+00
0.000000000000000000e+00
0.000000000000000000e+00
0.000000000000000000e+00
0.000000000000000000e+00
0.000000000000000000e+00
0.000000000000000000e+00
0.000000000000000000e+00
0.000000000000000000e+00
0.000000000000000000e+00
0.000000000000000000e+00
0.000000000000000000e+00
0.000000000000000000e+00
0.000000000000000000e+00
0.000000000000000000e+00
0.000000000000000000e+00
0.000000000000000000e+00
0.000000000000000000e+00
0.000000000000000000e+00
0.000000000000000000e+00
0.000000000000000000e+00
0.000000000000000000e+00
0.000000000000000000e+00
0.000000000000000000e+00
0.000000000000000000e+00
0.000000000000000000e+00
0.000000000000000000e+00
0.000000000000000000e+00
0.000000000000000000e+00
0.000000000000000000e+00
0.000000000000000000e+00
0.000000000000000000e+00
0.000000000000000000e+00
0.000000000000000000e+00
0.000000000000000000e+00
0.000000000000000000e+00
0.000000000000000000e+00
0.000000000000000000e+00
0.000000000000000000e+00
0.000000000000000000e+00
0.000000000000000000e+00
0.000000000000000000e+00
0.000000000000000000e+00
0.000000000000000000e+00
0.000000000000000000e+00
0.000000000000000000e+00
0.000000000000000000e+00
0.000000000000000000e+00
0.000000000000000000e+00
0.000000000000000000e+00
0.000000000000000000e+00
0.000000000000000000e+00
0.000000000000000000e+00
0.000000000000000000e+00
0.000000000000000000e+00
0.000000000000000000e+00
0.000000000000000000e+00
0.000000000000000000e+00
0.000000000000000000e+00
0.000000000000000000e+00
0.000000000000000000e+00
0.000000000000000000e+00
0.000000000000000000e+00
0.000000000000000000e+00
0.000000000000000000e+00
0.000000000000000000e+00
0.000000000000000000e+00
0.000000000000000000e+00
0.000000000000000000e+00
0.000000000000000000e+00
0.000000000000000000e+00
0.000000000000000000e+00
0.000000000000000000e+00
0.000000000000000000e+00
0.000000000000000000e+00
0.000000000000000000e+00
0.000000000000000000e+00
0.000000000000000000e+00
0.000000000000000000e+00
0.000000000000000000e+00
0.000000000000000000e+00
0.000000000000000000e+00
0.000000000000000000e+00
0.000000000000000000e+00
0.000000000000000000e+00
0.000000000000000000e+00
0.000000000000000000e+00
0.000000000000000000e+00
0.000000000000000000e+00
0.000000000000000000e+00
0.000000000000000000e+00
0.000000000000000000e+00
0.000000000000000000e+00
0.000000000000000000e+00
0.000000000000000000e+00
0.000000000000000000e+00
0.000000000000000000e+00
0.000000000000000000e+00
0.000000000000000000e+00
0.000000000000000000e+00
0.000000000000000000e+00
0.000000000000000000e+00
0.000000000000000000e+00
0.000000000000000000e+00
0.000000000000000000e+00
0.000000000000000000e+00
0.000000000000000000e+00
0.000000000000000000e+00
0.000000000000000000e+00
0.000000000000000000e+00
0.000000000000000000e+00
0.000000000000000000e+00
0.000000000000000000e+00
0.000000000000000000e+00
0.000000000000000000e+00
0.000000000000000000e+00
0.000000000000000000e+00
0.000000000000000000e+00
0.000000000000000000e+00
0.000000000000000000e+00
0.000000000000000000e+00
0.000000000000000000e+00
0.000000000000000000e+00
0.000000000000000000e+00
0.000000000000000000e+00
0.000000000000000000e+00
0.000000000000000000e+00
0.000000000000000000e+00
0.000000000000000000e+00
0.000000000000000000e+00
0.000000000000000000e+00
0.000000000000000000e+00
0.000000000000000000e+00
0.000000000000000000e+00
0.000000000000000000e+00
0.000000000000000000e+00
0.000000000000000000e+00
0.000000000000000000e+00
0.000000000000000000e+00
0.000000000000000000e+00
0.000000000000000000e+00
0.000000000000000000e+00
0.000000000000000000e+00
0.000000000000000000e+00
0.000000000000000000e+00
0.000000000000000000e+00
0.000000000000000000e+00
0.000000000000000000e+00
0.000000000000000000e+00
0.000000000000000000e+00
0.000000000000000000e+00
0.000000000000000000e+00
0.000000000000000000e+00
0.000000000000000000e+00
0.000000000000000000e+00
0.000000000000000000e+00
0.000000000000000000e+00
0.000000000000000000e+00
0.000000000000000000e+00
0.000000000000000000e+00
0.000000000000000000e+00
0.000000000000000000e+00
0.000000000000000000e+00
0.000000000000000000e+00
0.000000000000000000e+00
0.000000000000000000e+00
0.000000000000000000e+00
0.000000000000000000e+00
0.000000000000000000e+00
0.000000000000000000e+00
0.000000000000000000e+00
0.000000000000000000e+00
0.000000000000000000e+00
0.000000000000000000e+00
0.000000000000000000e+00
0.000000000000000000e+00
0.000000000000000000e+00
0.000000000000000000e+00
0.000000000000000000e+00
0.000000000000000000e+00
0.000000000000000000e+00
0.000000000000000000e+00
0.000000000000000000e+00
0.000000000000000000e+00
0.000000000000000000e+00
0.000000000000000000e+00
0.000000000000000000e+00
0.000000000000000000e+00
0.000000000000000000e+00
0.000000000000000000e+00
0.000000000000000000e+00
0.000000000000000000e+00
0.000000000000000000e+00
0.000000000000000000e+00
0.000000000000000000e+00
0.000000000000000000e+00
0.000000000000000000e+00
0.000000000000000000e+00
0.000000000000000000e+00
0.000000000000000000e+00
0.000000000000000000e+00
0.000000000000000000e+00
0.000000000000000000e+00
0.000000000000000000e+00
0.000000000000000000e+00
0.000000000000000000e+00
0.000000000000000000e+00
0.000000000000000000e+00
0.000000000000000000e+00
0.000000000000000000e+00
0.000000000000000000e+00
0.000000000000000000e+00
0.000000000000000000e+00
0.000000000000000000e+00
0.000000000000000000e+00
0.000000000000000000e+00
0.000000000000000000e+00
0.000000000000000000e+00
0.000000000000000000e+00
0.000000000000000000e+00
0.000000000000000000e+00
0.000000000000000000e+00
0.000000000000000000e+00
0.000000000000000000e+00
0.000000000000000000e+00
0.000000000000000000e+00
0.000000000000000000e+00
0.000000000000000000e+00
0.000000000000000000e+00
0.000000000000000000e+00
0.000000000000000000e+00
0.000000000000000000e+00
0.000000000000000000e+00
0.000000000000000000e+00
0.000000000000000000e+00
0.000000000000000000e+00
0.000000000000000000e+00
0.000000000000000000e+00
0.000000000000000000e+00
0.000000000000000000e+00
0.000000000000000000e+00
0.000000000000000000e+00
0.000000000000000000e+00
0.000000000000000000e+00
0.000000000000000000e+00
0.000000000000000000e+00
0.000000000000000000e+00
0.000000000000000000e+00
0.000000000000000000e+00
0.000000000000000000e+00
0.000000000000000000e+00
0.000000000000000000e+00
0.000000000000000000e+00
0.000000000000000000e+00
0.000000000000000000e+00
0.000000000000000000e+00
0.000000000000000000e+00
0.000000000000000000e+00
0.000000000000000000e+00
0.000000000000000000e+00
0.000000000000000000e+00
0.000000000000000000e+00
0.000000000000000000e+00
0.000000000000000000e+00
0.000000000000000000e+00
0.000000000000000000e+00
0.000000000000000000e+00
0.000000000000000000e+00
0.000000000000000000e+00
0.000000000000000000e+00
0.000000000000000000e+00
0.000000000000000000e+00
0.000000000000000000e+00
0.000000000000000000e+00
0.000000000000000000e+00
0.000000000000000000e+00
0.000000000000000000e+00
0.000000000000000000e+00
0.000000000000000000e+00
0.000000000000000000e+00
0.000000000000000000e+00
0.000000000000000000e+00
0.000000000000000000e+00
0.000000000000000000e+00
0.000000000000000000e+00
0.000000000000000000e+00
0.000000000000000000e+00
0.000000000000000000e+00
0.000000000000000000e+00
0.000000000000000000e+00
0.000000000000000000e+00
0.000000000000000000e+00
0.000000000000000000e+00
0.000000000000000000e+00
0.000000000000000000e+00
0.000000000000000000e+00
0.000000000000000000e+00
0.000000000000000000e+00
0.000000000000000000e+00
0.000000000000000000e+00
0.000000000000000000e+00
0.000000000000000000e+00
0.000000000000000000e+00
0.000000000000000000e+00
0.000000000000000000e+00
0.000000000000000000e+00
0.000000000000000000e+00
0.000000000000000000e+00
0.000000000000000000e+00
0.000000000000000000e+00
0.000000000000000000e+00
0.000000000000000000e+00
0.000000000000000000e+00
0.000000000000000000e+00
0.000000000000000000e+00
0.000000000000000000e+00
0.000000000000000000e+00
0.000000000000000000e+00
0.000000000000000000e+00
0.000000000000000000e+00
0.000000000000000000e+00
0.000000000000000000e+00
0.000000000000000000e+00
0.000000000000000000e+00
0.000000000000000000e+00
0.000000000000000000e+00
0.000000000000000000e+00
0.000000000000000000e+00
0.000000000000000000e+00
0.000000000000000000e+00
0.000000000000000000e+00
0.000000000000000000e+00
0.000000000000000000e+00
0.000000000000000000e+00
0.000000000000000000e+00
0.000000000000000000e+00
0.000000000000000000e+00
0.000000000000000000e+00
0.000000000000000000e+00
0.000000000000000000e+00
0.000000000000000000e+00
0.000000000000000000e+00
0.000000000000000000e+00
0.000000000000000000e+00
0.000000000000000000e+00
0.000000000000000000e+00
0.000000000000000000e+00
0.000000000000000000e+00
0.000000000000000000e+00
0.000000000000000000e+00
0.000000000000000000e+00
0.000000000000000000e+00
0.000000000000000000e+00
0.000000000000000000e+00
0.000000000000000000e+00
0.000000000000000000e+00
0.000000000000000000e+00
0.000000000000000000e+00
0.000000000000000000e+00
0.000000000000000000e+00
0.000000000000000000e+00
0.000000000000000000e+00
0.000000000000000000e+00
0.000000000000000000e+00
0.000000000000000000e+00
0.000000000000000000e+00
0.000000000000000000e+00
0.000000000000000000e+00
0.000000000000000000e+00
0.000000000000000000e+00
0.000000000000000000e+00
0.000000000000000000e+00
0.000000000000000000e+00
0.000000000000000000e+00
0.000000000000000000e+00
0.000000000000000000e+00
0.000000000000000000e+00
0.000000000000000000e+00
0.000000000000000000e+00
0.000000000000000000e+00
0.000000000000000000e+00
0.000000000000000000e+00
0.000000000000000000e+00
0.000000000000000000e+00
0.000000000000000000e+00
0.000000000000000000e+00
0.000000000000000000e+00
0.000000000000000000e+00
0.000000000000000000e+00
0.000000000000000000e+00
0.000000000000000000e+00
0.000000000000000000e+00
0.000000000000000000e+00
0.000000000000000000e+00
0.000000000000000000e+00
0.000000000000000000e+00
0.000000000000000000e+00
0.000000000000000000e+00
0.000000000000000000e+00
0.000000000000000000e+00
0.000000000000000000e+00
0.000000000000000000e+00
0.000000000000000000e+00
0.000000000000000000e+00
0.000000000000000000e+00
0.000000000000000000e+00
0.000000000000000000e+00
0.000000000000000000e+00
0.000000000000000000e+00
0.000000000000000000e+00
0.000000000000000000e+00
0.000000000000000000e+00
0.000000000000000000e+00
0.000000000000000000e+00
0.000000000000000000e+00
0.000000000000000000e+00
0.000000000000000000e+00
0.000000000000000000e+00
0.000000000000000000e+00
0.000000000000000000e+00
0.000000000000000000e+00
0.000000000000000000e+00
0.000000000000000000e+00
0.000000000000000000e+00
0.000000000000000000e+00
0.000000000000000000e+00
0.000000000000000000e+00
0.000000000000000000e+00
0.000000000000000000e+00
0.000000000000000000e+00
0.000000000000000000e+00
0.000000000000000000e+00
0.000000000000000000e+00
0.000000000000000000e+00
0.000000000000000000e+00
0.000000000000000000e+00
0.000000000000000000e+00
0.000000000000000000e+00
0.000000000000000000e+00
0.000000000000000000e+00
0.000000000000000000e+00
0.000000000000000000e+00
0.000000000000000000e+00
0.000000000000000000e+00
0.000000000000000000e+00
0.000000000000000000e+00
0.000000000000000000e+00
0.000000000000000000e+00
0.000000000000000000e+00
0.000000000000000000e+00
0.000000000000000000e+00
0.000000000000000000e+00
0.000000000000000000e+00
0.000000000000000000e+00
0.000000000000000000e+00
0.000000000000000000e+00
0.000000000000000000e+00
0.000000000000000000e+00
0.000000000000000000e+00
0.000000000000000000e+00
0.000000000000000000e+00
0.000000000000000000e+00
0.000000000000000000e+00
0.000000000000000000e+00
0.000000000000000000e+00
0.000000000000000000e+00
0.000000000000000000e+00
0.000000000000000000e+00
0.000000000000000000e+00
0.000000000000000000e+00
0.000000000000000000e+00
0.000000000000000000e+00
0.000000000000000000e+00
0.000000000000000000e+00
0.000000000000000000e+00
0.000000000000000000e+00
0.000000000000000000e+00
0.000000000000000000e+00
0.000000000000000000e+00
0.000000000000000000e+00
0.000000000000000000e+00
0.000000000000000000e+00
0.000000000000000000e+00
0.000000000000000000e+00
0.000000000000000000e+00
0.000000000000000000e+00
0.000000000000000000e+00
0.000000000000000000e+00
0.000000000000000000e+00
0.000000000000000000e+00
0.000000000000000000e+00
0.000000000000000000e+00
0.000000000000000000e+00
0.000000000000000000e+00
0.000000000000000000e+00
0.000000000000000000e+00
0.000000000000000000e+00
0.000000000000000000e+00
0.000000000000000000e+00
0.000000000000000000e+00
0.000000000000000000e+00
0.000000000000000000e+00
0.000000000000000000e+00
0.000000000000000000e+00
0.000000000000000000e+00
0.000000000000000000e+00
0.000000000000000000e+00
0.000000000000000000e+00
0.000000000000000000e+00
0.000000000000000000e+00
0.000000000000000000e+00
0.000000000000000000e+00
0.000000000000000000e+00
0.000000000000000000e+00
0.000000000000000000e+00
0.000000000000000000e+00
0.000000000000000000e+00
0.000000000000000000e+00
0.000000000000000000e+00
0.000000000000000000e+00
0.000000000000000000e+00
0.000000000000000000e+00
0.000000000000000000e+00
0.000000000000000000e+00
0.000000000000000000e+00
0.000000000000000000e+00
0.000000000000000000e+00
0.000000000000000000e+00
0.000000000000000000e+00
0.000000000000000000e+00
0.000000000000000000e+00
0.000000000000000000e+00
0.000000000000000000e+00
0.000000000000000000e+00
0.000000000000000000e+00
0.000000000000000000e+00
0.000000000000000000e+00
0.000000000000000000e+00
0.000000000000000000e+00
0.000000000000000000e+00
0.000000000000000000e+00
0.000000000000000000e+00
0.000000000000000000e+00
0.000000000000000000e+00
0.000000000000000000e+00
0.000000000000000000e+00
0.000000000000000000e+00
0.000000000000000000e+00
0.000000000000000000e+00
0.000000000000000000e+00
0.000000000000000000e+00
0.000000000000000000e+00
0.000000000000000000e+00
0.000000000000000000e+00
0.000000000000000000e+00
0.000000000000000000e+00
0.000000000000000000e+00
0.000000000000000000e+00
0.000000000000000000e+00
0.000000000000000000e+00
0.000000000000000000e+00
0.000000000000000000e+00
0.000000000000000000e+00
0.000000000000000000e+00
0.000000000000000000e+00
0.000000000000000000e+00
0.000000000000000000e+00
0.000000000000000000e+00
0.000000000000000000e+00
0.000000000000000000e+00
0.000000000000000000e+00
0.000000000000000000e+00
0.000000000000000000e+00
0.000000000000000000e+00
0.000000000000000000e+00
0.000000000000000000e+00
0.000000000000000000e+00
0.000000000000000000e+00
0.000000000000000000e+00
0.000000000000000000e+00
0.000000000000000000e+00
0.000000000000000000e+00
0.000000000000000000e+00
0.000000000000000000e+00
0.000000000000000000e+00
0.000000000000000000e+00
0.000000000000000000e+00
0.000000000000000000e+00
0.000000000000000000e+00
0.000000000000000000e+00
0.000000000000000000e+00
0.000000000000000000e+00
0.000000000000000000e+00
0.000000000000000000e+00
0.000000000000000000e+00
0.000000000000000000e+00
0.000000000000000000e+00
0.000000000000000000e+00
0.000000000000000000e+00
0.000000000000000000e+00
0.000000000000000000e+00
0.000000000000000000e+00
0.000000000000000000e+00
0.000000000000000000e+00
0.000000000000000000e+00
0.000000000000000000e+00
0.000000000000000000e+00
0.000000000000000000e+00
0.000000000000000000e+00
0.000000000000000000e+00
0.000000000000000000e+00
0.000000000000000000e+00
0.000000000000000000e+00
0.000000000000000000e+00
0.000000000000000000e+00
0.000000000000000000e+00
0.000000000000000000e+00
0.000000000000000000e+00
0.000000000000000000e+00
0.000000000000000000e+00
0.000000000000000000e+00
0.000000000000000000e+00
0.000000000000000000e+00
0.000000000000000000e+00
0.000000000000000000e+00
0.000000000000000000e+00
0.000000000000000000e+00
0.000000000000000000e+00
0.000000000000000000e+00
0.000000000000000000e+00
0.000000000000000000e+00
0.000000000000000000e+00
0.000000000000000000e+00
0.000000000000000000e+00
0.000000000000000000e+00
0.000000000000000000e+00
0.000000000000000000e+00
0.000000000000000000e+00
0.000000000000000000e+00
0.000000000000000000e+00
0.000000000000000000e+00
0.000000000000000000e+00
0.000000000000000000e+00
0.000000000000000000e+00
0.000000000000000000e+00
0.000000000000000000e+00
0.000000000000000000e+00
0.000000000000000000e+00
0.000000000000000000e+00
0.000000000000000000e+00
0.000000000000000000e+00
0.000000000000000000e+00
0.000000000000000000e+00
0.000000000000000000e+00
0.000000000000000000e+00
0.000000000000000000e+00
0.000000000000000000e+00
0.000000000000000000e+00
0.000000000000000000e+00
0.000000000000000000e+00
0.000000000000000000e+00
0.000000000000000000e+00
0.000000000000000000e+00
0.000000000000000000e+00
0.000000000000000000e+00
0.000000000000000000e+00
0.000000000000000000e+00
0.000000000000000000e+00
0.000000000000000000e+00
0.000000000000000000e+00
0.000000000000000000e+00
0.000000000000000000e+00
0.000000000000000000e+00
0.000000000000000000e+00
0.000000000000000000e+00
0.000000000000000000e+00
0.000000000000000000e+00
0.000000000000000000e+00
0.000000000000000000e+00
0.000000000000000000e+00
0.000000000000000000e+00
0.000000000000000000e+00
0.000000000000000000e+00
0.000000000000000000e+00
0.000000000000000000e+00
0.000000000000000000e+00
0.000000000000000000e+00
0.000000000000000000e+00
0.000000000000000000e+00
0.000000000000000000e+00
0.000000000000000000e+00
0.000000000000000000e+00
0.000000000000000000e+00
0.000000000000000000e+00
0.000000000000000000e+00
0.000000000000000000e+00
0.000000000000000000e+00
0.000000000000000000e+00
0.000000000000000000e+00
0.000000000000000000e+00
0.000000000000000000e+00
0.000000000000000000e+00
0.000000000000000000e+00
0.000000000000000000e+00
0.000000000000000000e+00
0.000000000000000000e+00
0.000000000000000000e+00
0.000000000000000000e+00
0.000000000000000000e+00
0.000000000000000000e+00
0.000000000000000000e+00
0.000000000000000000e+00
0.000000000000000000e+00
0.000000000000000000e+00
0.000000000000000000e+00
0.000000000000000000e+00
0.000000000000000000e+00
0.000000000000000000e+00
0.000000000000000000e+00
0.000000000000000000e+00
0.000000000000000000e+00
0.000000000000000000e+00
0.000000000000000000e+00
0.000000000000000000e+00
0.000000000000000000e+00
0.000000000000000000e+00
0.000000000000000000e+00
0.000000000000000000e+00
0.000000000000000000e+00
0.000000000000000000e+00
0.000000000000000000e+00
0.000000000000000000e+00
0.000000000000000000e+00
0.000000000000000000e+00
0.000000000000000000e+00
0.000000000000000000e+00
0.000000000000000000e+00
0.000000000000000000e+00
0.000000000000000000e+00
0.000000000000000000e+00
0.000000000000000000e+00
0.000000000000000000e+00
0.000000000000000000e+00
0.000000000000000000e+00
0.000000000000000000e+00
0.000000000000000000e+00
0.000000000000000000e+00
0.000000000000000000e+00
0.000000000000000000e+00
0.000000000000000000e+00
0.000000000000000000e+00
0.000000000000000000e+00
0.000000000000000000e+00
0.000000000000000000e+00
0.000000000000000000e+00
0.000000000000000000e+00
0.000000000000000000e+00
0.000000000000000000e+00
0.000000000000000000e+00
0.000000000000000000e+00
0.000000000000000000e+00
0.000000000000000000e+00
0.000000000000000000e+00
0.000000000000000000e+00
0.000000000000000000e+00
0.000000000000000000e+00
0.000000000000000000e+00
0.000000000000000000e+00
0.000000000000000000e+00
0.000000000000000000e+00
0.000000000000000000e+00
0.000000000000000000e+00
0.000000000000000000e+00
0.000000000000000000e+00
0.000000000000000000e+00
0.000000000000000000e+00
0.000000000000000000e+00
0.000000000000000000e+00
0.000000000000000000e+00
0.000000000000000000e+00
0.000000000000000000e+00
0.000000000000000000e+00
0.000000000000000000e+00
0.000000000000000000e+00
0.000000000000000000e+00
0.000000000000000000e+00
0.000000000000000000e+00
0.000000000000000000e+00
0.000000000000000000e+00
0.000000000000000000e+00
0.000000000000000000e+00
0.000000000000000000e+00
0.000000000000000000e+00
0.000000000000000000e+00
0.000000000000000000e+00
0.000000000000000000e+00
0.000000000000000000e+00
0.000000000000000000e+00
0.000000000000000000e+00
0.000000000000000000e+00
0.000000000000000000e+00
0.000000000000000000e+00
0.000000000000000000e+00
0.000000000000000000e+00
0.000000000000000000e+00
0.000000000000000000e+00
0.000000000000000000e+00
0.000000000000000000e+00
0.000000000000000000e+00
0.000000000000000000e+00
0.000000000000000000e+00
0.000000000000000000e+00
0.000000000000000000e+00
0.000000000000000000e+00
0.000000000000000000e+00
0.000000000000000000e+00
0.000000000000000000e+00
0.000000000000000000e+00
0.000000000000000000e+00
0.000000000000000000e+00
0.000000000000000000e+00
0.000000000000000000e+00
0.000000000000000000e+00
0.000000000000000000e+00
0.000000000000000000e+00
0.000000000000000000e+00
0.000000000000000000e+00
0.000000000000000000e+00
0.000000000000000000e+00
0.000000000000000000e+00
0.000000000000000000e+00
0.000000000000000000e+00
0.000000000000000000e+00
0.000000000000000000e+00
0.000000000000000000e+00
0.000000000000000000e+00
0.000000000000000000e+00
0.000000000000000000e+00
0.000000000000000000e+00
0.000000000000000000e+00
0.000000000000000000e+00
0.000000000000000000e+00
0.000000000000000000e+00
0.000000000000000000e+00
0.000000000000000000e+00
0.000000000000000000e+00
0.000000000000000000e+00
0.000000000000000000e+00
0.000000000000000000e+00
0.000000000000000000e+00
0.000000000000000000e+00
0.000000000000000000e+00
0.000000000000000000e+00
0.000000000000000000e+00
0.000000000000000000e+00
0.000000000000000000e+00
0.000000000000000000e+00
0.000000000000000000e+00
0.000000000000000000e+00
0.000000000000000000e+00
0.000000000000000000e+00
0.000000000000000000e+00
0.000000000000000000e+00
0.000000000000000000e+00
0.000000000000000000e+00
0.000000000000000000e+00
0.000000000000000000e+00
0.000000000000000000e+00
0.000000000000000000e+00
0.000000000000000000e+00
0.000000000000000000e+00
0.000000000000000000e+00
0.000000000000000000e+00
0.000000000000000000e+00
0.000000000000000000e+00
0.000000000000000000e+00
0.000000000000000000e+00
0.000000000000000000e+00
0.000000000000000000e+00
0.000000000000000000e+00
0.000000000000000000e+00
0.000000000000000000e+00
0.000000000000000000e+00
0.000000000000000000e+00
0.000000000000000000e+00
0.000000000000000000e+00
0.000000000000000000e+00
0.000000000000000000e+00
0.000000000000000000e+00
0.000000000000000000e+00
0.000000000000000000e+00
0.000000000000000000e+00
0.000000000000000000e+00
0.000000000000000000e+00
0.000000000000000000e+00
0.000000000000000000e+00
0.000000000000000000e+00
0.000000000000000000e+00
0.000000000000000000e+00
0.000000000000000000e+00
0.000000000000000000e+00
0.000000000000000000e+00
0.000000000000000000e+00
0.000000000000000000e+00
0.000000000000000000e+00
0.000000000000000000e+00
0.000000000000000000e+00
0.000000000000000000e+00
0.000000000000000000e+00
0.000000000000000000e+00
0.000000000000000000e+00
0.000000000000000000e+00
0.000000000000000000e+00
0.000000000000000000e+00
0.000000000000000000e+00
0.000000000000000000e+00
0.000000000000000000e+00
0.000000000000000000e+00
0.000000000000000000e+00
0.000000000000000000e+00
0.000000000000000000e+00
0.000000000000000000e+00
0.000000000000000000e+00
0.000000000000000000e+00
0.000000000000000000e+00
0.000000000000000000e+00
0.000000000000000000e+00
0.000000000000000000e+00
0.000000000000000000e+00
0.000000000000000000e+00
0.000000000000000000e+00
0.000000000000000000e+00
0.000000000000000000e+00
0.000000000000000000e+00
0.000000000000000000e+00
0.000000000000000000e+00
0.000000000000000000e+00
0.000000000000000000e+00
0.000000000000000000e+00
0.000000000000000000e+00
0.000000000000000000e+00
0.000000000000000000e+00
0.000000000000000000e+00
0.000000000000000000e+00
0.000000000000000000e+00
0.000000000000000000e+00
0.000000000000000000e+00
0.000000000000000000e+00
0.000000000000000000e+00
0.000000000000000000e+00
0.000000000000000000e+00
0.000000000000000000e+00
0.000000000000000000e+00
0.000000000000000000e+00
0.000000000000000000e+00
0.000000000000000000e+00
0.000000000000000000e+00
0.000000000000000000e+00
0.000000000000000000e+00
0.000000000000000000e+00
0.000000000000000000e+00
0.000000000000000000e+00
0.000000000000000000e+00
0.000000000000000000e+00
0.000000000000000000e+00
0.000000000000000000e+00
0.000000000000000000e+00
0.000000000000000000e+00
0.000000000000000000e+00
0.000000000000000000e+00
0.000000000000000000e+00
0.000000000000000000e+00
0.000000000000000000e+00
0.000000000000000000e+00
0.000000000000000000e+00
0.000000000000000000e+00
0.000000000000000000e+00
0.000000000000000000e+00
0.000000000000000000e+00
0.000000000000000000e+00
0.000000000000000000e+00
0.000000000000000000e+00
0.000000000000000000e+00
0.000000000000000000e+00
0.000000000000000000e+00
0.000000000000000000e+00
0.000000000000000000e+00
0.000000000000000000e+00
0.000000000000000000e+00
0.000000000000000000e+00
0.000000000000000000e+00
0.000000000000000000e+00
0.000000000000000000e+00
0.000000000000000000e+00
0.000000000000000000e+00
0.000000000000000000e+00
0.000000000000000000e+00
0.000000000000000000e+00
0.000000000000000000e+00
0.000000000000000000e+00
0.000000000000000000e+00
0.000000000000000000e+00
0.000000000000000000e+00
0.000000000000000000e+00
0.000000000000000000e+00
0.000000000000000000e+00
0.000000000000000000e+00
0.000000000000000000e+00
0.000000000000000000e+00
0.000000000000000000e+00
0.000000000000000000e+00
0.000000000000000000e+00
0.000000000000000000e+00
0.000000000000000000e+00
0.000000000000000000e+00
0.000000000000000000e+00
0.000000000000000000e+00
0.000000000000000000e+00
0.000000000000000000e+00
0.000000000000000000e+00
0.000000000000000000e+00
0.000000000000000000e+00
0.000000000000000000e+00
0.000000000000000000e+00
0.000000000000000000e+00
0.000000000000000000e+00
0.000000000000000000e+00
0.000000000000000000e+00
0.000000000000000000e+00
0.000000000000000000e+00
0.000000000000000000e+00
0.000000000000000000e+00
0.000000000000000000e+00
0.000000000000000000e+00
0.000000000000000000e+00
0.000000000000000000e+00
0.000000000000000000e+00
0.000000000000000000e+00
0.000000000000000000e+00
0.000000000000000000e+00
0.000000000000000000e+00
0.000000000000000000e+00
0.000000000000000000e+00
0.000000000000000000e+00
0.000000000000000000e+00
0.000000000000000000e+00
0.000000000000000000e+00
0.000000000000000000e+00
0.000000000000000000e+00
0.000000000000000000e+00
0.000000000000000000e+00
0.000000000000000000e+00
0.000000000000000000e+00
0.000000000000000000e+00
0.000000000000000000e+00
0.000000000000000000e+00
0.000000000000000000e+00
0.000000000000000000e+00
0.000000000000000000e+00
0.000000000000000000e+00
0.000000000000000000e+00
0.000000000000000000e+00
0.000000000000000000e+00
0.000000000000000000e+00
0.000000000000000000e+00
0.000000000000000000e+00
0.000000000000000000e+00
0.000000000000000000e+00
0.000000000000000000e+00
0.000000000000000000e+00
0.000000000000000000e+00
0.000000000000000000e+00
0.000000000000000000e+00
0.000000000000000000e+00
0.000000000000000000e+00
0.000000000000000000e+00
0.000000000000000000e+00
0.000000000000000000e+00
0.000000000000000000e+00
0.000000000000000000e+00
0.000000000000000000e+00
0.000000000000000000e+00
0.000000000000000000e+00
0.000000000000000000e+00
0.000000000000000000e+00
0.000000000000000000e+00
0.000000000000000000e+00
0.000000000000000000e+00
0.000000000000000000e+00
0.000000000000000000e+00
0.000000000000000000e+00
0.000000000000000000e+00
0.000000000000000000e+00
0.000000000000000000e+00
0.000000000000000000e+00
0.000000000000000000e+00
0.000000000000000000e+00
0.000000000000000000e+00
0.000000000000000000e+00
0.000000000000000000e+00
0.000000000000000000e+00
0.000000000000000000e+00
0.000000000000000000e+00
0.000000000000000000e+00
0.000000000000000000e+00
0.000000000000000000e+00
0.000000000000000000e+00
0.000000000000000000e+00
0.000000000000000000e+00
0.000000000000000000e+00
0.000000000000000000e+00
0.000000000000000000e+00
0.000000000000000000e+00
0.000000000000000000e+00
0.000000000000000000e+00
0.000000000000000000e+00
0.000000000000000000e+00
0.000000000000000000e+00
0.000000000000000000e+00
0.000000000000000000e+00
0.000000000000000000e+00
0.000000000000000000e+00
0.000000000000000000e+00
0.000000000000000000e+00
0.000000000000000000e+00
0.000000000000000000e+00
0.000000000000000000e+00
0.000000000000000000e+00
0.000000000000000000e+00
0.000000000000000000e+00
0.000000000000000000e+00
0.000000000000000000e+00
0.000000000000000000e+00
0.000000000000000000e+00
0.000000000000000000e+00
0.000000000000000000e+00
0.000000000000000000e+00
0.000000000000000000e+00
0.000000000000000000e+00
0.000000000000000000e+00
0.000000000000000000e+00
0.000000000000000000e+00
0.000000000000000000e+00
0.000000000000000000e+00
0.000000000000000000e+00
0.000000000000000000e+00
0.000000000000000000e+00
0.000000000000000000e+00
0.000000000000000000e+00
0.000000000000000000e+00
0.000000000000000000e+00
0.000000000000000000e+00
0.000000000000000000e+00
0.000000000000000000e+00
0.000000000000000000e+00
0.000000000000000000e+00
0.000000000000000000e+00
0.000000000000000000e+00
0.000000000000000000e+00
0.000000000000000000e+00
0.000000000000000000e+00
0.000000000000000000e+00
0.000000000000000000e+00
0.000000000000000000e+00
0.000000000000000000e+00
0.000000000000000000e+00
0.000000000000000000e+00
0.000000000000000000e+00
0.000000000000000000e+00
0.000000000000000000e+00
0.000000000000000000e+00
0.000000000000000000e+00
0.000000000000000000e+00
0.000000000000000000e+00
0.000000000000000000e+00
0.000000000000000000e+00
0.000000000000000000e+00
0.000000000000000000e+00
0.000000000000000000e+00
0.000000000000000000e+00
0.000000000000000000e+00
0.000000000000000000e+00
0.000000000000000000e+00
0.000000000000000000e+00
0.000000000000000000e+00
0.000000000000000000e+00
0.000000000000000000e+00
0.000000000000000000e+00
0.000000000000000000e+00
0.000000000000000000e+00
0.000000000000000000e+00
0.000000000000000000e+00
0.000000000000000000e+00
0.000000000000000000e+00
0.000000000000000000e+00
0.000000000000000000e+00
0.000000000000000000e+00
0.000000000000000000e+00
0.000000000000000000e+00
0.000000000000000000e+00
0.000000000000000000e+00
0.000000000000000000e+00
0.000000000000000000e+00
0.000000000000000000e+00
0.000000000000000000e+00
0.000000000000000000e+00
0.000000000000000000e+00
0.000000000000000000e+00
0.000000000000000000e+00
0.000000000000000000e+00
0.000000000000000000e+00
0.000000000000000000e+00
0.000000000000000000e+00
0.000000000000000000e+00
0.000000000000000000e+00
0.000000000000000000e+00
0.000000000000000000e+00
0.000000000000000000e+00
0.000000000000000000e+00
0.000000000000000000e+00
0.000000000000000000e+00
0.000000000000000000e+00
0.000000000000000000e+00
0.000000000000000000e+00
0.000000000000000000e+00
0.000000000000000000e+00
0.000000000000000000e+00
0.000000000000000000e+00
0.000000000000000000e+00
0.000000000000000000e+00
0.000000000000000000e+00
0.000000000000000000e+00
0.000000000000000000e+00
0.000000000000000000e+00
0.000000000000000000e+00
0.000000000000000000e+00
0.000000000000000000e+00
0.000000000000000000e+00
0.000000000000000000e+00
0.000000000000000000e+00
0.000000000000000000e+00
0.000000000000000000e+00
0.000000000000000000e+00
0.000000000000000000e+00
0.000000000000000000e+00
0.000000000000000000e+00
0.000000000000000000e+00
0.000000000000000000e+00
0.000000000000000000e+00
0.000000000000000000e+00
0.000000000000000000e+00
0.000000000000000000e+00
0.000000000000000000e+00
0.000000000000000000e+00
0.000000000000000000e+00
0.000000000000000000e+00
0.000000000000000000e+00
0.000000000000000000e+00
0.000000000000000000e+00
0.000000000000000000e+00
0.000000000000000000e+00
0.000000000000000000e+00
0.000000000000000000e+00
0.000000000000000000e+00
0.000000000000000000e+00
0.000000000000000000e+00
0.000000000000000000e+00
0.000000000000000000e+00
0.000000000000000000e+00
0.000000000000000000e+00
0.000000000000000000e+00
0.000000000000000000e+00
0.000000000000000000e+00
0.000000000000000000e+00
0.000000000000000000e+00
0.000000000000000000e+00
0.000000000000000000e+00
0.000000000000000000e+00
0.000000000000000000e+00
0.000000000000000000e+00
0.000000000000000000e+00
0.000000000000000000e+00
0.000000000000000000e+00
0.000000000000000000e+00
0.000000000000000000e+00
0.000000000000000000e+00
0.000000000000000000e+00
0.000000000000000000e+00
0.000000000000000000e+00
0.000000000000000000e+00
0.000000000000000000e+00
0.000000000000000000e+00
0.000000000000000000e+00
0.000000000000000000e+00
0.000000000000000000e+00
0.000000000000000000e+00
0.000000000000000000e+00
0.000000000000000000e+00
0.000000000000000000e+00
0.000000000000000000e+00
0.000000000000000000e+00
0.000000000000000000e+00
0.000000000000000000e+00
0.000000000000000000e+00
0.000000000000000000e+00
0.000000000000000000e+00
0.000000000000000000e+00
0.000000000000000000e+00
0.000000000000000000e+00
0.000000000000000000e+00
0.000000000000000000e+00
0.000000000000000000e+00
0.000000000000000000e+00
0.000000000000000000e+00
0.000000000000000000e+00
0.000000000000000000e+00
0.000000000000000000e+00
0.000000000000000000e+00
0.000000000000000000e+00
0.000000000000000000e+00
0.000000000000000000e+00
0.000000000000000000e+00
0.000000000000000000e+00
0.000000000000000000e+00
0.000000000000000000e+00
0.000000000000000000e+00
0.000000000000000000e+00
0.000000000000000000e+00
0.000000000000000000e+00
0.000000000000000000e+00
0.000000000000000000e+00
0.000000000000000000e+00
0.000000000000000000e+00
0.000000000000000000e+00
0.000000000000000000e+00
0.000000000000000000e+00
0.000000000000000000e+00
0.000000000000000000e+00
0.000000000000000000e+00
0.000000000000000000e+00
0.000000000000000000e+00
0.000000000000000000e+00
0.000000000000000000e+00
0.000000000000000000e+00
0.000000000000000000e+00
0.000000000000000000e+00
0.000000000000000000e+00
0.000000000000000000e+00
0.000000000000000000e+00
0.000000000000000000e+00
0.000000000000000000e+00
0.000000000000000000e+00
0.000000000000000000e+00
0.000000000000000000e+00
0.000000000000000000e+00
0.000000000000000000e+00
0.000000000000000000e+00
0.000000000000000000e+00
0.000000000000000000e+00
0.000000000000000000e+00
0.000000000000000000e+00
0.000000000000000000e+00
0.000000000000000000e+00
0.000000000000000000e+00
0.000000000000000000e+00
0.000000000000000000e+00
0.000000000000000000e+00
0.000000000000000000e+00
0.000000000000000000e+00
0.000000000000000000e+00
0.000000000000000000e+00
0.000000000000000000e+00
0.000000000000000000e+00
0.000000000000000000e+00
0.000000000000000000e+00
0.000000000000000000e+00
0.000000000000000000e+00
0.000000000000000000e+00
0.000000000000000000e+00
0.000000000000000000e+00
0.000000000000000000e+00
0.000000000000000000e+00
0.000000000000000000e+00
0.000000000000000000e+00
0.000000000000000000e+00
0.000000000000000000e+00
0.000000000000000000e+00
0.000000000000000000e+00
0.000000000000000000e+00
0.000000000000000000e+00
0.000000000000000000e+00
0.000000000000000000e+00
0.000000000000000000e+00
0.000000000000000000e+00
0.000000000000000000e+00
0.000000000000000000e+00
0.000000000000000000e+00
0.000000000000000000e+00
0.000000000000000000e+00
0.000000000000000000e+00
0.000000000000000000e+00
0.000000000000000000e+00
0.000000000000000000e+00
0.000000000000000000e+00
0.000000000000000000e+00
0.000000000000000000e+00
0.000000000000000000e+00
0.000000000000000000e+00
0.000000000000000000e+00
0.000000000000000000e+00
0.000000000000000000e+00
0.000000000000000000e+00
0.000000000000000000e+00
0.000000000000000000e+00
0.000000000000000000e+00
0.000000000000000000e+00
0.000000000000000000e+00
0.000000000000000000e+00
0.000000000000000000e+00
0.000000000000000000e+00
0.000000000000000000e+00
0.000000000000000000e+00
0.000000000000000000e+00
0.000000000000000000e+00
0.000000000000000000e+00
0.000000000000000000e+00
0.000000000000000000e+00
0.000000000000000000e+00
0.000000000000000000e+00
0.000000000000000000e+00
0.000000000000000000e+00
0.000000000000000000e+00
0.000000000000000000e+00
0.000000000000000000e+00
0.000000000000000000e+00
0.000000000000000000e+00
0.000000000000000000e+00
0.000000000000000000e+00
0.000000000000000000e+00
0.000000000000000000e+00
0.000000000000000000e+00
0.000000000000000000e+00
0.000000000000000000e+00
0.000000000000000000e+00
0.000000000000000000e+00
0.000000000000000000e+00
0.000000000000000000e+00
0.000000000000000000e+00
0.000000000000000000e+00
0.000000000000000000e+00
0.000000000000000000e+00
0.000000000000000000e+00
0.000000000000000000e+00
0.000000000000000000e+00
0.000000000000000000e+00
0.000000000000000000e+00
0.000000000000000000e+00
0.000000000000000000e+00
0.000000000000000000e+00
0.000000000000000000e+00
0.000000000000000000e+00
0.000000000000000000e+00
0.000000000000000000e+00
0.000000000000000000e+00
0.000000000000000000e+00
0.000000000000000000e+00
0.000000000000000000e+00
0.000000000000000000e+00
0.000000000000000000e+00
0.000000000000000000e+00
0.000000000000000000e+00
0.000000000000000000e+00
0.000000000000000000e+00
0.000000000000000000e+00
0.000000000000000000e+00
0.000000000000000000e+00
0.000000000000000000e+00
0.000000000000000000e+00
0.000000000000000000e+00
0.000000000000000000e+00
0.000000000000000000e+00
0.000000000000000000e+00
0.000000000000000000e+00
0.000000000000000000e+00
0.000000000000000000e+00
0.000000000000000000e+00
0.000000000000000000e+00
0.000000000000000000e+00
0.000000000000000000e+00
0.000000000000000000e+00
0.000000000000000000e+00
0.000000000000000000e+00
0.000000000000000000e+00
0.000000000000000000e+00
0.000000000000000000e+00
0.000000000000000000e+00
0.000000000000000000e+00
0.000000000000000000e+00
0.000000000000000000e+00
0.000000000000000000e+00
0.000000000000000000e+00
0.000000000000000000e+00
0.000000000000000000e+00
0.000000000000000000e+00
0.000000000000000000e+00
0.000000000000000000e+00
0.000000000000000000e+00
0.000000000000000000e+00
0.000000000000000000e+00
0.000000000000000000e+00
0.000000000000000000e+00
0.000000000000000000e+00
0.000000000000000000e+00
0.000000000000000000e+00
0.000000000000000000e+00
0.000000000000000000e+00
0.000000000000000000e+00
0.000000000000000000e+00
0.000000000000000000e+00
0.000000000000000000e+00
0.000000000000000000e+00
0.000000000000000000e+00
0.000000000000000000e+00
0.000000000000000000e+00
0.000000000000000000e+00
0.000000000000000000e+00
0.000000000000000000e+00
0.000000000000000000e+00
0.000000000000000000e+00
0.000000000000000000e+00
0.000000000000000000e+00
0.000000000000000000e+00
0.000000000000000000e+00
0.000000000000000000e+00
0.000000000000000000e+00
0.000000000000000000e+00
0.000000000000000000e+00
0.000000000000000000e+00
0.000000000000000000e+00
0.000000000000000000e+00
0.000000000000000000e+00
0.000000000000000000e+00
0.000000000000000000e+00
0.000000000000000000e+00
0.000000000000000000e+00
0.000000000000000000e+00
0.000000000000000000e+00
0.000000000000000000e+00
0.000000000000000000e+00
0.000000000000000000e+00
0.000000000000000000e+00
0.000000000000000000e+00
0.000000000000000000e+00
0.000000000000000000e+00
0.000000000000000000e+00
0.000000000000000000e+00
0.000000000000000000e+00
0.000000000000000000e+00
0.000000000000000000e+00
0.000000000000000000e+00
0.000000000000000000e+00
0.000000000000000000e+00
0.000000000000000000e+00
0.000000000000000000e+00
0.000000000000000000e+00
0.000000000000000000e+00
0.000000000000000000e+00
0.000000000000000000e+00
0.000000000000000000e+00
0.000000000000000000e+00
0.000000000000000000e+00
0.000000000000000000e+00
0.000000000000000000e+00
0.000000000000000000e+00
0.000000000000000000e+00
0.000000000000000000e+00
0.000000000000000000e+00
0.000000000000000000e+00
0.000000000000000000e+00
0.000000000000000000e+00
0.000000000000000000e+00
0.000000000000000000e+00
0.000000000000000000e+00
0.000000000000000000e+00
0.000000000000000000e+00
0.000000000000000000e+00
0.000000000000000000e+00
0.000000000000000000e+00
0.000000000000000000e+00
0.000000000000000000e+00
0.000000000000000000e+00
0.000000000000000000e+00
0.000000000000000000e+00
0.000000000000000000e+00
0.000000000000000000e+00
0.000000000000000000e+00
0.000000000000000000e+00
0.000000000000000000e+00
0.000000000000000000e+00
0.000000000000000000e+00
0.000000000000000000e+00
0.000000000000000000e+00
0.000000000000000000e+00
0.000000000000000000e+00
0.000000000000000000e+00
0.000000000000000000e+00
0.000000000000000000e+00
0.000000000000000000e+00
0.000000000000000000e+00
0.000000000000000000e+00
0.000000000000000000e+00
0.000000000000000000e+00
0.000000000000000000e+00
0.000000000000000000e+00
0.000000000000000000e+00
0.000000000000000000e+00
0.000000000000000000e+00
0.000000000000000000e+00
0.000000000000000000e+00
0.000000000000000000e+00
0.000000000000000000e+00
0.000000000000000000e+00
0.000000000000000000e+00
0.000000000000000000e+00
0.000000000000000000e+00
0.000000000000000000e+00
0.000000000000000000e+00
0.000000000000000000e+00
0.000000000000000000e+00
0.000000000000000000e+00
0.000000000000000000e+00
0.000000000000000000e+00
0.000000000000000000e+00
0.000000000000000000e+00
0.000000000000000000e+00
0.000000000000000000e+00
0.000000000000000000e+00
0.000000000000000000e+00
0.000000000000000000e+00
0.000000000000000000e+00
0.000000000000000000e+00
0.000000000000000000e+00
0.000000000000000000e+00
0.000000000000000000e+00
0.000000000000000000e+00
0.000000000000000000e+00
0.000000000000000000e+00
0.000000000000000000e+00
0.000000000000000000e+00
0.000000000000000000e+00
0.000000000000000000e+00
0.000000000000000000e+00
0.000000000000000000e+00
0.000000000000000000e+00
0.000000000000000000e+00
0.000000000000000000e+00
0.000000000000000000e+00
0.000000000000000000e+00
0.000000000000000000e+00
0.000000000000000000e+00
0.000000000000000000e+00
0.000000000000000000e+00
0.000000000000000000e+00
0.000000000000000000e+00
0.000000000000000000e+00
0.000000000000000000e+00
0.000000000000000000e+00
0.000000000000000000e+00
0.000000000000000000e+00
0.000000000000000000e+00
0.000000000000000000e+00
0.000000000000000000e+00
0.000000000000000000e+00
0.000000000000000000e+00
0.000000000000000000e+00
0.000000000000000000e+00
0.000000000000000000e+00
0.000000000000000000e+00
0.000000000000000000e+00
0.000000000000000000e+00
0.000000000000000000e+00
0.000000000000000000e+00
0.000000000000000000e+00
0.000000000000000000e+00
0.000000000000000000e+00
0.000000000000000000e+00
0.000000000000000000e+00
0.000000000000000000e+00
0.000000000000000000e+00
0.000000000000000000e+00
0.000000000000000000e+00
0.000000000000000000e+00
0.000000000000000000e+00
0.000000000000000000e+00
0.000000000000000000e+00
0.000000000000000000e+00
0.000000000000000000e+00
0.000000000000000000e+00
0.000000000000000000e+00
0.000000000000000000e+00
0.000000000000000000e+00
0.000000000000000000e+00
0.000000000000000000e+00
0.000000000000000000e+00
0.000000000000000000e+00
0.000000000000000000e+00
0.000000000000000000e+00
0.000000000000000000e+00
0.000000000000000000e+00
0.000000000000000000e+00
0.000000000000000000e+00
0.000000000000000000e+00
0.000000000000000000e+00
0.000000000000000000e+00
0.000000000000000000e+00
0.000000000000000000e+00
0.000000000000000000e+00
0.000000000000000000e+00
0.000000000000000000e+00
0.000000000000000000e+00
0.000000000000000000e+00
0.000000000000000000e+00
0.000000000000000000e+00
0.000000000000000000e+00
0.000000000000000000e+00
0.000000000000000000e+00
0.000000000000000000e+00
0.000000000000000000e+00
0.000000000000000000e+00
0.000000000000000000e+00
0.000000000000000000e+00
0.000000000000000000e+00
0.000000000000000000e+00
0.000000000000000000e+00
0.000000000000000000e+00
0.000000000000000000e+00
0.000000000000000000e+00
0.000000000000000000e+00
0.000000000000000000e+00
0.000000000000000000e+00
0.000000000000000000e+00
0.000000000000000000e+00
0.000000000000000000e+00
0.000000000000000000e+00
0.000000000000000000e+00
0.000000000000000000e+00
0.000000000000000000e+00
0.000000000000000000e+00
0.000000000000000000e+00
0.000000000000000000e+00
0.000000000000000000e+00
0.000000000000000000e+00
0.000000000000000000e+00
0.000000000000000000e+00
0.000000000000000000e+00
0.000000000000000000e+00
0.000000000000000000e+00
0.000000000000000000e+00
0.000000000000000000e+00
0.000000000000000000e+00
0.000000000000000000e+00
0.000000000000000000e+00
0.000000000000000000e+00
0.000000000000000000e+00
0.000000000000000000e+00
0.000000000000000000e+00
0.000000000000000000e+00
0.000000000000000000e+00
0.000000000000000000e+00
0.000000000000000000e+00
0.000000000000000000e+00
0.000000000000000000e+00
0.000000000000000000e+00
0.000000000000000000e+00
0.000000000000000000e+00
0.000000000000000000e+00
0.000000000000000000e+00
0.000000000000000000e+00
0.000000000000000000e+00
0.000000000000000000e+00
0.000000000000000000e+00
0.000000000000000000e+00
0.000000000000000000e+00
0.000000000000000000e+00
0.000000000000000000e+00
0.000000000000000000e+00
0.000000000000000000e+00
0.000000000000000000e+00
0.000000000000000000e+00
0.000000000000000000e+00
0.000000000000000000e+00
0.000000000000000000e+00
0.000000000000000000e+00
0.000000000000000000e+00
0.000000000000000000e+00
0.000000000000000000e+00
0.000000000000000000e+00
0.000000000000000000e+00
0.000000000000000000e+00
0.000000000000000000e+00
0.000000000000000000e+00
0.000000000000000000e+00
0.000000000000000000e+00
0.000000000000000000e+00
0.000000000000000000e+00
0.000000000000000000e+00
0.000000000000000000e+00
0.000000000000000000e+00
0.000000000000000000e+00
0.000000000000000000e+00
0.000000000000000000e+00
0.000000000000000000e+00
0.000000000000000000e+00
0.000000000000000000e+00
0.000000000000000000e+00
0.000000000000000000e+00
0.000000000000000000e+00
0.000000000000000000e+00
0.000000000000000000e+00
0.000000000000000000e+00
0.000000000000000000e+00
0.000000000000000000e+00
0.000000000000000000e+00
0.000000000000000000e+00
0.000000000000000000e+00
0.000000000000000000e+00
0.000000000000000000e+00
0.000000000000000000e+00
0.000000000000000000e+00
0.000000000000000000e+00
0.000000000000000000e+00
0.000000000000000000e+00
0.000000000000000000e+00
0.000000000000000000e+00
0.000000000000000000e+00
0.000000000000000000e+00
0.000000000000000000e+00
0.000000000000000000e+00
0.000000000000000000e+00
0.000000000000000000e+00
0.000000000000000000e+00
0.000000000000000000e+00
0.000000000000000000e+00
0.000000000000000000e+00
0.000000000000000000e+00
0.000000000000000000e+00
0.000000000000000000e+00
0.000000000000000000e+00
0.000000000000000000e+00
0.000000000000000000e+00
0.000000000000000000e+00
0.000000000000000000e+00
0.000000000000000000e+00
0.000000000000000000e+00
0.000000000000000000e+00
0.000000000000000000e+00
0.000000000000000000e+00
0.000000000000000000e+00
0.000000000000000000e+00
0.000000000000000000e+00
0.000000000000000000e+00
0.000000000000000000e+00
0.000000000000000000e+00
0.000000000000000000e+00
0.000000000000000000e+00
0.000000000000000000e+00
0.000000000000000000e+00
0.000000000000000000e+00
0.000000000000000000e+00
0.000000000000000000e+00
0.000000000000000000e+00
0.000000000000000000e+00
0.000000000000000000e+00
0.000000000000000000e+00
0.000000000000000000e+00
0.000000000000000000e+00
0.000000000000000000e+00
0.000000000000000000e+00
0.000000000000000000e+00
0.000000000000000000e+00
0.000000000000000000e+00
0.000000000000000000e+00
0.000000000000000000e+00
0.000000000000000000e+00
0.000000000000000000e+00
0.000000000000000000e+00
0.000000000000000000e+00
0.000000000000000000e+00
0.000000000000000000e+00
0.000000000000000000e+00
0.000000000000000000e+00
0.000000000000000000e+00
0.000000000000000000e+00
0.000000000000000000e+00
0.000000000000000000e+00
0.000000000000000000e+00
0.000000000000000000e+00
0.000000000000000000e+00
0.000000000000000000e+00
0.000000000000000000e+00
0.000000000000000000e+00
0.000000000000000000e+00
0.000000000000000000e+00
0.000000000000000000e+00
0.000000000000000000e+00
0.000000000000000000e+00
0.000000000000000000e+00
0.000000000000000000e+00
0.000000000000000000e+00
0.000000000000000000e+00
0.000000000000000000e+00
0.000000000000000000e+00
0.000000000000000000e+00
0.000000000000000000e+00
0.000000000000000000e+00
0.000000000000000000e+00
0.000000000000000000e+00
0.000000000000000000e+00
0.000000000000000000e+00
0.000000000000000000e+00
0.000000000000000000e+00
0.000000000000000000e+00
0.000000000000000000e+00
0.000000000000000000e+00
0.000000000000000000e+00
0.000000000000000000e+00
0.000000000000000000e+00
0.000000000000000000e+00
0.000000000000000000e+00
0.000000000000000000e+00
0.000000000000000000e+00
0.000000000000000000e+00
0.000000000000000000e+00
0.000000000000000000e+00
0.000000000000000000e+00
0.000000000000000000e+00
0.000000000000000000e+00
0.000000000000000000e+00
0.000000000000000000e+00
0.000000000000000000e+00
0.000000000000000000e+00
0.000000000000000000e+00
0.000000000000000000e+00
0.000000000000000000e+00
0.000000000000000000e+00
0.000000000000000000e+00
0.000000000000000000e+00
0.000000000000000000e+00
0.000000000000000000e+00
0.000000000000000000e+00
0.000000000000000000e+00
0.000000000000000000e+00
0.000000000000000000e+00
0.000000000000000000e+00
0.000000000000000000e+00
0.000000000000000000e+00
0.000000000000000000e+00
0.000000000000000000e+00
0.000000000000000000e+00
0.000000000000000000e+00
0.000000000000000000e+00
0.000000000000000000e+00
0.000000000000000000e+00
0.000000000000000000e+00
0.000000000000000000e+00
0.000000000000000000e+00
0.000000000000000000e+00
0.000000000000000000e+00
0.000000000000000000e+00
0.000000000000000000e+00
0.000000000000000000e+00
0.000000000000000000e+00
0.000000000000000000e+00
0.000000000000000000e+00
0.000000000000000000e+00
0.000000000000000000e+00
0.000000000000000000e+00
0.000000000000000000e+00
0.000000000000000000e+00
0.000000000000000000e+00
0.000000000000000000e+00
0.000000000000000000e+00
0.000000000000000000e+00
0.000000000000000000e+00
0.000000000000000000e+00
0.000000000000000000e+00
0.000000000000000000e+00
0.000000000000000000e+00
0.000000000000000000e+00
0.000000000000000000e+00
0.000000000000000000e+00
0.000000000000000000e+00
0.000000000000000000e+00
0.000000000000000000e+00
0.000000000000000000e+00
0.000000000000000000e+00
0.000000000000000000e+00
0.000000000000000000e+00
0.000000000000000000e+00
0.000000000000000000e+00
0.000000000000000000e+00
0.000000000000000000e+00
0.000000000000000000e+00
0.000000000000000000e+00
0.000000000000000000e+00
0.000000000000000000e+00
0.000000000000000000e+00
0.000000000000000000e+00
0.000000000000000000e+00
0.000000000000000000e+00
0.000000000000000000e+00
0.000000000000000000e+00
0.000000000000000000e+00
0.000000000000000000e+00
0.000000000000000000e+00
0.000000000000000000e+00
0.000000000000000000e+00
0.000000000000000000e+00
0.000000000000000000e+00
0.000000000000000000e+00
0.000000000000000000e+00
0.000000000000000000e+00
0.000000000000000000e+00
0.000000000000000000e+00
0.000000000000000000e+00
0.000000000000000000e+00
0.000000000000000000e+00
0.000000000000000000e+00
0.000000000000000000e+00
0.000000000000000000e+00
0.000000000000000000e+00
0.000000000000000000e+00
0.000000000000000000e+00
0.000000000000000000e+00
0.000000000000000000e+00
0.000000000000000000e+00
0.000000000000000000e+00
0.000000000000000000e+00
0.000000000000000000e+00
0.000000000000000000e+00
0.000000000000000000e+00
0.000000000000000000e+00
0.000000000000000000e+00
0.000000000000000000e+00
0.000000000000000000e+00
0.000000000000000000e+00
0.000000000000000000e+00
0.000000000000000000e+00
0.000000000000000000e+00
0.000000000000000000e+00
0.000000000000000000e+00
0.000000000000000000e+00
0.000000000000000000e+00
0.000000000000000000e+00
0.000000000000000000e+00
0.000000000000000000e+00
0.000000000000000000e+00
0.000000000000000000e+00
0.000000000000000000e+00
0.000000000000000000e+00
0.000000000000000000e+00
0.000000000000000000e+00
0.000000000000000000e+00
0.000000000000000000e+00
0.000000000000000000e+00
0.000000000000000000e+00
0.000000000000000000e+00
0.000000000000000000e+00
0.000000000000000000e+00
0.000000000000000000e+00
0.000000000000000000e+00
0.000000000000000000e+00
0.000000000000000000e+00
0.000000000000000000e+00
0.000000000000000000e+00
0.000000000000000000e+00
0.000000000000000000e+00
0.000000000000000000e+00
0.000000000000000000e+00
0.000000000000000000e+00
0.000000000000000000e+00
0.000000000000000000e+00
0.000000000000000000e+00
0.000000000000000000e+00
0.000000000000000000e+00
0.000000000000000000e+00
0.000000000000000000e+00
0.000000000000000000e+00
0.000000000000000000e+00
0.000000000000000000e+00
0.000000000000000000e+00
0.000000000000000000e+00
0.000000000000000000e+00
0.000000000000000000e+00
0.000000000000000000e+00
0.000000000000000000e+00
0.000000000000000000e+00
0.000000000000000000e+00
0.000000000000000000e+00
0.000000000000000000e+00
0.000000000000000000e+00
0.000000000000000000e+00
0.000000000000000000e+00
0.000000000000000000e+00
0.000000000000000000e+00
0.000000000000000000e+00
0.000000000000000000e+00
0.000000000000000000e+00
0.000000000000000000e+00
0.000000000000000000e+00
0.000000000000000000e+00
0.000000000000000000e+00
0.000000000000000000e+00
0.000000000000000000e+00
0.000000000000000000e+00
0.000000000000000000e+00
0.000000000000000000e+00
0.000000000000000000e+00
0.000000000000000000e+00
0.000000000000000000e+00
0.000000000000000000e+00
0.000000000000000000e+00
0.000000000000000000e+00
0.000000000000000000e+00
0.000000000000000000e+00
0.000000000000000000e+00
0.000000000000000000e+00
0.000000000000000000e+00
0.000000000000000000e+00
0.000000000000000000e+00
0.000000000000000000e+00
0.000000000000000000e+00
0.000000000000000000e+00
0.000000000000000000e+00
0.000000000000000000e+00
0.000000000000000000e+00
0.000000000000000000e+00
0.000000000000000000e+00
0.000000000000000000e+00
0.000000000000000000e+00
0.000000000000000000e+00
0.000000000000000000e+00
0.000000000000000000e+00
0.000000000000000000e+00
0.000000000000000000e+00
0.000000000000000000e+00
0.000000000000000000e+00
0.000000000000000000e+00
0.000000000000000000e+00
0.000000000000000000e+00
0.000000000000000000e+00
0.000000000000000000e+00
0.000000000000000000e+00
0.000000000000000000e+00
0.000000000000000000e+00
0.000000000000000000e+00
0.000000000000000000e+00
0.000000000000000000e+00
0.000000000000000000e+00
0.000000000000000000e+00
0.000000000000000000e+00
0.000000000000000000e+00
0.000000000000000000e+00
0.000000000000000000e+00
0.000000000000000000e+00
0.000000000000000000e+00
0.000000000000000000e+00
0.000000000000000000e+00
0.000000000000000000e+00
0.000000000000000000e+00
0.000000000000000000e+00
0.000000000000000000e+00
0.000000000000000000e+00
0.000000000000000000e+00
0.000000000000000000e+00
0.000000000000000000e+00
0.000000000000000000e+00
0.000000000000000000e+00
0.000000000000000000e+00
0.000000000000000000e+00
0.000000000000000000e+00
0.000000000000000000e+00
0.000000000000000000e+00
0.000000000000000000e+00
0.000000000000000000e+00
0.000000000000000000e+00
0.000000000000000000e+00
0.000000000000000000e+00
0.000000000000000000e+00
0.000000000000000000e+00
0.000000000000000000e+00
0.000000000000000000e+00
0.000000000000000000e+00
0.000000000000000000e+00
0.000000000000000000e+00
0.000000000000000000e+00
0.000000000000000000e+00
0.000000000000000000e+00
0.000000000000000000e+00
0.000000000000000000e+00
0.000000000000000000e+00
0.000000000000000000e+00
0.000000000000000000e+00
0.000000000000000000e+00
0.000000000000000000e+00
0.000000000000000000e+00
0.000000000000000000e+00
0.000000000000000000e+00
0.000000000000000000e+00
0.000000000000000000e+00
0.000000000000000000e+00
0.000000000000000000e+00
0.000000000000000000e+00
0.000000000000000000e+00
0.000000000000000000e+00
0.000000000000000000e+00
0.000000000000000000e+00
0.000000000000000000e+00
0.000000000000000000e+00
0.000000000000000000e+00
0.000000000000000000e+00
0.000000000000000000e+00
0.000000000000000000e+00
0.000000000000000000e+00
0.000000000000000000e+00
0.000000000000000000e+00
0.000000000000000000e+00
0.000000000000000000e+00
0.000000000000000000e+00
0.000000000000000000e+00
0.000000000000000000e+00
0.000000000000000000e+00
0.000000000000000000e+00
0.000000000000000000e+00
0.000000000000000000e+00
0.000000000000000000e+00
0.000000000000000000e+00
0.000000000000000000e+00
0.000000000000000000e+00
0.000000000000000000e+00
0.000000000000000000e+00
0.000000000000000000e+00
0.000000000000000000e+00
0.000000000000000000e+00
0.000000000000000000e+00
0.000000000000000000e+00
0.000000000000000000e+00
0.000000000000000000e+00
0.000000000000000000e+00
0.000000000000000000e+00
0.000000000000000000e+00
0.000000000000000000e+00
0.000000000000000000e+00
0.000000000000000000e+00
0.000000000000000000e+00
0.000000000000000000e+00
0.000000000000000000e+00
0.000000000000000000e+00
0.000000000000000000e+00
0.000000000000000000e+00
0.000000000000000000e+00
0.000000000000000000e+00
0.000000000000000000e+00
0.000000000000000000e+00
0.000000000000000000e+00
0.000000000000000000e+00
0.000000000000000000e+00
0.000000000000000000e+00
0.000000000000000000e+00
0.000000000000000000e+00
0.000000000000000000e+00
0.000000000000000000e+00
0.000000000000000000e+00
0.000000000000000000e+00
0.000000000000000000e+00
0.000000000000000000e+00
0.000000000000000000e+00
0.000000000000000000e+00
0.000000000000000000e+00
0.000000000000000000e+00
0.000000000000000000e+00
0.000000000000000000e+00
0.000000000000000000e+00
0.000000000000000000e+00
0.000000000000000000e+00
0.000000000000000000e+00
0.000000000000000000e+00
0.000000000000000000e+00
0.000000000000000000e+00
0.000000000000000000e+00
0.000000000000000000e+00
0.000000000000000000e+00
0.000000000000000000e+00
0.000000000000000000e+00
0.000000000000000000e+00
0.000000000000000000e+00
0.000000000000000000e+00
0.000000000000000000e+00
0.000000000000000000e+00
0.000000000000000000e+00
0.000000000000000000e+00
0.000000000000000000e+00
0.000000000000000000e+00
0.000000000000000000e+00
0.000000000000000000e+00
0.000000000000000000e+00
0.000000000000000000e+00
0.000000000000000000e+00
0.000000000000000000e+00
0.000000000000000000e+00
0.000000000000000000e+00
0.000000000000000000e+00
0.000000000000000000e+00
0.000000000000000000e+00
0.000000000000000000e+00
0.000000000000000000e+00
0.000000000000000000e+00
0.000000000000000000e+00
0.000000000000000000e+00
0.000000000000000000e+00
0.000000000000000000e+00
0.000000000000000000e+00
0.000000000000000000e+00
0.000000000000000000e+00
0.000000000000000000e+00
0.000000000000000000e+00
0.000000000000000000e+00
0.000000000000000000e+00
0.000000000000000000e+00
0.000000000000000000e+00
0.000000000000000000e+00
0.000000000000000000e+00
0.000000000000000000e+00
0.000000000000000000e+00
0.000000000000000000e+00
0.000000000000000000e+00
0.000000000000000000e+00
0.000000000000000000e+00
0.000000000000000000e+00
0.000000000000000000e+00
0.000000000000000000e+00
0.000000000000000000e+00
0.000000000000000000e+00
0.000000000000000000e+00
0.000000000000000000e+00
0.000000000000000000e+00
0.000000000000000000e+00
0.000000000000000000e+00
0.000000000000000000e+00
0.000000000000000000e+00
0.000000000000000000e+00
0.000000000000000000e+00
0.000000000000000000e+00
0.000000000000000000e+00
0.000000000000000000e+00
0.000000000000000000e+00
0.000000000000000000e+00
0.000000000000000000e+00
0.000000000000000000e+00
0.000000000000000000e+00
0.000000000000000000e+00
0.000000000000000000e+00
0.000000000000000000e+00
0.000000000000000000e+00
0.000000000000000000e+00
0.000000000000000000e+00
0.000000000000000000e+00
0.000000000000000000e+00
0.000000000000000000e+00
0.000000000000000000e+00
0.000000000000000000e+00
0.000000000000000000e+00
0.000000000000000000e+00
0.000000000000000000e+00
0.000000000000000000e+00
0.000000000000000000e+00
0.000000000000000000e+00
0.000000000000000000e+00
0.000000000000000000e+00
0.000000000000000000e+00
0.000000000000000000e+00
0.000000000000000000e+00
0.000000000000000000e+00
0.000000000000000000e+00
0.000000000000000000e+00
0.000000000000000000e+00
0.000000000000000000e+00
0.000000000000000000e+00
0.000000000000000000e+00
0.000000000000000000e+00
0.000000000000000000e+00
0.000000000000000000e+00
0.000000000000000000e+00
0.000000000000000000e+00
0.000000000000000000e+00
0.000000000000000000e+00
0.000000000000000000e+00
0.000000000000000000e+00
0.000000000000000000e+00
0.000000000000000000e+00
0.000000000000000000e+00
0.000000000000000000e+00
0.000000000000000000e+00
0.000000000000000000e+00
0.000000000000000000e+00
0.000000000000000000e+00
0.000000000000000000e+00
0.000000000000000000e+00
0.000000000000000000e+00
0.000000000000000000e+00
0.000000000000000000e+00
0.000000000000000000e+00
0.000000000000000000e+00
0.000000000000000000e+00
0.000000000000000000e+00
0.000000000000000000e+00
0.000000000000000000e+00
0.000000000000000000e+00
0.000000000000000000e+00
0.000000000000000000e+00
0.000000000000000000e+00
0.000000000000000000e+00
0.000000000000000000e+00
0.000000000000000000e+00
0.000000000000000000e+00
0.000000000000000000e+00
0.000000000000000000e+00
0.000000000000000000e+00
0.000000000000000000e+00
0.000000000000000000e+00
0.000000000000000000e+00
0.000000000000000000e+00
0.000000000000000000e+00
0.000000000000000000e+00
0.000000000000000000e+00
0.000000000000000000e+00
0.000000000000000000e+00
0.000000000000000000e+00
0.000000000000000000e+00
0.000000000000000000e+00
0.000000000000000000e+00
0.000000000000000000e+00
0.000000000000000000e+00
0.000000000000000000e+00
0.000000000000000000e+00
0.000000000000000000e+00
0.000000000000000000e+00
0.000000000000000000e+00
0.000000000000000000e+00
0.000000000000000000e+00
0.000000000000000000e+00
0.000000000000000000e+00
0.000000000000000000e+00
0.000000000000000000e+00
0.000000000000000000e+00
0.000000000000000000e+00
0.000000000000000000e+00
0.000000000000000000e+00
0.000000000000000000e+00
0.000000000000000000e+00
0.000000000000000000e+00
0.000000000000000000e+00
0.000000000000000000e+00
0.000000000000000000e+00
0.000000000000000000e+00
0.000000000000000000e+00
0.000000000000000000e+00
0.000000000000000000e+00
0.000000000000000000e+00
0.000000000000000000e+00
0.000000000000000000e+00
0.000000000000000000e+00
0.000000000000000000e+00
0.000000000000000000e+00
0.000000000000000000e+00
0.000000000000000000e+00
0.000000000000000000e+00
0.000000000000000000e+00
0.000000000000000000e+00
0.000000000000000000e+00
0.000000000000000000e+00
0.000000000000000000e+00
0.000000000000000000e+00
0.000000000000000000e+00
0.000000000000000000e+00
0.000000000000000000e+00
0.000000000000000000e+00
0.000000000000000000e+00
0.000000000000000000e+00
0.000000000000000000e+00
0.000000000000000000e+00
0.000000000000000000e+00
0.000000000000000000e+00
0.000000000000000000e+00
0.000000000000000000e+00
0.000000000000000000e+00
0.000000000000000000e+00
0.000000000000000000e+00
0.000000000000000000e+00
0.000000000000000000e+00
0.000000000000000000e+00
0.000000000000000000e+00
0.000000000000000000e+00
0.000000000000000000e+00
0.000000000000000000e+00
0.000000000000000000e+00
0.000000000000000000e+00
0.000000000000000000e+00
0.000000000000000000e+00
0.000000000000000000e+00
0.000000000000000000e+00
0.000000000000000000e+00
0.000000000000000000e+00
0.000000000000000000e+00
0.000000000000000000e+00
0.000000000000000000e+00
0.000000000000000000e+00
0.000000000000000000e+00
0.000000000000000000e+00
0.000000000000000000e+00
0.000000000000000000e+00
0.000000000000000000e+00
0.000000000000000000e+00
0.000000000000000000e+00
0.000000000000000000e+00
0.000000000000000000e+00
0.000000000000000000e+00
0.000000000000000000e+00
0.000000000000000000e+00
0.000000000000000000e+00
0.000000000000000000e+00
0.000000000000000000e+00
0.000000000000000000e+00
0.000000000000000000e+00
0.000000000000000000e+00
0.000000000000000000e+00
0.000000000000000000e+00
0.000000000000000000e+00
0.000000000000000000e+00
0.000000000000000000e+00
0.000000000000000000e+00
0.000000000000000000e+00
0.000000000000000000e+00
0.000000000000000000e+00
0.000000000000000000e+00
0.000000000000000000e+00
0.000000000000000000e+00
0.000000000000000000e+00
0.000000000000000000e+00
0.000000000000000000e+00
0.000000000000000000e+00
0.000000000000000000e+00
0.000000000000000000e+00
0.000000000000000000e+00
0.000000000000000000e+00
0.000000000000000000e+00
0.000000000000000000e+00
0.000000000000000000e+00
0.000000000000000000e+00
0.000000000000000000e+00
0.000000000000000000e+00
0.000000000000000000e+00
0.000000000000000000e+00
0.000000000000000000e+00
0.000000000000000000e+00
0.000000000000000000e+00
0.000000000000000000e+00
0.000000000000000000e+00
0.000000000000000000e+00
0.000000000000000000e+00
0.000000000000000000e+00
0.000000000000000000e+00
0.000000000000000000e+00
0.000000000000000000e+00
0.000000000000000000e+00
0.000000000000000000e+00
0.000000000000000000e+00
0.000000000000000000e+00
0.000000000000000000e+00
0.000000000000000000e+00
0.000000000000000000e+00
0.000000000000000000e+00
0.000000000000000000e+00
0.000000000000000000e+00
0.000000000000000000e+00
0.000000000000000000e+00
0.000000000000000000e+00
0.000000000000000000e+00
0.000000000000000000e+00
0.000000000000000000e+00
0.000000000000000000e+00
0.000000000000000000e+00
0.000000000000000000e+00
0.000000000000000000e+00
0.000000000000000000e+00
0.000000000000000000e+00
0.000000000000000000e+00
0.000000000000000000e+00
0.000000000000000000e+00
0.000000000000000000e+00
0.000000000000000000e+00
0.000000000000000000e+00
0.000000000000000000e+00
0.000000000000000000e+00
0.000000000000000000e+00
0.000000000000000000e+00
0.000000000000000000e+00
0.000000000000000000e+00
0.000000000000000000e+00
0.000000000000000000e+00
0.000000000000000000e+00
0.000000000000000000e+00
0.000000000000000000e+00
0.000000000000000000e+00
0.000000000000000000e+00
0.000000000000000000e+00
0.000000000000000000e+00
0.000000000000000000e+00
0.000000000000000000e+00
0.000000000000000000e+00
0.000000000000000000e+00
0.000000000000000000e+00
0.000000000000000000e+00
0.000000000000000000e+00
0.000000000000000000e+00
0.000000000000000000e+00
0.000000000000000000e+00
0.000000000000000000e+00
0.000000000000000000e+00
0.000000000000000000e+00
0.000000000000000000e+00
0.000000000000000000e+00
0.000000000000000000e+00
0.000000000000000000e+00
0.000000000000000000e+00
0.000000000000000000e+00
0.000000000000000000e+00
0.000000000000000000e+00
0.000000000000000000e+00
0.000000000000000000e+00
0.000000000000000000e+00
0.000000000000000000e+00
0.000000000000000000e+00
0.000000000000000000e+00
0.000000000000000000e+00
0.000000000000000000e+00
0.000000000000000000e+00
0.000000000000000000e+00
0.000000000000000000e+00
0.000000000000000000e+00
0.000000000000000000e+00
0.000000000000000000e+00
0.000000000000000000e+00
0.000000000000000000e+00
0.000000000000000000e+00
0.000000000000000000e+00
0.000000000000000000e+00
0.000000000000000000e+00
0.000000000000000000e+00
0.000000000000000000e+00
0.000000000000000000e+00
0.000000000000000000e+00
0.000000000000000000e+00
0.000000000000000000e+00
0.000000000000000000e+00
0.000000000000000000e+00
0.000000000000000000e+00
0.000000000000000000e+00
0.000000000000000000e+00
0.000000000000000000e+00
0.000000000000000000e+00
0.000000000000000000e+00
0.000000000000000000e+00
0.000000000000000000e+00
0.000000000000000000e+00
0.000000000000000000e+00
0.000000000000000000e+00
0.000000000000000000e+00
0.000000000000000000e+00
0.000000000000000000e+00
0.000000000000000000e+00
0.000000000000000000e+00
0.000000000000000000e+00
0.000000000000000000e+00
0.000000000000000000e+00
0.000000000000000000e+00
0.000000000000000000e+00
0.000000000000000000e+00
0.000000000000000000e+00
0.000000000000000000e+00
0.000000000000000000e+00
0.000000000000000000e+00
0.000000000000000000e+00
0.000000000000000000e+00
0.000000000000000000e+00
0.000000000000000000e+00
0.000000000000000000e+00
0.000000000000000000e+00
0.000000000000000000e+00
0.000000000000000000e+00
0.000000000000000000e+00
0.000000000000000000e+00
0.000000000000000000e+00
0.000000000000000000e+00
0.000000000000000000e+00
0.000000000000000000e+00
0.000000000000000000e+00
0.000000000000000000e+00
0.000000000000000000e+00
0.000000000000000000e+00
0.000000000000000000e+00
0.000000000000000000e+00
0.000000000000000000e+00
0.000000000000000000e+00
0.000000000000000000e+00
0.000000000000000000e+00
0.000000000000000000e+00
0.000000000000000000e+00
0.000000000000000000e+00
0.000000000000000000e+00
0.000000000000000000e+00
0.000000000000000000e+00
0.000000000000000000e+00
0.000000000000000000e+00
0.000000000000000000e+00
