5.582510862055913362e-04
2.513529920597367458e-03
4.470646122884103062e-03
6.429437765248590710e-03
8.389742919873625568e-03
1.035139965894200063e-02
1.231424605463650804e-02
1.427812017913994598e-02
1.624286010463510746e-02
1.820830390330478721e-02
2.017428964733177302e-02
2.214065540889887176e-02
2.410723926018886604e-02
2.607387927338455230e-02
2.804041352066871662e-02
3.000668007422417280e-02
3.197251700623369997e-02
3.393776238888009805e-02
3.590225429434615312e-02
3.786583079481467551e-02
3.982832996246842699e-02
4.178958986949024568e-02
4.374944858806289333e-02
4.570774419036917335e-02
4.766431474859188916e-02
4.961899833491382333e-02
5.157163302151775847e-02
5.352205688058651184e-02
5.547010798430286604e-02
5.741562440484963836e-02
5.935844421440956281e-02
6.129840548516549137e-02
6.323534628930019275e-02
6.516910469899649117e-02
6.709951878643713452e-02
6.902642662380494010e-02
7.094966628328271130e-02
7.286907583705322378e-02
7.478449335729926706e-02
7.669575691620367230e-02
7.860270458594917353e-02
8.050517443871862966e-02
8.240300454669480246e-02
8.429603298206046758e-02
8.618409781699848393e-02
8.806703712369155779e-02
8.994468897432253418e-02
9.181689144107420264e-02
9.368348259612938045e-02
9.554430051167078775e-02
9.739918325988129733e-02
9.924796891294365708e-02
1.010904955430406843e-01
1.029266012223551546e-01
1.047561240230698992e-01
1.065789020173676521e-01
1.083947732774312583e-01
1.102035758754435074e-01
1.120051478835871750e-01
1.137993273740450229e-01
1.155859524189999099e-01
1.173648610906345841e-01
1.191358914611318626e-01
1.208988816026745350e-01
1.226536695874454325e-01
1.244000934876272751e-01
1.261379913754029081e-01
1.278672013229550930e-01
1.295875614024666611e-01
1.312989096861203742e-01
1.330010842460989939e-01
1.346939231545854210e-01
1.363772644837623893e-01
1.380509463058126607e-01
1.397148066929190802e-01
1.413686837172643818e-01
1.430124154510314383e-01
1.446458399664029837e-01
1.462687953355618353e-01
1.478811196306908105e-01
1.494826509239726431e-01
1.510732272875901505e-01
1.526526867937261500e-01
1.542208675145634589e-01
1.557776075222847834e-01
1.573227448890729963e-01
1.588561176871108871e-01
1.603775639885812176e-01
1.618869218656667774e-01
1.633840293905503283e-01
1.648687246354147984e-01
1.663408456724428108e-01
1.678002305738173217e-01
1.692467174117209816e-01
1.706801442583366912e-01
1.721003491858471568e-01
1.735071702664352788e-01
1.749004455722837359e-01
1.762800131755753730e-01
1.776457111484930351e-01
1.789973775632194564e-01
1.803348504919374262e-01
1.816579680068297620e-01
1.829665681800792254e-01
1.842604890838686615e-01
1.855395687903808322e-01
1.868036453717985268e-01
1.880525569003045905e-01
1.892861414480817572e-01
1.905042370873128443e-01
1.917066818901806136e-01
1.928933139288679099e-01
1.940639712755574953e-01
1.952184920024321868e-01
1.963567141816748296e-01
1.974784758854679911e-01
1.985836151859947940e-01
1.996719701554377502e-01
2.007433788659798435e-01
2.017976793898037247e-01
2.028347097990923220e-01
2.038543081660283418e-01
2.048563125627946291e-01
2.058405610615738901e-01
2.068068917345490254e-01
2.077551426539027413e-01
2.086851518918178827e-01
2.095967575204772670e-01
2.104897976120636838e-01
2.113641102387597837e-01
2.122195334727486060e-01
2.130559053862127183e-01
2.138730640513350767e-01
2.146708475402983041e-01
2.154490939252854120e-01
2.162076412784790791e-01
2.169463276720620393e-01
2.176649911782171654e-01
2.183634698691271914e-01
2.190416018169750456e-01
2.196992250939433511e-01
2.203361777722150361e-01
2.209522979239728901e-01
2.215491023462740905e-01
2.221395068477403090e-01
2.227262683241465202e-01
2.233094063232498871e-01
2.238889403928076283e-01
2.244648900805767677e-01
2.250372749343145795e-01
2.256061145017780878e-01
2.261714283307245665e-01
2.267332359689110399e-01
2.272915569640947542e-01
2.278464108640328167e-01
2.283978172164823628e-01
2.289457955692005553e-01
2.294903654699445850e-01
2.300315464664715592e-01
2.305693581065385300e-01
2.311038199379027991e-01
2.316349515083213906e-01
2.321627723655515507e-01
2.326873020573503870e-01
2.332085601314750622e-01
2.337265661356826840e-01
2.342413396177304985e-01
2.347529001253755576e-01
2.352612672063749966e-01
2.357664604084859783e-01
2.362684992794657213e-01
2.367674033670712774e-01
2.372631922190598652e-01
2.377558853831886476e-01
2.382455024072146488e-01
2.387320628388951982e-01
2.392155862259872368e-01
2.396960921162480662e-01
2.401736000574347663e-01
2.406481295973045831e-01
2.411197002836145131e-01
2.415883316641217748e-01
2.420540432865835312e-01
2.425168546987569174e-01
2.429767854483990686e-01
2.434338550832671200e-01
2.438880831511182901e-01
2.443394891997096585e-01
2.447880927767983883e-01
2.452339134301416701e-01
2.456769707074965559e-01
2.461172841566203195e-01
2.465548733252699853e-01
2.469897577612027162e-01
2.474219570121758138e-01
2.478514906259462469e-01
2.482783781502712339e-01
2.487026391329079100e-01
2.491242931216134104e-01
2.495433596641449259e-01
2.499598583082595638e-01
2.503738086017144870e-01
2.507852300922668864e-01
2.511941423276737861e-01
2.516005648556924879e-01
2.520045172240800158e-01
2.524060189805935606e-01
2.528050896729902575e-01
2.532017488490273527e-01
2.535960160564618149e-01
2.539879108430508903e-01
2.543774527565517696e-01
2.547646613447215880e-01
2.551495561553174807e-01
2.555321567360964718e-01
2.559124826348159187e-01
2.562905533992327900e-01
2.566663885771043319e-01
2.570400077161876795e-01
2.574114303642399126e-01
2.577806760690182775e-01
2.581477643782798537e-01
2.585127148397817765e-01
2.588755470012812920e-01
2.592362804105355356e-01
2.595949346153015314e-01
2.599515291633365255e-01
2.603060836023975977e-01
2.606586174802419942e-01
2.610091503446267391e-01
2.613577017433090233e-01
2.617042912240460928e-01
2.620489383345949719e-01
2.623916626227129623e-01
2.627324836361569771e-01
2.630714209226843736e-01
2.634084940300521760e-01
2.637437225060175749e-01
2.640771258983377057e-01
2.644087237547698144e-01
2.647385356230708697e-01
2.650665810509981180e-01
2.653928795863086942e-01
2.657174507767597893e-01
2.660403141701084828e-01
2.663614893141119655e-01
2.666809957565273725e-01
2.669988530451118391e-01
2.673150807276225005e-01
2.676296983518166028e-01
2.679427254654511703e-01
2.682541816162834492e-01
2.685640863520704635e-01
2.688724592205694597e-01
2.691793197695375173e-01
2.694846875467318825e-01
2.697885820999096351e-01
2.700910229768279103e-01
2.703920297252439542e-01
2.706916218929147355e-01
2.709898190275975560e-01
2.712866406770494954e-01
2.715821063890276887e-01
2.718762357112894379e-01
2.721690481915917115e-01
2.724605633776917002e-01
2.727508008173464837e-01
2.730397800583133083e-01
2.733275206483494202e-01
2.736140421352117325e-01
2.738993640666575469e-01
2.741835059904439986e-01
2.744664874543281674e-01
2.747483280060672439e-01
2.750290471934184189e-01
2.753086645641387165e-01
2.755871996659854384e-01
2.758646720467156643e-01
2.761411012540864740e-01
2.764165068358551136e-01
2.766909083397786073e-01
2.769643253136143124e-01
2.772367773051191975e-01
2.775082838620504533e-01
2.777788645321652705e-01
2.780485388632207289e-01
2.783173264029740190e-01
2.785852466991823317e-01
2.788523192996027467e-01
2.791185637519923990e-01
2.793839996041084239e-01
2.796486464037080677e-01
2.799125236985484100e-01
2.801756510363866415e-01
2.804380479649797864e-01
2.806997340320851464e-01
2.809607287854598567e-01
2.812210517728609416e-01
2.814807225420455916e-01
2.817397606407710531e-01
2.819981856167944057e-01
2.822560170178727845e-01
2.825132743917633249e-01
2.827699772862232175e-01
2.830261452490095975e-01
2.832817978278795445e-01
2.835369545705902494e-01
2.837916350248990138e-01
2.840458587385628064e-01
2.842996452593388179e-01
2.845530141349841280e-01
2.848059849132559274e-01
2.850585771419114622e-01
2.853108103687077568e-01
2.855627041414020573e-01
2.858142780077514433e-01
2.860655515155130502e-01
2.863165442124441240e-01
2.865672756463016335e-01
2.868177653648428804e-01
2.870680329158250554e-01
2.873180978470051827e-01
2.875679797061403975e-01
2.878176980409878905e-01
2.880672723993047968e-01
2.883167223288483072e-01
2.885660673773755569e-01
2.888153270926437366e-01
2.890645210224098705e-01
2.893136687144310937e-01
2.895627897164647635e-01
2.898119035762678486e-01
2.900610298415975397e-01
2.903101880602109719e-01
2.905593977798653360e-01
2.908086785483177672e-01
2.910580499133254007e-01
2.913075314226453161e-01
2.915571426240348152e-01
2.918069030652509221e-01
2.920568322940507722e-01
2.923069498581916115e-01
2.925572753054305752e-01
2.928078281835246877e-01
2.930586280402311949e-01
2.933096944233073433e-01
2.935610468805100459e-01
2.938127049595966045e-01
2.940646882083241542e-01
2.943170161744497748e-01
2.945697084057306570e-01
2.948227844499240469e-01
2.950762638547869132e-01
2.953301661680765022e-01
2.955845109375499491e-01
2.958393177109644445e-01
2.960946060360770682e-01
2.963503954606449553e-01
2.966067055324252966e-01
2.968635557991752827e-01
2.971209658086519378e-01
2.973789551086125638e-01
2.976375432468141846e-01
2.978967497710139356e-01
2.981565942289691185e-01
2.984170961684367018e-01
2.986782751371739875e-01
2.989401506829379995e-01
2.992027423534858732e-01
2.994660696965749103e-01
2.997301522599621904e-01
2.999950095914046821e-01
3.002606612386598539e-01
3.005271267494845633e-01
3.007944256716361675e-01
3.010625775528716908e-01
3.013316019409483237e-01
3.016015183836231461e-01
3.018723464286534042e-01
3.021441056237962330e-01
3.024168155168087124e-01
3.026904956554480886e-01
3.029651655874714411e-01
3.032408448606359053e-01
3.035175530226986718e-01
3.037953096214168203e-01
3.040741342045475970e-01
3.043540463198481372e-01
3.046350655150754649e-01
3.049172113379868820e-01
3.052005033363393571e-01
3.054849610578902475e-01
3.057706040503965217e-01
3.060574518616154815e-01
3.063455240393042067e-01
3.066348401312198324e-01
3.069254196851193828e-01
3.072172822487603261e-01
3.075104473698994645e-01
3.078049345962941552e-01
3.081007634757014779e-01
3.083979535558786234e-01
3.086965243845827267e-01
3.089964955095708676e-01
3.092978864786002369e-01
3.096007168394280251e-01
3.099050061398112565e-01
3.102107739275072329e-01
3.105180397502729783e-01
3.108268231558657946e-01
3.111371436920425948e-01
3.114490209065607917e-01
3.117624743471774096e-01
3.120775235616494170e-01
3.123941880977342822e-01
3.127124875031889739e-01
3.130324413257706273e-01
3.133540691132364331e-01
3.136773904133435820e-01
3.140024247738492091e-01
3.143291917425103943e-01
3.146577108670842726e-01
3.149880016953280903e-01
3.153200837749988716e-01
3.156539766538539182e-01
3.159896998796502543e-01
3.163272730001450705e-01
3.166667155630956132e-01
3.170080471162588509e-01
3.173514640924293140e-01
3.176974027234514830e-01
3.180458579189266999e-01
3.183968033408587917e-01
3.187502126512512524e-01
3.191060595121079646e-01
3.194643175854324224e-01
3.198249605332284529e-01
3.201879620174997720e-01
3.205532957002499850e-01
3.209209352434826412e-01
3.212908543092017344e-01
3.216630265594108140e-01
3.220374256561134296e-01
3.224140252613134638e-01
3.227927990370144662e-01
3.231737206452202082e-01
3.235567637479343506e-01
3.239419020071606092e-01
3.243291090849025893e-01
3.247183586431640623e-01
3.251096243439485778e-01
3.255028798492600184e-01
3.258980988211019891e-01
3.262952549214782061e-01
3.266943218123922188e-01
3.270952731558478543e-01
3.274980826138487733e-01
3.279027238483985807e-01
3.283091705215011036e-01
3.287173962951598916e-01
3.291273748313787162e-01
3.295390797921612935e-01
3.299524848395111731e-01
3.303675636354321266e-01
3.307842898419279254e-01
3.312026371210020637e-01
3.316225791346584240e-01
3.320440895449005558e-01
3.324671420137321753e-01
3.328917102031570541e-01
3.333177677751787416e-01
3.337452883918010094e-01
3.341742457150275181e-01
3.346046134068620392e-01
3.350363651293081224e-01
3.354694745443695392e-01
3.359039153140499501e-01
3.363396611003530712e-01
3.367766855652825075e-01
3.372149623708420307e-01
3.376544651790353568e-01
3.380951676518659799e-01
3.385370434513378379e-01
3.389800662394544806e-01
3.394242096782195683e-01
3.398694474296369283e-01
3.403157531557100546e-01
3.407631005184427186e-01
3.412114631798386921e-01
3.416608148019015800e-01
3.421111290466350430e-01
3.425623795760428525e-01
3.430145400521286136e-01
3.434675841368960980e-01
3.439214854923488551e-01
3.443762177804907121e-01
3.448317546633253294e-01
3.452880698028563122e-01
3.457451368610873765e-01
3.462029295000222939e-01
3.466614213816647250e-01
3.471205861680182192e-01
3.475803975210866037e-01
3.480408291028735390e-01
3.485018545753827413e-01
3.489634476006178154e-01
3.494255818405824776e-01
3.498882309572804439e-01
3.503513686127153748e-01
3.508149684688909309e-01
3.512790041878108283e-01
3.517434494314787830e-01
3.522082778618984555e-01
3.526734631410735621e-01
3.531389789310077632e-01
3.536047988937047193e-01
3.540708966911680911e-01
3.545372459854016500e-01
3.550038204384090568e-01
3.554705937121940273e-01
3.559375394687601668e-01
3.564046313701111912e-01
3.568718430782508721e-01
3.573391482551827036e-01
3.578065205629106238e-01
3.582739336634381266e-01
3.587413612187689282e-01
3.592087768909068002e-01
3.596761543418552920e-01
3.601434672336183418e-01
3.606106892281993326e-01
3.610777939876020914e-01
3.615447551738303344e-01
3.620115464488877222e-01
3.624781414747779151e-01
3.629445139135046849e-01
3.634106374270715811e-01
3.638764856774823753e-01
3.643420323267407279e-01
3.648072510368504107e-01
3.652721154698149730e-01
3.657365992876381866e-01
3.662006761523237119e-01
3.666643197258752096e-01
3.671275036702965067e-01
3.675902016475909861e-01
3.680523873197626972e-01
3.685140343488151338e-01
3.689751163967519565e-01
3.694356071255769369e-01
3.698954801972937911e-01
3.703547092739060131e-01
3.708132680174175411e-01
3.712711300898318134e-01
3.717282691531526573e-01
3.721846588693838442e-01
3.726402729005289238e-01
3.730950849085916676e-01
3.735490685555756807e-01
3.740021975034846236e-01
3.744544454143223233e-01
3.749057859500923295e-01
3.753561927727984138e-01
3.758056395444442366e-01
3.762540999270335140e-01
3.767015475825698512e-01
3.771479561730569641e-01
3.775932993604986243e-01
3.780375508068984369e-01
3.784806841742600625e-01
3.789226731245872726e-01
3.793634913198837832e-01
3.798031124221531440e-01
3.802415100933991265e-01
3.806786579956253913e-01
3.811145297908355434e-01
3.815490991410334654e-01
3.819823397082227623e-01
3.824142251544070392e-01
3.828447291415901232e-01
3.832738253317755084e-01
3.837014873869669662e-01
3.841276889691682683e-01
3.845524037403830753e-01
3.849756053626149366e-01
3.853972674978677349e-01
3.858173638081450751e-01
3.862358679554506180e-01
3.866527536017880795e-01
3.870679944091610647e-01
3.874815640395733451e-01
3.878934361550285814e-01
3.883035844175304896e-01
3.887119824890827857e-01
3.891186040316890749e-01
3.895234227073530175e-01
3.899264121780784964e-01
3.903275461058688389e-01
3.907267981527281497e-01
3.911241419806598119e-01
3.915195512516676524e-01
3.919129996277553318e-01
3.923044607709265663e-01
3.926939083431849054e-01
3.930813160065341760e-01
3.934666574229780389e-01
3.938499062545201546e-01
3.942310361631641835e-01
3.946100208109140084e-01
3.949868338597730677e-01
3.953614489717450775e-01
3.957338398088337539e-01
3.961039800330429239e-01
3.964718433063760816e-01
3.968374032908370541e-01
3.972006336484295019e-01
3.975615080411569746e-01
3.979200001310233548e-01
3.982760835800321364e-01
3.986297320501872576e-01
3.989809192034921570e-01
3.993296187019506061e-01
3.996758042075663764e-01
4.000194493823430730e-01
4.003605278882843566e-01
4.006990133873939985e-01
4.010348795416754930e-01
4.013681000131328336e-01
4.016986484637695143e-01
4.020264985555891402e-01
4.023516239505957048e-01
4.026739983107925358e-01
4.029935952981835712e-01
4.033103885747723605e-01
4.036243518025626753e-01
4.039354586435581762e-01
4.042436827597624682e-01
4.045489978131793785e-01
4.048513774658124564e-01
4.051507953796655848e-01
4.054472252167422575e-01
4.057406406390461906e-01
4.060310153085811002e-01
4.063183228873507025e-01
4.066025370373586578e-01
4.068836314206087379e-01
4.071615796991044367e-01
4.074363555348496369e-01
4.077079325898478324e-01
4.079762845261029058e-01
4.082413850056185178e-01
4.085032076903981624e-01
4.087617262424457221e-01
4.090169143237648020e-01
4.092687455963590626e-01
4.095171937222321645e-01
4.097622323633880459e-01
4.100038351818302007e-01
4.102419758395622340e-01
4.104766279985879174e-01
4.107077653209110224e-01
4.109353614685350986e-01
4.111593901034639176e-01
4.113798248877010844e-01
4.115966394832504260e-01
4.118098075521156032e-01
4.120193027563000543e-01
4.122250987578078285e-01
4.124271692186423088e-01
4.126254878008073779e-01
4.128200281663065851e-01
4.130107639771438133e-01
4.131976688953226118e-01
4.133807165828465857e-01
4.135598807017195622e-01
4.137351349139452017e-01
4.139064528815270538e-01
4.140738082664691122e-01
4.142371747307748153e-01
4.143965259364477682e-01
4.145518355454919091e-01
4.147030772199108983e-01
4.148502246217081746e-01
4.149932514128876759e-01
4.151321312554528409e-01
4.152668378114077741e-01
4.153973447427557475e-01
4.155236257115005882e-01
4.156456543796460679e-01
4.157634044091957359e-01
4.158768494621534750e-01
4.159859632005227792e-01
4.160907192863074200e-01
4.161910913815110025e-01
4.162870531481372982e-01
4.163785782481900233e-01
4.164656403436727272e-01
4.165482130965891816e-01
4.166262701689431025e-01
4.166997852227381505e-01
4.167687319199780971e-01
4.168330839226663809e-01
4.168928148928069399e-01
4.169478984924034348e-01
4.169983083834593596e-01
4.170440182279785968e-01
4.170850016879646405e-01
4.171212324254213177e-01
4.171526841023524557e-01
4.171793303807614928e-01
4.172011449226522006e-01
4.172181013900282398e-01
4.172301734448934374e-01
4.172373347492512874e-01
4.172395591992570929e-01
4.172369296714266151e-01
4.172295492891753277e-01
4.172174486516724290e-01
4.172006583580869510e-01
4.171792090075883697e-01
4.171531311993453839e-01
4.171224555325275252e-01
4.170872126063038809e-01
4.170474330198434831e-01
4.170031473723155857e-01
4.169543862628892206e-01
4.169011802907337527e-01
4.168435600550182696e-01
4.167815561549118586e-01
4.167151991895837737e-01
4.166445197582031024e-01
4.165695484599390430e-01
4.164903158939607386e-01
4.164068526594372766e-01
4.163191893555379108e-01
4.162273565814318399e-01
4.161313849362881512e-01
4.160313050192758766e-01
4.159271474295644366e-01
4.158189427663228077e-01
4.157067216287202438e-01
4.155905146159257768e-01
4.154703523271086607e-01
4.153462653614382050e-01
4.152182843180832750e-01
4.150864397962132357e-01
4.149507623949971191e-01
4.148112827136041236e-01
4.146680313512035032e-01
4.145210389069642898e-01
4.143703359800557373e-01
4.142159531696469332e-01
4.140579210749071315e-01
4.138962702950052530e-01
4.137310314291106628e-01
4.135622350763926147e-01
4.133899118360201408e-01
4.132140923071622729e-01
4.130348070889884315e-01
4.128520867806674821e-01
4.126659619813688451e-01
4.124764632902614969e-01
4.122836213065146915e-01
4.120874666292976274e-01
4.118880298577794474e-01
4.116853415911291836e-01
4.114794324285160343e-01
4.112703329691092535e-01
4.110580738120780397e-01
4.108426855565914249e-01
4.106241988018186628e-01
4.104026441469286746e-01
4.101780521910908806e-01
4.099504535334744237e-01
4.097198787732484471e-01
4.094863585095818714e-01
4.092499233416441728e-01
4.090106038686044387e-01
4.087684306896316455e-01
4.085234344038952137e-01
4.082756456105640086e-01
4.080250949088074508e-01
4.077718128977946832e-01
4.075158301766947377e-01
4.072571773446767573e-01
4.069958850009099960e-01
4.067319837445635411e-01
4.064655041748066466e-01
4.061964768908083445e-01
4.059249324917378887e-01
4.056509015767644777e-01
4.053744147450571989e-01
4.050955025957851952e-01
4.048141957281176095e-01
4.045305247412236960e-01
4.042445202342724309e-01
4.039562128064332347e-01
4.036656330568751394e-01
4.033728115847673434e-01
4.030777789892788232e-01
4.027805658695789437e-01
4.024812028248367368e-01
4.021797204542215121e-01
4.018761493569023013e-01
4.015705201320482476e-01
4.012628633788286048e-01
4.009532096964125159e-01
4.006415896839690682e-01
4.003280339406674049e-01
4.000125730656768908e-01
3.996952376581663913e-01
3.993760583173053824e-01
3.990550656422627296e-01
3.987322902322077978e-01
3.984077626863096189e-01
3.980815136037373914e-01
3.977535735836602027e-01
3.974239732252474178e-01
3.970927431276681241e-01
3.967599138900912425e-01
3.964255161116862491e-01
3.960895803916220648e-01
3.957521373290679434e-01
3.954132175231931945e-01
3.950728515731666834e-01
3.947310700781578308e-01
3.943879036373356683e-01
3.940433828498693947e-01
3.936975383149280971e-01
3.933504006316810298e-01
3.930020003992972244e-01
3.926523682169459906e-01
3.923015346837964712e-01
3.919495303990176982e-01
3.915963859617788700e-01
3.912421319712492962e-01
3.908867990265978976e-01
3.905304177269940391e-01
3.901730186716067528e-01
3.898146324596052925e-01
3.894552896901587458e-01
3.890950209624362555e-01
3.887338568756071311e-01
3.883718280288403490e-01
3.880089650213051078e-01
3.876452984521706613e-01
3.872808589206060970e-01
3.869156770257805578e-01
3.865497833668631866e-01
3.861832085430232375e-01
3.858159831534297979e-01
3.854481377972520662e-01
3.850797030736591853e-01
3.847107095818202982e-01
3.843411879209045479e-01
3.839711686900811327e-01
3.836006824885192512e-01
3.832297599153879908e-01
3.828584315698564944e-01
3.824867280510939604e-01
3.821146799582695319e-01
3.817423178905524073e-01
3.813696724471117294e-01
3.809967742271166413e-01
3.806236538297362859e-01
3.802503418541398061e-01
3.798768688994965115e-01
3.795032655649753783e-01
3.791295624497456052e-01
3.787557901529764459e-01
3.783819792738369325e-01
3.780081604114964300e-01
3.776343641651238592e-01
3.772606211338884186e-01
3.768869619169594176e-01
3.765134171135058883e-01
3.761400173226969734e-01
3.757667931437019271e-01
3.753937751756898922e-01
3.750209940178299561e-01
3.746484802692913729e-01
3.742762645292431745e-01
3.739043773968546147e-01
3.735328494712948366e-01
3.731617113517329831e-01
3.727909936373383082e-01
3.724207269272798437e-01
3.720509418207267882e-01
3.716816689168482846e-01
3.713129388148135313e-01
3.709447821137916712e-01
3.705772294129518474e-01
3.702103113114632582e-01
3.698440584084949911e-01
3.694785013032163001e-01
3.691136705947962726e-01
3.687495968824041070e-01
3.683863107652089464e-01
3.680238428423799335e-01
3.676622237130862114e-01
3.673014839764970896e-01
3.669416542317815444e-01
3.665827650781088298e-01
3.662248471146480333e-01
3.658679309405682978e-01
3.655120471550389327e-01
3.651572263572289700e-01
3.648034991463076082e-01
3.644508961214439902e-01
3.640994478818073143e-01
3.637491850265666682e-01
3.634001381548913612e-01
3.630523378659502587e-01
3.627058147589128922e-01
3.623605994329481272e-01
3.620167224872253287e-01
3.616742145209135284e-01
3.613331061331818694e-01
3.609934279231996057e-01
3.606552104901357692e-01
3.603184844331596692e-01
3.599832803514403379e-01
3.596496288441470290e-01
3.593175605104488302e-01
3.589871059495149952e-01
3.586582957605145561e-01
3.583311605426167112e-01
3.580057308949907702e-01
3.576820374168057093e-01
3.573601107072307825e-01
3.570399813654350218e-01
3.567216799905876812e-01
3.564052371818580145e-01
3.560906835384149427e-01
3.557780496594278863e-01
3.554673661440658217e-01
3.551586635914979473e-01
3.548519726008935171e-01
3.545473237714215631e-01
3.542447477022512836e-01
3.539442749925518772e-01
3.536459362414924867e-01
3.533497620482422552e-01
3.530557830119702700e-01
3.527640297318459517e-01
3.524745328070381101e-01
3.521873228367161657e-01
3.519024304200491504e-01
3.516198861562062072e-01
3.513397206443565901e-01
3.510619644836693864e-01
3.507866482733137947e-01
3.505138026124589579e-01
3.502434581002740188e-01
3.499756453359281760e-01
3.497103949185906280e-01
3.494477374474304066e-01
3.491877035216167102e-01
3.489303237403187374e-01
3.486756287027057422e-01
3.484236490079467008e-01
3.481744152552107563e-01
3.479279580436673291e-01
3.476843079724852847e-01
3.474434956408339881e-01
3.472055516478824155e-01
3.469705065927998766e-01
3.467383910747555142e-01
3.465092356929184714e-01
3.462830710464577799e-01
3.460599277345428049e-01
3.458398363563425781e-01
3.456228275110262982e-01
3.454089317977631080e-01
3.451981798157221504e-01
3.449906021640726239e-01
3.447862294419837270e-01
3.445850922486244916e-01
3.443872211831642272e-01
3.441926468447719656e-01
3.440013998326169053e-01
3.438135107458681894e-01
3.436290101836950717e-01
3.434479287452665841e-01
3.432702970297520362e-01
3.430961456363204043e-01
3.429255051641409979e-01
3.427584062123828490e-01
3.425948793802152670e-01
3.424349552668073393e-01
3.422786644713281534e-01
3.421260375929468522e-01
3.419771052308327453e-01
3.418318979841549199e-01
3.416904464520825746e-01
3.415527812337847968e-01
3.414189329284307850e-01
3.412889321351896266e-01
3.411628094532306310e-01
3.410405954817228302e-01
3.409220721304116464e-01
3.408044160775261511e-01
3.406868258264891813e-01
3.405693038242239012e-01
3.404518525176533084e-01
3.403344743537008443e-01
3.402171717792896177e-01
3.400999472413428482e-01
3.399828031867837552e-01
3.398657420625355585e-01
3.397487663155213666e-01
3.396318783926645102e-01
3.395150807408881533e-01
3.393983758071154044e-01
3.392817660382696499e-01
3.391652538812739426e-01
3.390488417830515577e-01
3.389325321905257149e-01
3.388163275506196337e-01
3.387002303102563672e-01
3.385842429163592460e-01
3.384683678158515452e-01
3.383526074556563179e-01
3.382369642826968392e-01
3.381214407438962732e-01
3.380060392861780061e-01
3.378907623564649798e-01
3.377756124016805805e-01
3.376605918687479724e-01
3.375457032045902639e-01
3.374309488561307857e-01
3.373163312702927019e-01
3.372018528939992321e-01
3.370875161741735404e-01
3.369733235577388464e-01
3.368592774916183696e-01
3.367453804227353298e-01
3.366316347980128354e-01
3.365180430643743281e-01
3.364046076687426945e-01
3.362913310580413762e-01
3.361782156791935372e-01
3.360652639791222862e-01
3.359524784047508983e-01
3.358398614030025930e-01
3.357274154208005901e-01
3.356151429050680535e-01
3.355030463027281473e-01
3.353911280607041467e-01
3.352793906259192713e-01
3.351678364452966297e-01
3.350564679657594969e-01
3.349452876342311480e-01
3.348342978976346362e-01
3.347235012028932366e-01
3.346128999969301687e-01
3.345024967266687077e-01
3.343922938390319066e-01
3.342822937809430406e-01
3.341724989993253292e-01
3.340629119411019365e-01
3.339535350531961932e-01
3.338443707825310969e-01
3.337354215760301446e-01
3.336266898806161674e-01
3.335181781432126624e-01
3.334098888107427938e-01
3.333018243301295591e-01
3.331939871482964000e-01
3.330863797121664804e-01
3.329790044686629646e-01
3.328718638647089612e-01
3.327649603472279116e-01
3.326582963631428136e-01
3.325518743593768867e-01
3.324456967828535170e-01
3.323397660804957021e-01
3.322340846992267172e-01
3.321286550859698372e-01
3.320234796876481709e-01
3.319185609511849933e-01
3.318139013235034684e-01
3.317095032515268160e-01
3.316053691821782556e-01
3.315015015623809513e-01
3.313979028390581227e-01
3.312945754591330449e-01
3.311915218695288265e-01
3.310887445171686871e-01
3.309862458489759018e-01
3.308840283118736347e-01
3.307820943527851054e-01
3.306804464186334225e-01
3.305790869563419165e-01
3.304780184128337517e-01
3.303772432350321475e-01
3.302767638698602681e-01
3.301765827642413331e-01
3.300767023650985621e-01
3.299771251193551747e-01
3.298778534739343904e-01
3.297788898757593179e-01
3.296802367717532323e-01
3.295818966088393531e-01
3.294838718339408445e-01
3.293861648939810371e-01
3.292887782358829285e-01
3.291917143065697937e-01
3.290949755529649634e-01
3.289985644219914906e-01
3.289024833605726506e-01
3.288067348156317182e-01
3.287113212340917467e-01
3.286162450628760112e-01
3.285215087489077312e-01
3.284271147391101819e-01
3.283330654804064164e-01
3.282393634197197096e-01
3.281460110039732814e-01
3.280530106800903511e-01
3.279603648949940831e-01
3.278680760956076412e-01
3.277761467288544117e-01
3.276845792416573921e-01
3.275933760809399131e-01
3.275025396936251387e-01
3.274120725266362886e-01
3.273219770268964712e-01
3.272322556413290728e-01
3.271429108168572020e-01
3.270539450004040227e-01
3.269653606388928102e-01
3.268771601792467285e-01
3.267893460683889972e-01
3.267019207532428915e-01
3.266148866807314644e-01
3.265282462977780464e-01
3.264420020513057463e-01
3.263561563882378946e-01
3.262707117554976000e-01
3.261856706000080819e-01
3.261010353686925600e-01
3.260168085084742540e-01
3.259329924662763278e-01
3.258495896890220567e-01
3.257666026236346046e-01
3.256840337170371358e-01
3.256018854161528697e-01
3.255201601679051371e-01
3.254388604192169909e-01
3.253579886170117064e-01
3.252775472082124475e-01
3.251975386397424339e-01
3.251179653585249407e-01
3.250388298114830765e-01
3.249601344455400054e-01
3.248818817076191134e-01
3.248040740446434538e-01
3.247267139035363015e-01
3.246498037312208762e-01
3.245733459746203420e-01
3.244973430806579184e-01
3.244217974962567697e-01
3.243467116683401708e-01
3.242720880438312303e-01
3.241979290696532789e-01
3.241242371927294252e-01
3.240510148599829998e-01
3.239782645183370002e-01
3.239059886147148126e-01
3.238341895960395456e-01
3.237628699092344187e-01
3.236920320012227070e-01
3.236216783189276303e-01
3.235518113092721859e-01
3.234824334191797601e-01
3.234135470955736280e-01
3.233451547853767871e-01
3.232772589355126236e-01
3.232098619929042460e-01
3.231429664044748185e-01
3.230765746171476160e-01
3.230106890778458584e-01
3.229453122334927095e-01
3.228804465310115002e-01
3.228160944173252278e-01
3.227522583393571121e-01
3.226889407440305946e-01
3.226261440782686729e-01
3.225638707889945667e-01
3.225021233231316065e-01
3.224409041276029009e-01
3.223802156493316140e-01
3.223200603352410210e-01
3.222604406322543968e-01
3.222013589872948502e-01
3.221428178472855453e-01
3.220848196591497570e-01
3.220273668698106495e-01
3.219704619261914980e-01
3.219141072752155219e-01
3.218583053638057190e-01
3.218030586388855308e-01
3.217483695473780658e-01
3.216942405362065438e-01
3.216406740522942398e-01
3.215876725425642069e-01
3.215352384539397756e-01
3.214833742333441102e-01
3.214320823277003747e-01
3.213813651839317886e-01
3.213312252489616827e-01
3.212816649697130544e-01
3.212326867931092900e-01
3.211842931660734979e-01
3.211364865355288978e-01
3.210892693483987093e-01
3.210426440516061519e-01
3.209966130920744454e-01
3.209511789167266982e-01
3.209063439724861855e-01
3.208621107062761824e-01
3.208184815650197419e-01
3.207754589956401947e-01
3.207330454450606494e-01
3.206912433602044366e-01
3.206500551879946093e-01
3.206094833753544426e-01
3.205695303692072118e-01
3.205301986164760253e-01
3.204914905640841583e-01
3.204534086589547748e-01
3.204159553480110390e-01
3.203791330781761704e-01
3.203429442963735552e-01
3.203073914495261354e-01
3.202724769845572417e-01
3.202382033483900936e-01
3.202045729879479108e-01
3.201715883501538018e-01
3.201392518819310418e-01
3.201075660302028503e-01
3.200765332418924469e-01
3.200461559639228848e-01
3.200164366432176055e-01
3.199873777266996622e-01
3.199589816612922744e-01
3.199312508939186062e-01
3.199041878715019882e-01
3.198777950409655291e-01
3.198520748492325039e-01
3.198270297432260767e-01
3.198026621698694116e-01
3.197789745760857838e-01
3.197559694087984128e-01
3.197336491149304072e-01
3.197120161414050421e-01
3.196910729351454816e-01
3.196708219430750009e-01
3.196512656121167639e-01
3.196324063891939349e-01
3.196142467212297889e-01
3.195967890551475454e-01
3.195800358378703687e-01
3.195639895163213673e-01
3.195486525374239273e-01
3.195340273481011018e-01
3.195201163952762213e-01
3.195069221258724501e-01
3.194944469868128967e-01
3.194826934250209471e-01
3.194716638874195991e-01
3.194613608209322386e-01
3.194517866724819743e-01
3.194429438889920814e-01
3.194348349173856683e-01
3.194274622045860657e-01
3.194208281975162711e-01
3.194149353430997262e-01
3.194097860882595397e-01
3.194053828799188199e-01
3.194017281650010087e-01
3.193988243904290480e-01
3.193966740031263241e-01
3.193952794500159453e-01
3.193946431780211870e-01
3.193956023704434544e-01
3.194008927556444277e-01
3.194107065714453797e-01
3.194250203775863550e-01
3.194438107338073984e-01
3.194670541998485547e-01
3.194947273354499795e-01
3.195268067003515511e-01
3.195632688542934252e-01
3.196040903570155911e-01
3.196492477682582045e-01
3.196987176477612547e-01
3.197524765552647863e-01
3.198105010505088441e-01
3.198727676932334729e-01
3.199392530431787729e-01
3.200099336600847888e-01
3.200847861036915099e-01
3.201637869337390363e-01
3.202469127099674684e-01
3.203341399921167398e-01
3.204254453399270064e-01
3.205208053131382573e-01
3.206201964714905372e-01
3.207235953747240020e-01
3.208309785825785299e-01
3.209423226547942765e-01
3.210576041511113976e-01
3.211767996312697160e-01
3.212998856550093874e-01
3.214268387820706230e-01
3.215576355721931900e-01
3.216922525851173553e-01
3.218306663805830525e-01
3.219728535183304374e-01
3.221187905580993882e-01
3.222684540596301161e-01
3.224218205826626105e-01
3.225788666869369714e-01
3.227395689321931882e-01
3.229039038781713611e-01
3.230718480846114793e-01
3.232433781112536986e-01
3.234184705178379526e-01
3.235971018641043973e-01
3.237792487097929661e-01
3.239648876146438150e-01
3.241539951383969886e-01
3.243465478407924207e-01
3.245425222815703226e-01
3.247418950204706833e-01
3.249446426172334923e-01
3.251507416315988497e-01
3.253601686233068002e-01
3.255729001520974997e-01
3.257889127777108262e-01
3.260081830598869912e-01
3.262306875583659282e-01
3.264564028328876821e-01
3.266853054431923531e-01
3.269173719490200414e-01
3.271525789101107362e-01
3.273909028862044268e-01
3.276323204370413245e-01
3.278768081223613629e-01
3.281243425019046422e-01
3.283749001354112074e-01
3.286284575826210475e-01
3.288849914032742627e-01
3.291444781571109535e-01
3.294068944038711089e-01
3.296722167032947737e-01
3.299404216151220481e-01
3.302114856990929770e-01
3.304853855149475494e-01
3.307620976224258658e-01
3.310415985812680262e-01
3.313238649512140199e-01
3.316088732920038362e-01
3.318966001633776308e-01
3.321870221250754485e-01
3.324801157368373339e-01
3.327758575584032763e-01
3.330742241495133205e-01
3.333751920699076221e-01
3.336787378793262260e-01
3.339848381375090658e-01
3.342934694041962973e-01
3.346046082391279097e-01
3.349182312020440588e-01
3.352343148526846783e-01
3.355528357507898130e-01
3.358737704560996185e-01
3.361970955283540841e-01
3.365227875272932545e-01
3.368508230126572300e-01
3.371811785441859999e-01
3.375138306816196088e-01
3.378487559846981569e-01
3.381859310131616891e-01
3.385253323267503056e-01
3.388669364852039401e-01
3.392107200482627483e-01
3.395566595756667194e-01
3.399047316271559538e-01
3.402549127624703851e-01
3.406071795413502246e-01
3.409615085235354615e-01
3.413178762687660850e-01
3.416762593367823064e-01
3.420366342873240040e-01
3.423989776801313334e-01
3.427632660749441729e-01
3.431294760315028447e-01
3.434975841095472271e-01
3.438675668688174758e-01
3.442394008690534690e-01
3.446130626699954180e-01
3.449885288313833676e-01
3.453657759129573068e-01
3.457447804744573361e-01
3.461255190756233890e-01
3.465079682761956770e-01
3.468921046359141336e-01
3.472779047145188591e-01
3.476653450717499538e-01
3.480544022673472959e-01
3.484450528610511522e-01
3.488372734126015118e-01
3.492310404817383640e-01
3.496263306282018091e-01
3.500231204117318362e-01
3.504213863920686012e-01
3.508211051289520377e-01
3.512222531821223015e-01
3.516248071113193818e-01
3.520287434762833789e-01
3.524340388367542820e-01
3.528406697524721358e-01
3.532486127831770961e-01
3.536578444886090966e-01
3.540683414285082375e-01
3.544800801626146192e-01
3.548930372506682307e-01
3.553071892524091169e-01
3.557225127275774335e-01
3.561389842359131142e-01
3.565565803371562592e-01
3.569752775910468579e-01
3.573950525573250103e-01
3.578158817957308169e-01
3.582377418660042667e-01
3.586606093278854601e-01
3.590844607411143863e-01
3.595092726654310900e-01
3.599350216605757269e-01
3.603616842862882308e-01
3.607892371023087574e-01
3.612176566683772405e-01
3.616469195442338358e-01
3.620770022896185880e-01
3.625078814642714864e-01
3.629395336279325202e-01
3.633719353403417895e-01
3.638050631612395613e-01
3.642388936503656027e-01
3.646734033674601805e-01
3.651085688722631728e-01
3.655443667245147910e-01
3.659807734839549132e-01
3.664177657103236951e-01
3.668553199633611817e-01
3.672934128028074174e-01
3.677320207884023917e-01
3.681711204798862602e-01
3.686106884369990677e-01
3.690507012194807479e-01
3.694911353870714565e-01
3.699319674995112384e-01
3.703731741165400826e-01
3.708147317978981450e-01
3.712566171033254148e-01
3.716988065925618812e-01
3.721412768253476444e-01
3.725840043614228048e-01
3.730269657605274070e-01
3.734701375824014402e-01
3.739134963867850048e-01
3.743570187334180899e-01
3.748006811820408513e-01
3.752444602923933337e-01
3.756883326242154153e-01
3.761322747372471964e-01
3.765762631912289438e-01
3.770202745459005911e-01
3.774642853610020721e-01
3.779082721962736535e-01
3.783522116114552136e-01
3.787960801662868526e-01
3.792398544205086153e-01
3.796835109338607128e-01
3.801270262660828569e-01
3.805703769769153144e-01
3.810135396260982410e-01
3.814564907733714039e-01
3.818992069784751253e-01
3.823416648011492835e-01
3.827838408011340343e-01
3.832257115381693668e-01
3.836672535719953259e-01
3.841084434623520671e-01
3.845492577689795244e-01
3.849896730516177423e-01
3.854296658700068212e-01
3.858692127838868613e-01
3.863082903529977963e-01
3.867468751370798374e-01
3.871849436958729185e-01
3.876224725891171397e-01
3.880594383765523792e-01
3.884958176179189593e-01
3.889315868729566472e-01
3.893667227014057652e-01
3.898012016630063026e-01
3.902350003174982485e-01
3.906680952246216476e-01
3.911004629441166003e-01
3.915320800357232067e-01
3.919629230591813451e-01
3.923929685742312268e-01
3.928221931406127854e-01
3.932505733180662322e-01
3.936780856663313899e-01
3.941047067451484698e-01
3.945304131142575721e-01
3.949551813333985750e-01
3.953789879623116343e-01
3.958018095607368503e-01
3.962236226884141566e-01
3.966444039050837089e-01
3.970641297704854411e-01
3.974827768443595088e-01
3.979003216864459569e-01
3.983167408564848300e-01
3.987320109142160618e-01
3.991461084193798636e-01
3.995590099317162802e-01
3.999706920109652453e-01
4.003811312168669145e-01
4.007903041091612772e-01
4.011981872475883781e-01
4.016047571918881509e-01
4.020099905018009734e-01
4.024138637370667237e-01
4.028163534574254467e-01
4.032174362226171871e-01
4.036170885923819340e-01
4.040152871264598433e-01
4.044120083845909597e-01
4.048072289265153278e-01
4.052009253119730481e-01
4.055930741007040541e-01
4.059836518524483906e-01
4.063726351269461023e-01
4.067600004839373451e-01
4.071457244831621636e-01
4.075297836843606025e-01
4.079121546472726512e-01
4.082928139316384653e-01
4.086717380971979230e-01
4.090489037036912356e-01
4.094242873108583369e-01
4.097978654784393826e-01
4.101696147661744174e-01
4.105395117338033750e-01
4.109075329410664668e-01
4.112736549477037373e-01
4.116378543134550094e-01
4.120001075980606053e-01
4.123603913612603478e-01
4.127186821627943369e-01
4.130749565624027841e-01
4.134291911198257341e-01
4.137813623948030650e-01
4.141314469470749327e-01
4.144794213363813817e-01
4.148258188642813815e-01
4.151712661490705170e-01
4.155157749462231598e-01
4.158593564607874216e-01
4.162020218978117470e-01
4.165437824623440810e-01
4.168846493594325908e-01
4.172246337941256655e-01
4.175637469714713057e-01
4.179020000965175674e-01
4.182394043743129508e-01
4.185759710099055120e-01
4.189117112083433070e-01
4.192466361746745585e-01
4.195807571139476000e-01
4.199140852312103211e-01
4.202466317315112776e-01
4.205784078198982479e-01
4.209094247014196766e-01
4.212396935811236198e-01
4.215692256640584112e-01
4.218980321552721069e-01
4.222261242598127073e-01
4.225535131827286572e-01
4.228802101290680682e-01
4.232062263038791627e-01
4.235315729122099970e-01
4.238562611591087381e-01
4.241803022496237752e-01
4.245037073888030532e-01
4.248264877816947949e-01
4.251486546333472227e-01
4.254702191488085594e-01
4.257911925331270275e-01
4.261115859913506276e-01
4.264314107285275268e-01
4.267506779497061142e-01
4.270693988599344459e-01
4.273875846642605780e-01
4.277052465677328996e-01
4.280223957753994668e-01
4.283390434923085577e-01
4.286552009235082283e-01
4.289708792740467569e-01
4.292860897489721439e-01
4.296008435533329450e-01
4.299151518921768278e-01
4.302290259705522368e-01
4.305424769935074503e-01
4.308555161660905797e-01
4.311681546933496256e-01
4.314804037803328662e-01
4.317922746320885796e-01
4.321037784536649329e-01
4.324149264501099266e-01
4.327257298264719498e-01
4.330361997877991143e-01
4.333463475391393649e-01
4.336561842855412019e-01
4.339657212320529034e-01
4.342749695837221369e-01
4.345839405455974580e-01
4.348926453227268674e-01
4.352010951201588096e-01
4.355093011429412297e-01
4.358172745961222949e-01
4.361250266847501722e-01
4.364325686138733063e-01
4.367399115885395866e-01
4.370470668137972914e-01
4.373540454946944767e-01
4.376608588362795871e-01
4.379675180436005677e-01
4.382740343217056411e-01
4.385804188756430300e-01
4.388866829104610123e-01
4.391928376312074778e-01
4.394988942429308709e-01
4.398048639506791924e-01
4.401107579595008867e-01
4.404165874744437326e-01
4.407223637005561745e-01
4.410280978428862686e-01
4.413338011064824040e-01
4.416394846963925813e-01
4.419451598176649676e-01
4.422508376753477854e-01
4.425565294744892020e-01
4.428622464201375508e-01
4.431679997173405550e-01
4.434738005711469366e-01
4.437796601866045854e-01
4.440855897687617238e-01
4.443916005226664634e-01
4.446977036533670824e-01
4.450039103659116368e-01
4.453102318653486824e-01
4.456166793567257756e-01
4.459232640450915275e-01
4.462299971354939387e-01
4.465368898329813985e-01
4.468439533426019628e-01
4.471511988694035766e-01
4.474586376184348513e-01
4.477662807947436763e-01
4.480741396033782187e-01
4.483822252493868121e-01
4.486905489378174572e-01
4.489991218737185430e-01
4.493079552621381256e-01
4.496170603081243167e-01
4.499264482167252277e-01
4.502361301929893589e-01
4.505461174419647108e-01
4.508564211686993395e-01
4.511670525782416341e-01
4.514780228756395952e-01
4.517893432659416120e-01
4.521010249541955739e-01
4.524130791454498701e-01
4.527255170447525567e-01
4.530383498571519119e-01
4.533515887876961026e-01
4.536652450414332405e-01
4.539793298234116037e-01
4.542938543386792483e-01
4.546088297922843968e-01
4.549242673892751609e-01
4.552401783346999298e-01
4.555565738336066484e-01
4.558734650910437058e-01
4.561908633120589363e-01
4.565087797017010063e-01
4.568272254650177500e-01
4.571462118070572789e-01
4.574657499328680377e-01
4.577858510474980824e-01
4.581065263559955802e-01
4.584277870634086982e-01
4.587496443747857144e-01
4.590721094951744630e-01
4.593951936296236105e-01
4.597189079831811021e-01
4.600432637608950492e-01
4.603682721678136747e-01
4.606939444089852009e-01
4.610202916894578506e-01
4.613473252142797909e-01
4.616750561884990223e-01
4.620034958171638229e-01
4.623326553053225263e-01
4.626625458580230221e-01
4.629931786803136440e-01
4.633245649772426145e-01
4.636567159538581007e-01
4.639896428152081587e-01
4.643233567663411221e-01
4.646578690123049360e-01
4.649931907581481560e-01
4.653293332089186718e-01
4.656663075696645393e-01
4.660041250454343142e-01
4.663427968412758862e-01
4.666823341622375887e-01
4.670227482133675334e-01
4.673640501997138319e-01
4.677062513263248733e-01
4.680493627982485472e-01
4.683933958205331316e-01
4.687383615982269047e-01
4.690842713363780336e-01
4.694311362400345189e-01
4.697789675142448607e-01
4.701277763640568930e-01
4.704775739945190605e-01
4.708283716106793637e-01
4.711801804175859698e-01
4.715330116202872679e-01
4.718868764238312030e-01
4.722417860332659978e-01
4.725977516536400969e-01
4.729547844900012232e-01
4.733128957473977660e-01
4.736720966308779479e-01
4.740323983454901580e-01
4.743938120962821192e-01
4.747563490883021653e-01
4.751200205265986298e-01
4.754848376162196244e-01
4.758508115622132051e-01
4.762179535696277055e-01
4.765862748435112373e-01
4.769557865889119674e-01
4.773265000108780076e-01
4.776984263144575804e-01
4.780715767046989639e-01
4.784459623866503253e-01
4.788215945653597760e-01
4.791984844458753168e-01
4.795766432332452811e-01
4.799560821325180582e-01
4.803368123487416486e-01
4.807188450869641638e-01
4.811021915522337711e-01
4.814868629495987484e-01
4.818728704841073185e-01
4.822602253608074818e-01
4.826489387847475721e-01
4.830390219609755897e-01
4.834304860945399240e-01
4.838233423904886310e-01
4.842176020538699888e-01
4.846132762897319424e-01
4.850103763031228254e-01
4.854089132990909161e-01
4.858088984826842149e-01
4.862103430589510000e-01
4.866132582329394940e-01
4.870176552096976974e-01
4.874235451942739439e-01
4.878309393917162895e-01
4.882398490070730124e-01
4.886502852453922796e-01
4.890622593117222583e-01
4.894757824111111155e-01
4.898908657486070739e-01
4.903075205292581340e-01
4.907257579581126850e-01
4.911455892402186163e-01
4.915670255806244282e-01
4.919900781843782323e-01
4.924147582565281955e-01
4.928410770021223741e-01
4.932690456262090462e-01
4.936986753338363232e-01
4.941299773300524834e-01
4.945629628199056382e-01
4.949976430084438439e-01
4.954340291007156560e-01
4.958721323017688531e-01
4.963119638166518244e-01
4.967535348504126258e-01
4.971968566080993690e-01
4.976419402947605541e-01
4.980887971154440708e-01
4.985374382751981415e-01
4.989878749790710444e-01
4.994401184321108911e-01
4.998941798393658487e-01
5.003500704058841952e-01
5.008078013367138759e-01
5.012673838369033907e-01
5.017288291115005183e-01
5.021921483655538143e-01
5.026573528041112793e-01
5.031244536322212468e-01
5.035934620549314955e-01
5.040643892772903589e-01
5.045372465043463928e-01
5.050120449411474866e-01
5.054887957927418629e-01
5.059675102641775224e-01
5.064481995605029097e-01
5.069308748867660253e-01
5.074155474480150918e-01
5.079022284492983319e-01
5.083909290956638571e-01
5.088816605921600011e-01
5.093744341438346535e-01
5.098692609557361477e-01
5.103661522329127065e-01
5.108651191804125524e-01
5.113661730032837971e-01
5.118693249065744411e-01
5.123745860953329290e-01
5.128819677746072614e-01
5.133914811494457719e-01
5.139031374248964612e-01
5.144169478060075518e-01
5.149329234978272662e-01
5.154510757054039383e-01
5.159714156337855684e-01
5.164939544880201572e-01
5.170187034731562603e-01
5.175456737942417673e-01
5.180750175214875464e-01
5.186093318859795742e-01
5.191495656704381290e-01
5.196956899048164047e-01
5.202476756190678175e-01
5.208054938431457837e-01
5.213691156070034971e-01
5.219385119405943740e-01
5.225136538738718306e-01
5.230945124367890608e-01
5.236810586592995920e-01
5.242732635713566181e-01
5.248710982029136662e-01
5.254745335839238196e-01
5.260835407443406053e-01
5.266980907141174395e-01
5.273181545232074052e-01
5.279437032015640296e-01
5.285747077791406179e-01
5.292111392858905861e-01
5.298529687517671283e-01
5.305001672067235496e-01
5.311527056807134883e-01
5.318105552036901384e-01
5.324736868056068051e-01
5.331420715164167934e-01
5.338156803660735195e-01
5.344944843845303994e-01
5.351784546017406274e-01
5.358675620476576196e-01
5.365617777522349030e-01
5.372610727454251167e-01
5.379654180571825650e-01
5.386747847174599979e-01
5.393891437562111646e-01
5.401084662033889261e-01
5.408327230889470316e-01
5.415618854428385642e-01
5.422959242950169401e-01
5.430348106754356863e-01
5.437785156140478859e-01
5.445270101408070662e-01
5.452802652856664212e-01
5.460382520785793670e-01
5.468009415494992087e-01
5.475683047283794735e-01
5.483403126451732446e-01
5.491169363298341599e-01
5.498981468123151917e-01
5.506839151225699780e-01
5.514742122905518240e-01
5.522690093462140348e-01
5.530682773195099156e-01
5.538719872403928823e-01
5.546801101388162403e-01
5.554926170447332945e-01
5.563094789880974611e-01
5.571306669988620452e-01
5.579561521069803520e-01
5.587859053424057976e-01
5.596198977350914650e-01
5.604581003149912144e-01
5.613004841120581290e-01
5.621470201562455138e-01
5.629976794775067850e-01
5.638524331057951366e-01
5.647112520710642070e-01
5.655741074032670790e-01
5.664409701323571689e-01
5.673118112882877817e-01
5.681866019010124447e-01
5.690653130004842408e-01
5.699479156166565863e-01
5.708343807794830083e-01
5.717246795189167008e-01
5.726187828649110800e-01
5.735166618474193401e-01
5.744182874963950081e-01
5.753236308417915001e-01
5.762326629135617884e-01
5.771453547416595109e-01
5.780616773560379729e-01
5.789816017866504794e-01
5.799050990634503355e-01
5.808321402163910685e-01
5.817626962754257613e-01
5.826967382705079412e-01
5.836342372315909133e-01
5.845751641886280936e-01
5.855194901715722322e-01
5.864671862103777444e-01
5.874182233349972693e-01
5.883725725753842228e-01
5.893302049614922433e-01
5.902910915232743028e-01
5.912552032906840394e-01
5.922225112936745361e-01
5.931929865621994313e-01
5.941666001262116970e-01
5.951433230156650822e-01
5.961231262605126702e-01
5.971059808907079880e-01
5.980918579362040077e-01
5.990807284269545896e-01
6.000725633929127056e-01
6.010673338640317720e-01
6.020650108702653158e-01
6.030655654415663092e-01
6.040689686078886123e-01
6.050751913991851971e-01
6.060842048454094799e-01
6.070959799765146547e-01
6.081104878224545818e-01
6.091276994131820111e-01
6.101475857786506918e-01
6.111701179488139291e-01
6.121952669536245839e-01
6.132230038230366276e-01
6.142532995870029211e-01
6.152861252754772137e-01
6.163214519184126994e-01
6.173592505457626833e-01
6.183994921874805817e-01
6.194421478735198106e-01
6.204871886338334530e-01
6.215345854983749252e-01
6.225843094970976432e-01
6.236363316599551343e-01
6.246906230169004814e-01
6.257471545978871008e-01
6.268058974328684085e-01
6.278668225517975987e-01
6.289299009846281985e-01
6.299951037613134019e-01
6.310624019118066252e-01
6.321317664660610625e-01
6.332031684540303518e-01
6.342765789056675763e-01
6.353519688509263741e-01
6.364293093197597173e-01
6.375085713421212441e-01
6.385897259479641486e-01
6.396727441672418468e-01
6.407575970299077550e-01
6.418442555659149562e-01
6.429326908052169776e-01
6.440228737777671242e-01
6.451147755135189232e-01
6.462083670424251247e-01
6.473036193944399219e-01
6.484005035995161759e-01
6.494989906876071917e-01
6.505990516886666075e-01
6.517006576326476175e-01
6.528037795495034157e-01
6.539083884691874182e-01
6.550144554216532633e-01
6.561219514368538119e-01
6.572308475447428133e-01
6.583411147752733505e-01
6.594527241583989507e-01
6.605656467240728080e-01
6.616798535022483385e-01
6.627953155228788473e-01
6.639120038159178616e-01
6.650298894113184645e-01
6.661489433390342940e-01
6.672691366290183224e-01
6.683904403112241877e-01
6.695128254156050840e-01
6.706362629721144275e-01
6.717607240107056343e-01
6.728861795613317875e-01
6.740126006539465253e-01
6.751399583185030417e-01
6.762682235849548640e-01
6.773973674832549641e-01
6.785273610433567582e-01
6.796581752952141064e-01
6.807897812687798700e-01
6.819221499940075759e-01
6.830552525008503073e-01
6.841890598192620354e-01
6.853235429791952882e-01
6.864586730106039258e-01
6.875944209434411425e-01
6.887307578076604653e-01
6.898676546332149773e-01
6.910050824500582056e-01
6.921430122881434555e-01
6.932814151774238098e-01
6.944202621478530180e-01
6.955595242293843850e-01
6.966991724519709939e-01
6.978391778455662608e-01
6.989795114401236020e-01
7.001201442655964335e-01
7.012610473519379495e-01
7.024021917291015660e-01
7.035435484270406992e-01
7.046850884757085431e-01
7.058267829050586251e-01
7.069686027450440280e-01
7.081105190256183901e-01
7.092525027767349055e-01
7.103945250283468793e-01
7.115365568104072835e-01
7.126785691528703115e-01
7.138205330856890463e-01
7.149624196388163488e-01
7.161041998422063015e-01
7.172458447258115433e-01
7.183873253195859343e-01
7.195286126534823357e-01
7.206696777574546076e-01
7.218104916614557220e-01
7.229510253954390953e-01
7.240912499893581433e-01
7.252311364731663934e-01
7.263706558768167065e-01
7.275097792302629429e-01
7.286484775634579636e-01
7.297867219063556288e-01
7.309244832889089105e-01
7.320617327410712250e-01
7.331984412927960992e-01
7.343345799740366164e-01
7.354701198147461927e-01
7.366050318448782441e-01
7.377392870943861869e-01
7.388728565932232151e-01
7.400057113713427448e-01
7.411378224586979702e-01
7.422691608852426404e-01
7.433996976809298385e-01
7.445294038757122035e-01
7.456582504995444838e-01
7.467862085823790963e-01
7.479132491541699013e-01
7.490393432448695377e-01
7.501644618844320878e-01
7.512885761028105236e-01
7.524116569299580393e-01
7.535336753958284950e-01
7.546546025303746408e-01
7.557744093635504479e-01
7.568930669253086663e-01
7.580105462456029342e-01
7.591268183543865566e-01
7.602418542816130609e-01
7.613556250572353079e-01
7.624681017112071579e-01
7.635792552734818051e-01
7.646890567740122213e-01
7.657974772427522669e-01
7.669044877096551360e-01
7.680100592046740227e-01
7.691141627577624540e-01
7.702167693988736241e-01
7.713178501579610602e-01
7.724173760649777343e-01
7.735153181498775066e-01
7.746116474426133491e-01
7.757063349731389001e-01
7.767993517714071317e-01
7.778906688673713488e-01
7.789802572909853007e-01
7.800680880722024035e-01
7.811541322409757404e-01
7.822383608272585054e-01
7.833207448610044477e-01
7.844012553721664283e-01
7.854798633906981964e-01
7.865565399465530572e-01
7.876312560696839826e-01
7.887039827900447220e-01
7.897746911375885803e-01
7.908433521422688628e-01
7.919099368340386524e-01
7.929744162428514764e-01
7.940367613986607509e-01
7.950969433314197810e-01
7.961549330710820938e-01
7.972107016476006613e-01
7.982642200909291219e-01
7.993154594310204475e-01
8.003662762111549700e-01
8.014249035549301237e-01
8.024922312628109955e-01
8.035681717510015920e-01
8.046526374357050315e-01
8.057455407331252095e-01
8.068467940594653554e-01
8.079563098309294755e-01
8.090740004637204663e-01
8.101997783740426673e-01
8.113335559780994188e-01
8.124752456920942834e-01
8.136247599322311563e-01
8.147820111147129341e-01
8.159469116557436230e-01
8.171193739715265636e-01
8.182993104782658733e-01
8.194866335921643374e-01
8.206812557294262955e-01
8.218830893062549769e-01
8.230920467388540551e-01
8.243080404434269814e-01
8.255309828361772073e-01
8.267607863333086282e-01
8.279973633510248066e-01
8.292406263055289717e-01
8.304904876130253522e-01
8.317468596897170663e-01
8.330096549518077875e-01
8.342787858155007452e-01
8.355541646970002789e-01
8.368357040125092849e-01
8.381233161782316587e-01
8.394169136103710738e-01
8.407164087251307594e-01
8.420217139387146110e-01
8.433327416673263022e-01
8.446494043271686181e-01
8.459716143344461203e-01
8.472992841053621493e-01
8.486323260561201565e-01
8.499706526029237041e-01
8.513141761619762438e-01
8.526628091494817818e-01
8.540164639816435477e-01
8.553750530746652148e-01
8.567384888447502345e-01
8.581066837081022802e-01
8.594795500809250255e-01
8.608570003794221437e-01
8.622389470197969752e-01
8.636253024182531934e-01
8.650159789909943608e-01
8.664108891542240398e-01
8.678099453241457928e-01
8.692130599169634042e-01
8.706201453488802144e-01
8.720311140361000080e-01
8.734458783948264582e-01
8.748643508412625724e-01
8.762864437916123572e-01
8.777120696620795970e-01
8.791411408688672990e-01
8.805735698281795809e-01
8.820092689562197830e-01
8.834481506691915786e-01
8.848901273832983083e-01
8.863351115147437564e-01
8.877830154797315965e-01
8.892337516944652798e-01
8.906872325751485908e-01
8.921433705379846479e-01
8.936020779991775687e-01
8.950632673749306933e-01
8.965268510814474734e-01
8.979927415349315822e-01
8.994608511515865823e-01
9.009310923476164801e-01
9.024033775392241719e-01
9.038776191426135531e-01
9.053537295739882973e-01
9.068316212495519668e-01
9.083112065855079020e-01
9.097923979980601095e-01
9.112751079034117074e-01
9.127592487177664804e-01
9.142447328573279908e-01
9.157314727382999120e-01
9.172193807768858065e-01
9.187083693892895697e-01
9.201983509917137649e-01
9.216892380003629537e-01
9.231809428314404764e-01
9.246733779011497845e-01
9.261664556256944403e-01
9.276600884212782283e-01
9.291541887041041559e-01
9.306486688903765625e-01
9.321434413962987886e-01
9.336384186380743966e-01
9.351335130319068378e-01
9.366286369939997858e-01
9.381237029405569139e-01
9.396186232877817845e-01
9.411133104518776271e-01
9.426076768490485591e-01
9.441016348954976989e-01
9.455950970074289419e-01
9.470879756010459616e-01
9.485801830925517653e-01
9.500716318981505815e-01
9.515622344340456396e-01
9.530519031164406130e-01
9.545405503615390641e-01
9.560280885855444444e-01
9.575144302046606493e-01
9.589994876350911301e-01
9.604831732930393384e-01
9.619653995947089475e-01
9.634460789563037419e-01
9.649251237940269510e-01
9.664024465240821371e-01
9.678779595626733068e-01
9.693515753260035783e-01
9.708232062302768473e-01
9.722927646916960098e-01
9.737601631264660718e-01
9.752253139507894852e-01
9.766881295808701458e-01
9.781485224329116157e-01
9.796064049231175686e-01
9.810616894676913446e-01
9.825142884828366174e-01
9.839641143847573934e-01
9.854110795896565689e-01
9.868550965137380393e-01
9.882960775732057002e-01
9.897339351842625588e-01
9.911685817631123996e-01
9.925999297259588960e-01
9.940278914890058326e-01
9.954523794684563276e-01
9.968733060805144985e-01
9.982905837413834638e-01
9.997041248672668967e-01
1.001113841874368582e+00
1.002519647178891748e+00
1.003921453197040403e+00
1.005319172345017664e+00
1.006712717039027760e+00
1.008101999695273587e+00
1.009486932729959374e+00
1.010867428559288017e+00
1.012243399599463745e+00
1.013614758266689009e+00
1.014981416977168927e+00
1.016343288147106394e+00
1.017700284192704752e+00
1.019052317530168228e+00
1.020399300575699497e+00
1.021741145745502788e+00
1.023077765455781440e+00
1.024409072122739461e+00
1.025734978162579747e+00
1.027055395991506082e+00
1.028370238025722694e+00
1.029679416681432480e+00
1.030982844374839225e+00
1.032280433522146268e+00
1.033572096539557617e+00
1.034857745843276389e+00
1.036137293849506591e+00
1.037410652974451786e+00
1.038677735634315313e+00
1.039938454245300736e+00
1.041192721223611839e+00
1.042440448985452184e+00
1.043681549947025111e+00
1.044915936524534406e+00
1.046143521134183851e+00
1.047364216192176789e+00
1.048577934114716781e+00
1.049784587318007167e+00
1.050984088218251511e+00
1.052176349231654040e+00
1.053361282774418095e+00
1.054538801262747461e+00
1.055708817112844811e+00
1.056871242740914818e+00
1.058025990563160157e+00
1.059172972995785056e+00
1.060312102454992855e+00
1.061443291356987118e+00
1.062566452117971627e+00
1.063681497154149502e+00
1.064788338881724750e+00
1.065886889716900932e+00
1.066977062075881388e+00
1.068058768374869905e+00
1.069131921030069599e+00
1.070196432457684921e+00
1.071252215073918990e+00
1.072299181294975368e+00
1.073337243537057395e+00
1.074366314216368856e+00
1.075386305749113536e+00
1.076397130551494774e+00
1.077398701039716356e+00
1.078390929629981621e+00
1.079373728738494576e+00
1.080347010781458117e+00
1.081310688175076473e+00
1.082264673335552985e+00
1.083208878679090770e+00
1.084143216621894057e+00
1.085067599580166409e+00
1.085981939970111387e+00
1.086886150207932111e+00
1.087780142709832587e+00
1.088663829892016155e+00
1.089537124170686599e+00
1.090399937962047705e+00
1.091252183682302368e+00
1.092093773747654817e+00
1.092924620574308170e+00
1.093744636578466434e+00
1.094553734176332949e+00
1.095351825784111277e+00
1.096138823818005203e+00
1.096914640694218068e+00
1.097679188828953434e+00
1.098432380638415085e+00
1.099174128538806805e+00
1.099904344946331491e+00
1.100622942277193150e+00
1.101329832947595566e+00
1.102024929373741857e+00
1.102708143971836252e+00
1.103379389158081425e+00
1.104038577348681827e+00
1.104685620959840353e+00
1.105320432407761233e+00
1.105942924108647363e+00
1.106553008478702971e+00
1.107150597934131397e+00
1.107735604891135761e+00
1.108307941765920512e+00
1.108867520974688547e+00
1.109414254933644095e+00
1.109948056058989829e+00
1.110468836766929979e+00
1.110976509473667884e+00
1.111470986595407329e+00
1.111952180548351876e+00
1.112420003748704866e+00
1.112874368612670306e+00
1.113315187556451091e+00
1.113742372996251451e+00
1.114155837348274725e+00
1.114555493028724475e+00
1.114941252453804266e+00
1.115313028039717658e+00
1.115670732202668880e+00
1.116014277358860163e+00
1.116343575924496401e+00
1.116658540315780268e+00
1.116959082948915993e+00
1.117245116240106695e+00
1.117516552605556379e+00
1.117773304461468165e+00
1.118015284224045836e+00
1.118242404309493399e+00
1.118454577134013528e+00
1.118651715113810674e+00
1.118833730665087955e+00
1.119000536204048712e+00
1.119152044146897396e+00
1.119288166909836679e+00
1.119408816909070792e+00
1.119513906560803296e+00
1.119603348281237087e+00
1.119677054486576395e+00
1.119734937593024338e+00
1.119776910016785143e+00
1.119802884174061930e+00
1.119812772481058261e+00
1.119812868906243652e+00
1.119812849438030167e+00
1.119812815942197615e+00
1.119812768419692572e+00
1.119812706871462726e+00
1.119812631298454875e+00
1.119812541701616038e+00
1.119812438081893680e+00
1.119812320440234599e+00
1.119812188777586259e+00
1.119812043094895682e+00
1.119811883393109886e+00
1.119811709673176114e+00
1.119811521936041387e+00
1.119811320182653169e+00
1.119811104413958480e+00
1.119810874630903896e+00
1.119810630834437326e+00
1.119810373025505568e+00
1.119810101205055641e+00
1.119809815374034789e+00
1.119809515533390254e+00
1.119809201684069278e+00
1.119808873827018436e+00
1.119808531963185638e+00
1.119808176093517460e+00
1.119807806218961366e+00
1.119807422340464154e+00
1.119807024458973288e+00
1.119806612575435345e+00
1.119806186690798455e+00
1.119805746806008750e+00
1.119805292922013917e+00
1.119804825039761198e+00
1.119804343160197391e+00
1.119803847284269738e+00
1.119803337412925259e+00
1.119802813547111420e+00
1.119802275687775017e+00
1.119801723835863294e+00
1.119801157992323715e+00
1.119800578158102633e+00
1.119799984334147958e+00
1.119799376521406709e+00
1.119798754720825462e+00
1.119798118933352127e+00
1.119797469159933279e+00
1.119796805401516160e+00
1.119796127659048235e+00
1.119795435933476302e+00
1.119794730225747381e+00
1.119794010536809159e+00
1.119793276867608212e+00
1.119792529219092003e+00
1.119791767592207554e+00
1.119790991987901885e+00
1.119790202407122459e+00
1.119789398850816076e+00
1.119788581319929976e+00
1.119787749815411626e+00
1.119786904338207378e+00
1.119786044889265142e+00
1.119785171469531937e+00
1.119784284079954562e+00
1.119783382721480480e+00
1.119782467395056269e+00
1.119781538101629836e+00
1.119780594842147758e+00
1.119779637617557499e+00
1.119778666428806080e+00
1.119777681276840742e+00
1.119776682162608505e+00
1.119775669087056169e+00
1.119774642051131419e+00
1.119773601055781276e+00
1.119772546101952759e+00
1.119771477190592890e+00
1.119770394322648910e+00
1.119769297499068061e+00
1.119768186720797587e+00
1.119767061988784507e+00
1.119765923303975397e+00
1.119764770667318388e+00
1.119763604079760055e+00
1.119762423542247420e+00
1.119761229055727725e+00
1.119760020621148655e+00
1.119758798239456565e+00
1.119757561911598920e+00
1.119756311638522739e+00
1.119755047421175487e+00
1.119753769260504184e+00
1.119752477157455628e+00
1.119751171112977284e+00
1.119749851128016171e+00
1.119748517203519533e+00
1.119747169340434167e+00
1.119745807539707760e+00
1.119744431802287110e+00
1.119743042129119459e+00
1.119741638521151827e+00
1.119740220979331236e+00
1.119738789504605148e+00
1.119737344097920584e+00
1.119735884760224565e+00
1.119734411492464554e+00
1.119732924295587129e+00
1.119731423170539752e+00
1.119729908118269890e+00
1.119728379139724117e+00
1.119726836235849898e+00
1.119725279407594254e+00
1.119723708655904426e+00
1.119722123981727213e+00
1.119720525386010079e+00
1.119718912869700045e+00
1.119717286433744574e+00
1.119715646079090243e+00
1.119713991806684517e+00
1.119712323617474414e+00
1.119710641512407401e+00
1.119708945492430274e+00
1.119707235558490055e+00
1.119705511711534207e+00
1.119703773952509751e+00
1.119702022282363485e+00
1.119700256702043317e+00
1.119698477212495824e+00
1.119696683814668026e+00
1.119694876509507608e+00
1.119693055297961370e+00
1.119691220180976332e+00
1.119689371159499736e+00
1.119687508234478601e+00
1.119685631406860615e+00
1.119683740677592132e+00
1.119681836047621060e+00
1.119679917517893974e+00
1.119677985089358119e+00
1.119676038762960513e+00
1.119674078539648843e+00
1.119672104420369907e+00
1.119670116406070504e+00
1.119668114497698319e+00
1.119666098696199930e+00
1.119664069002523021e+00
1.119662025417614615e+00
1.119659967942421730e+00
1.119657896577891387e+00
1.119655811324971051e+00
1.119653712184607297e+00
1.119651599157748034e+00
1.119649472245339616e+00
1.119647331448329730e+00
1.119645176767665395e+00
1.119643008204293633e+00
1.119640825759161684e+00
1.119638629433216570e+00
1.119636419227405311e+00
1.119634195142675592e+00
1.119631957179973991e+00
1.119629705340247972e+00
1.119627439624444332e+00
1.119625160033510314e+00
1.119622866568393604e+00
1.119620559230040779e+00
1.119618238019398859e+00
1.119615902937415308e+00
1.119613553985037369e+00
1.119611191163211616e+00
1.119608814472885960e+00
1.119606423915006754e+00
1.119604019490521685e+00
1.119601601200377772e+00
1.119599169045522036e+00
1.119596723026901497e+00
1.119594263145463620e+00
1.119591789402155424e+00
1.119589301797924152e+00
1.119586800333716603e+00
1.119584285010480240e+00
1.119581755829162084e+00
1.119579212790708933e+00
1.119576655896068695e+00
1.119574085146187947e+00
1.119571500542013709e+00
1.119568902084493445e+00
1.119566289774574397e+00
1.119563663613203364e+00
1.119561023601327587e+00
1.119558369739894310e+00
1.119555702029850552e+00
1.119553020472143556e+00
1.119550325067720342e+00
1.119547615817528374e+00
1.119544892722514007e+00
1.119542155783625148e+00
1.119539405001808818e+00
1.119536640378012038e+00
1.119533861913181827e+00
1.119531069608265428e+00
1.119528263464209861e+00
1.119525443481962590e+00
1.119522609662470414e+00
1.119519762006680574e+00
1.119516900515540092e+00
1.119514025189996431e+00
1.119511136030996390e+00
1.119508233039487211e+00
1.119505316216416357e+00
1.119502385562730407e+00
1.119499441079377045e+00
1.119496482767303069e+00
1.119493510627455501e+00
1.119490524660781805e+00
1.119487524868228778e+00
1.119484511250743886e+00
1.119481483809274147e+00
1.119478442544766583e+00
1.119475387458168658e+00
1.119472318550426948e+00
1.119469235822489361e+00
1.119466139275302030e+00
1.119463028909813085e+00
1.119459904726969102e+00
1.119456766727717545e+00
1.119453614913005213e+00
1.119450449283779125e+00
1.119447269840986969e+00
1.119444076585575765e+00
1.119440869518492088e+00
1.119437648640683847e+00
1.119434413953097396e+00
1.119431165456680644e+00
1.119427903152380166e+00
1.119424627041143205e+00
1.119421337123917226e+00
1.119418033401649026e+00
1.119414715875285848e+00
1.119411384545774713e+00
1.119408039414063083e+00
1.119404680481097536e+00
1.119401307747825980e+00
1.119397921215194769e+00
1.119394520884151589e+00
1.119391106755643461e+00
1.119387678830617405e+00
1.119384237110020441e+00
1.119380781594800034e+00
1.119377312285902981e+00
1.119373829184276747e+00
1.119370332290868353e+00
1.119366821606624818e+00
1.119363297132493384e+00
1.119359758869421073e+00
1.119356206818355126e+00
1.119352640980242786e+00
1.119349061356030850e+00
1.119345467946667005e+00
1.119341860753097606e+00
1.119338239776270782e+00
1.119334605017132889e+00
1.119330956476631167e+00
1.119327294155713082e+00
1.119323618055325431e+00
1.119319928176415679e+00
1.119316224519930625e+00
1.119312507086817732e+00
1.119308775878024020e+00
1.119305030894496289e+00
1.119301272137182002e+00
1.119297499607028401e+00
1.119293713304982729e+00
1.119289913231991340e+00
1.119286099389002365e+00
1.119282271776962157e+00
1.119278430396818402e+00
1.119274575249517900e+00
1.119270706336007892e+00
1.119266823657235621e+00
1.119262927214148107e+00
1.119259017007692369e+00
1.119255093038815874e+00
1.119251155308465417e+00
1.119247203817588465e+00
1.119243044369815809e+00
1.119231909894337740e+00
1.119210499434210693e+00
1.119178876893080155e+00
1.119137106174590279e+00
1.119085251182386997e+00
1.119023375820114907e+00
1.118951543991419273e+00
1.118869819599945359e+00
1.118778266549337541e+00
1.118676948743241528e+00
1.118565930085302140e+00
1.118445274479164198e+00
1.118315045828473409e+00
1.118175308036874149e+00
1.118026125008011906e+00
1.117867560645531722e+00
1.117699678853078415e+00
1.117522543534297030e+00
1.117336218592833275e+00
1.117140767932331302e+00
1.116936255456436822e+00
1.116722745068794431e+00
1.116500300673049839e+00
1.116268986172847422e+00
1.116028865471832221e+00
1.115780002473650168e+00
1.115522461081945416e+00
1.115256305200363451e+00
1.114981598732549095e+00
1.114698405582147833e+00
1.114406789652804264e+00
1.114106814848163873e+00
1.113798545071871260e+00
1.113482044227571688e+00
1.113157376218910644e+00
1.112824604949532503e+00
1.112483794323082531e+00
1.112135008243206213e+00
1.111778310613548149e+00
1.111413765337753379e+00
1.111041436319467390e+00
1.110661387462334782e+00
1.110273682670000817e+00
1.109878385846110538e+00
1.109475560894308988e+00
1.109065271718241652e+00
1.108647582221552685e+00
1.108222556307887796e+00
1.107790257880892248e+00
1.107350750844210419e+00
1.106904099101488015e+00
1.106450366556369858e+00
1.105989617112500545e+00
1.105521914673526007e+00
1.105047323143090399e+00
1.104565906424839428e+00
1.104077728422418136e+00
1.103582853039471345e+00
1.103081344179644097e+00
1.102573265746581654e+00
1.102058681643928839e+00
1.101537655775330915e+00
1.101010252044433146e+00
1.100476534354879687e+00
1.099936566610316691e+00
1.099390412714388754e+00
1.098838136570740920e+00
1.098279802083018453e+00
1.097715473154865951e+00
1.097145213689928900e+00
1.096569087591852343e+00
1.095987158764281100e+00
1.095399491110860213e+00
1.094806148535235168e+00
1.094207194941050565e+00
1.093602694231951888e+00
1.092992710311583959e+00
1.092377307083591598e+00
1.091756548451620512e+00
1.091130498319315079e+00
1.090499220590320784e+00
1.089862779168282669e+00
1.089221237956845334e+00
1.088574660859654486e+00
1.087923111780354946e+00
1.087266654622591311e+00
1.086605353290009512e+00
1.085939271686254148e+00
1.085268473714970039e+00
1.084593023279802892e+00
1.083912984284396863e+00
1.083228420632397659e+00
1.082539396227450545e+00
1.081845974973199898e+00
1.081148220773291202e+00
1.080446197531369501e+00
1.079739969151080059e+00
1.079029599536067252e+00
1.078315152589976789e+00
1.077596692216453489e+00
1.076874282319142617e+00
1.076147986801688994e+00
1.075417869567737661e+00
1.074683994520933883e+00
1.073946425564922480e+00
1.073205226603348494e+00
1.072460461539857635e+00
1.071712194278094055e+00
1.070960488721703463e+00
1.070205408774330902e+00
1.069447018339620969e+00
1.068685381321218930e+00
1.067920561622770048e+00
1.067152623147918922e+00
1.066381629800311259e+00
1.065607645483591659e+00
1.064830734101405163e+00
1.064050959557397258e+00
1.063268385755212542e+00
1.062483076598496501e+00
1.061695095990893956e+00
1.060904507836049726e+00
1.060111376037609299e+00
1.059315764499217494e+00
1.058517737124519575e+00
1.057717357817160364e+00
1.056914690480785124e+00
1.056109799019038675e+00
1.055302747335566282e+00
1.054493599334012988e+00
1.053682418918023833e+00
1.052869269991243861e+00
1.052054216457318114e+00
1.051237322219891634e+00
1.050418651182609908e+00
1.049598267249117312e+00
1.048776234323059331e+00
1.047952616308081009e+00
1.047127477107827387e+00
1.046300880625943064e+00
1.045472890766073748e+00
1.044643571431864038e+00
1.043812986526959419e+00
1.042981199955004712e+00
1.042148275619644737e+00
1.041314277424525425e+00
1.040479269273290708e+00
1.039643315069586516e+00
1.038806478717057225e+00
1.037968824119348765e+00
1.037130415180105070e+00
1.036291315802972512e+00
1.035451589891594804e+00
1.034611301349618318e+00
1.033770514080687208e+00
1.032929291988446519e+00
1.032087698976542178e+00
1.031245798948617898e+00
1.030403655808320051e+00
1.029561333459292571e+00
1.028718895805181832e+00
1.027876406749631766e+00
1.027033930196287859e+00
1.026191530048794931e+00
1.025349270210798913e+00
1.024507214585943293e+00
1.023665427077874668e+00
1.022823971590237191e+00
1.021982912026676571e+00
1.021142312290837184e+00
1.020302236286364961e+00
1.019462747916903611e+00
1.018623911086099731e+00
1.017785789697597254e+00
1.016948447655041887e+00
1.016111948862078229e+00
1.015276357222351988e+00
1.014441736639507319e+00
1.013608151017190151e+00
1.012775664259044861e+00
1.011944340268717157e+00
1.011114242949851638e+00
1.010285436206093568e+00
1.009457983941088210e+00
1.008631950058479720e+00
1.007807398461914250e+00
1.006984393055035953e+00
1.006162997741490983e+00
1.005343276424922827e+00
1.004525293008978526e+00
1.003709111397301346e+00
1.002894795493537661e+00
1.002082409201331625e+00
1.001272016424328948e+00
1.000463681066174004e+00
9.996574670305127253e-01
9.988534382209890428e-01
9.980516585412495534e-01
9.972521918949375230e-01
9.964551021856996593e-01
9.956604533171797833e-01
9.948683091930239364e-01
9.940787337168760507e-01
9.932917907923827228e-01
9.925075443231872185e-01
9.917260582129364677e-01
9.909473963652737361e-01
9.901716226838456203e-01
9.893988010722962745e-01
9.886289954342711850e-01
9.878622696734146169e-01
9.870986876933728338e-01
9.863383133977903228e-01
9.855812106903114600e-01
9.848274434745829531e-01
9.840770756542479569e-01
9.833301711329534012e-01
9.825867938143424407e-01
9.818470076020616721e-01
9.811108763997554716e-01
9.803784641110689924e-01
9.796498346396469437e-01
9.789250518891354780e-01
9.782041797631785274e-01
9.774872821654220223e-01
9.767744229995101168e-01
9.760656661690886304e-01
9.753610755778017172e-01
9.746607151292958626e-01
9.739646487272147768e-01
9.732729402752046122e-01
9.725856536769090788e-01
9.719028528359747732e-01
9.712246016560456274e-01
9.705509640407673499e-01
9.698820038937844279e-01
9.692177851187427917e-01
9.685583716192864845e-01
9.679038272990613256e-01
9.672542160617119134e-01
9.666096018108836230e-01
9.659700484502219409e-01
9.653356198833704660e-01
9.647063800139755729e-01
9.640823927456819709e-01
9.634637219821347021e-01
9.628504316269782537e-01
9.622425855838592224e-01
9.616402477564207629e-01
9.610434820483093610e-01
9.604523523631695037e-01
9.598669226046464553e-01
9.592872566763849251e-01
9.587134184820302885e-01
9.581454719252275876e-01
9.575834809096219757e-01
9.570275093388578291e-01
9.564776211165811892e-01
9.559338801464364321e-01
9.553963503320691553e-01
9.548650955771238458e-01
9.543401797852462121e-01
9.538216668600804082e-01
9.533096207052726978e-01
9.528041052244669018e-01
9.523051843213091727e-01
9.518129218994435536e-01
9.513273818625160860e-01
9.508486281141709240e-01
9.503767245580539980e-01
9.499117350978097951e-01
9.494537236370832467e-01
9.490027540795202832e-01
9.485588903287647256e-01
9.481221962884628374e-01
9.476927358622585507e-01
9.472705729537980179e-01
9.468557714667256153e-01
9.464483953046867182e-01
9.460485083713259247e-01
9.456561745702890542e-01
9.452714578052202610e-01
9.448944219797655864e-01
9.445251309975694065e-01
9.441636487622768747e-01
9.438092296564478678e-01
9.434570534464529201e-01
9.431063061030299233e-01
9.427569802399464738e-01
9.424090684709683918e-01
9.420625634098638290e-01
9.417174576703986055e-01
9.413737438663402068e-01
9.410314146114550082e-01
9.406904625195106062e-01
9.403508802042733761e-01
9.400126602795103592e-01
9.396757953589880419e-01
9.393402780564739096e-01
9.390061009857347818e-01
9.386732567605373667e-01
9.383417379946480397e-01
9.380115373018343972e-01
9.376826472958633696e-01
9.373550605905011102e-01
9.370287697995151044e-01
9.367037675366720606e-01
9.363800464157391312e-01
9.360575990504829136e-01
9.357364180546700050e-01
9.354164960420677799e-01
9.350978256264430577e-01
9.347803994215624357e-01
9.344642100411931773e-01
9.341492500991018799e-01
9.338355122090555849e-01
9.335229889848208895e-01
9.332116730401649463e-01
9.329015569888546855e-01
9.325926334446569266e-01
9.322848950213382668e-01
9.319783343326663028e-01
9.316729439924067435e-01
9.313687166143276297e-01
9.310656448121953366e-01
9.307637211997769056e-01
9.304629383908388229e-01
9.301632889991485742e-01
9.298647656384725346e-01
9.295673609225778566e-01
9.292710674652314706e-01
9.289758778801997519e-01
9.286817847812501858e-01
9.283887807821493698e-01
9.280968584966643453e-01
9.278060105385618206e-01
9.275162295216087260e-01
9.272275080595719920e-01
9.269398387662185490e-01
9.266532142553149942e-01
9.263676271406287022e-01
9.260830700359261591e-01
9.257995355549744065e-01
9.255170163115403748e-01
9.252355049193907721e-01
9.249549939922924180e-01
9.246754761440124648e-01
9.243969439883175099e-01
9.241193901389749277e-01
9.238428072097513155e-01
9.235671878144131597e-01
9.232925245667279457e-01
9.230188100804623819e-01
9.227460369693830655e-01
9.224741978472571491e-01
9.222032853278513409e-01
9.219332920249327934e-01
9.216642105522682149e-01
9.213960335236246468e-01
9.211287535527686865e-01
9.208623632534674863e-01
9.205968552394874216e-01
9.203322221245960888e-01
9.200684565225601963e-01
9.198055510471460083e-01
9.195434983121213435e-01
9.192822909312522439e-01
9.190219215183060841e-01
9.187623826870495725e-01
9.185036670512496393e-01
9.182457672246732150e-01
9.179886758210873410e-01
9.177323854542583925e-01
9.174768887379537441e-01
9.172221782859398820e-01
9.169682467119840696e-01
9.167150866298529044e-01
9.164626906533135386e-01
9.162110513961324587e-01
9.159601614720770391e-01
9.157100134949136550e-01
9.154606000784097919e-01
9.152119138363314921e-01
9.149639473824464631e-01
9.147166933305211911e-01
9.144701442943227176e-01
9.142242928876174179e-01
9.139791317241729995e-01
9.137346534177557267e-01
9.134908505821327518e-01
9.132477158310710053e-01
9.130052417783369734e-01
9.127634210376980306e-01
9.125222462229207743e-01
9.122817099477721348e-01
9.120418048260190425e-01
9.118025234714284277e-01
9.115638584977668879e-01
9.113258025188016864e-01
9.110883481482993096e-01
9.108514880000272429e-01
9.106152146877517506e-01
9.103795208252399851e-01
9.101443990262589878e-01
9.099098419045752451e-01
9.096758420739556872e-01
9.094423921481677997e-01
9.092094847409776248e-01
9.089771124661525370e-01
9.087452679374595776e-01
9.085139437686650110e-01
9.082831325735363226e-01
9.080528269658402207e-01
9.078230195593433027e-01
9.075937029678129431e-01
9.073648698050152950e-01
9.071365126847182880e-01
9.069086242206877424e-01
9.066811970266913656e-01
9.064542237164953109e-01
9.062276969038671748e-01
9.060016092025736656e-01
9.057759532263809366e-01
9.055507215890568062e-01
9.053259069043674279e-01
9.051015017860803979e-01
9.048774988479622028e-01
9.046538907037796617e-01
9.044306699672999272e-01
9.042078292522895966e-01
9.039853611725154892e-01
9.037632583417450904e-01
9.035415133737444426e-01
9.033201188822811423e-01
9.030990674811216756e-01
9.028783517840329731e-01
9.026579644047820761e-01
9.024378979571358039e-01
9.022181450548607540e-01
9.019986983117243007e-01
9.017795503414928193e-01
9.015606937579337954e-01
9.013421211748133821e-01
9.011238252058991760e-01
9.009057984649575523e-01
9.006880335657557746e-01
9.004705231220605510e-01
9.002532597476382570e-01
9.000362360562568220e-01
8.998194446616820663e-01
8.996028781776815864e-01
8.993865292180218685e-01
8.991703903964702871e-01
8.989544543267933285e-01
8.987387136227579232e-01
8.985231608981307794e-01
8.983077887666792716e-01
8.980925898421697751e-01
8.978775567383696643e-01
8.976626820690454256e-01
8.974479584479637673e-01
8.972333784888922859e-01
8.970189348055973566e-01
8.968046200118457989e-01
8.965904267214047652e-01
8.963763475480408527e-01
8.961623751055214360e-01
8.959485020076127793e-01
8.957347208680822570e-01
8.955210243006963555e-01
8.953074049192223383e-01
8.950938553374268025e-01
8.948803681690769007e-01
8.946669360279392302e-01
8.944535515277807214e-01
8.942402072823685266e-01
8.940268959054690212e-01
8.938136100108496906e-01
8.936003422122769102e-01
8.933870851235179433e-01
8.931738313583392763e-01
8.929605735305083947e-01
8.927473042537914516e-01
8.925340161419560436e-01
8.923207018087683240e-01
8.921073538679956672e-01
8.918939649334050035e-01
8.916805276187625973e-01
8.914670345378360450e-01
8.912534783043922770e-01
8.910398515321973356e-01
8.908261468350190393e-01
8.906123568266238744e-01
8.903984741207783271e-01
8.901844913312497720e-01
8.899704010718051395e-01
8.897561959562110268e-01
8.895418685982344753e-01
8.893274116116423045e-01
8.891128176102015557e-01
8.888980792076788262e-01
8.886831890178411575e-01
8.884681396544557019e-01
8.882529237312888348e-01
8.880375338621078196e-01
8.878219626606792536e-01
8.876062027407702892e-01
8.873902467161474128e-01
8.871740872005778877e-01
8.869577168078283114e-01
8.867411281516662802e-01
8.865243138458578365e-01
8.863072665041699105e-01
8.860899787403698769e-01
8.858724431682244438e-01
8.856546524015000976e-01
8.854365990539645459e-01
8.852182757393838308e-01
8.849996750715251048e-01
8.847807896641555203e-01
8.845616121310415636e-01
8.843421350859503871e-01
8.841223511426489212e-01
8.839022529149038743e-01
8.836818330164821766e-01
8.834610840611506477e-01
8.832399986626765509e-01
8.830185694348261505e-01
8.827967889913667099e-01
8.825746499460648264e-01
8.823521449126878746e-01
8.821292665050022297e-01
8.819060073367752661e-01
8.816823600217734702e-01
8.814583171737636613e-01
8.812338714065131029e-01
8.810090153337885033e-01
8.807837415693566818e-01
8.805580427269847910e-01
8.803319114204393170e-01
8.801053402634871903e-01
8.798783218698955633e-01
8.796508488534309222e-01
8.794229138278606417e-01
8.791945094069514299e-01
8.789656282044698843e-01
8.787362628341832682e-01
8.785064059098581790e-01
8.782760500452617691e-01
8.780451878541606359e-01
8.778138119503218206e-01
8.775819149475123648e-01
8.773494894594988658e-01
8.771165281000481428e-01
8.768830234829272374e-01
8.766489682219035240e-01
8.764143549307429337e-01
8.761791762232128411e-01
8.759434247130800655e-01
8.757070930141118703e-01
8.754701737400744088e-01
8.752326595047352775e-01
8.749945429218609627e-01
8.747558166052183948e-01
8.745164731685745041e-01
8.742765052256959990e-01
8.740359053903500319e-01
8.737946662763029781e-01
8.735527804973226562e-01
8.733102406671748863e-01
8.730670393996275980e-01
8.728234961301920558e-01
8.725802659286221452e-01
8.723373644987210129e-01
8.720947886629004664e-01
8.718525352435717579e-01
8.716106010631466949e-01
8.713689829440364187e-01
8.711276777086526257e-01
8.708866821794070123e-01
8.706459931787109419e-01
8.704056075289755556e-01
8.701655220526128831e-01
8.699257335720341766e-01
8.696862389096514656e-01
8.694470348878757804e-01
8.692081183291185953e-01
8.689694860557914957e-01
8.687311348903064001e-01
8.684930616550742277e-01
8.682552631725068970e-01
8.680177362650154382e-01
8.677804777550121029e-01
8.675434844649079213e-01
8.673067532171142568e-01
8.670702808340432499e-01
8.668340641381058198e-01
8.665980999517141070e-01
8.663623850972789198e-01
8.661269163972122875e-01
8.658916906739253516e-01
8.656567047498296974e-01
8.654219554473373544e-01
8.651874395888591307e-01
8.649531539968067229e-01
8.647190954935922713e-01
8.644852609016264733e-01
8.642516470433214693e-01
8.640182507410884005e-01
8.637850688173388525e-01
8.635520980944842995e-01
8.633193353949364379e-01
8.630867775411065201e-01
8.628544213554062425e-01
8.626222636602471905e-01
8.623903012780408384e-01
8.621585310311985495e-01
8.619269497421322423e-01
8.616955542332530582e-01
8.614643413269724714e-01
8.612333078457019564e-01
8.610024506118535426e-01
8.607717664478383712e-01
8.605412521760679168e-01
8.603109046189535425e-01
8.600807205989071669e-01
8.598506969383404863e-01
8.596208304596643091e-01
8.593911179852905535e-01
8.591615563376306941e-01
8.589321423390965382e-01
8.587028728120991161e-01
8.584737445790501242e-01
8.582447544623612590e-01
8.580158992844436616e-01
8.577871758677091396e-01
8.575585810345695004e-01
8.573301116074356631e-01
8.571017644087194354e-01
8.568735362608320694e-01
8.566454239861857056e-01
8.564174244071911524e-01
8.561895343462605501e-01
8.559617506258048181e-01
8.557340700682358747e-01
8.555064894959650834e-01
8.552790057314039185e-01
8.550516155969641874e-01
8.548243159150571424e-01
8.545971035080944800e-01
8.543699751984874524e-01
8.541429278086480892e-01
8.539159581609870875e-01
8.536890630779166989e-01
8.534622393818478425e-01
8.532354838951927700e-01
8.530087934403622896e-01
8.527821648397684307e-01
8.525555949158223346e-01
8.523290804909358087e-01
8.521026183875202165e-01
8.518762054279872542e-01
8.516498384347480632e-01
8.514235142302146730e-01
8.511972296367981139e-01
8.509709814769100822e-01
8.507447665729620523e-01
8.505185817473658316e-01
8.502924238225326725e-01
8.500662896208742714e-01
8.498401759648018805e-01
8.496140796767271963e-01
8.493879975790615822e-01
8.491619264942169565e-01
8.489358632446042385e-01
8.487098046526352357e-01
8.484837475407216445e-01
8.482576887312748282e-01
8.480316250467062611e-01
8.478055533094277507e-01
8.475794703418504383e-01
8.473533729663859093e-01
8.471272580054457491e-01
8.469011222814413209e-01
8.466749626167846543e-01
8.464487758338863355e-01
8.462225587551590600e-01
8.459963082030134141e-01
8.457700209998613161e-01
8.455436939681143516e-01
8.453173239301837727e-01
8.450909077084811649e-01
8.448644421254182246e-01
8.446379240034063152e-01
8.444113501648570219e-01
8.441847174321815972e-01
8.439580226277921815e-01
8.437312625740995831e-01
8.435044340935157203e-01
8.432775340084520677e-01
8.430505591413202104e-01
8.428235063145314010e-01
8.425963723504974467e-01
8.423691540716296000e-01
8.421418483003396682e-01
8.419144518590390147e-01
8.416869615701390028e-01
8.414593742560513290e-01
8.412316867391874675e-01
8.410038958419591149e-01
8.407759983867776343e-01
8.405479911960545003e-01
8.403198710922010761e-01
8.400916348976295023e-01
8.398632794347505870e-01
8.396348015259762487e-01
8.394061979937178508e-01
8.391774656603868676e-01
8.389486013483947735e-01
8.387196018801534869e-01
8.384904640780740381e-01
8.382611847645684566e-01
8.380317607620478837e-01
8.378021888929237937e-01
8.375724659796078830e-01
8.373425888445115151e-01
8.371125543100463862e-01
8.368823591986238597e-01
8.366520003326556321e-01
8.364214745345531776e-01
8.361907786267277487e-01
8.359599094315912637e-01
8.357288637715549751e-01
8.354976384690305791e-01
8.352662303464294391e-01
8.350346362261631405e-01
8.348028529306430467e-01
8.345708772822807431e-01
8.343387061034881480e-01
8.341063362166760697e-01
8.338737644442566488e-01
8.336409876086410264e-01
8.334080025322410101e-01
8.331748060374679632e-01
8.329413949467333600e-01
8.327077660824486749e-01
8.324739162670256043e-01
8.322398423228754005e-01
8.320055410724098710e-01
8.317710093380404901e-01
8.315362439421787322e-01
8.313012417072359606e-01
8.310659994556238717e-01
8.308305140097539399e-01
8.305947821920377505e-01
8.303588008248866670e-01
8.301225667307123857e-01
8.298860767319259368e-01
8.296493276509393500e-01
8.294123163101642104e-01
8.291750395320118816e-01
8.289374941388938378e-01
8.286996769532215534e-01
8.284615847974066138e-01
8.282232144938606044e-01
8.279845628649945555e-01
8.277456267332209405e-01
8.275064029209503458e-01
8.272668882505945787e-01
8.270270795445657797e-01
8.267869736252743129e-01
8.265465673151327630e-01
8.263058574365520492e-01
8.260648408119440900e-01
8.258235142637199155e-01
8.255818746142912223e-01
8.253399186860698178e-01
8.250976433014666211e-01
8.248550452828937729e-01
8.246121214527626364e-01
8.243688686334842419e-01
8.241252836474710630e-01
8.238813633171334638e-01
8.236371044648840289e-01
8.233925039131336776e-01
8.231475584842942173e-01
8.229022650007765671e-01
8.226566202849930898e-01
8.224106211593545934e-01
8.221642644462729965e-01
8.219175469681595514e-01
8.216704655474263985e-01
8.214230170064842351e-01
8.211751981677448686e-01
8.209270058536201065e-01
8.206784368865214230e-01
8.204294880888598485e-01
8.201801562830473014e-01
8.199304382914951450e-01
8.196803309366149648e-01
8.194298310408185682e-01
8.191789354265168743e-01
8.189276409161219128e-01
8.186759443320448248e-01
8.184238424966974179e-01
8.181713322324910553e-01
8.179184103618373225e-01
8.176650737071476938e-01
8.174113190908335325e-01
8.171571433353068681e-01
8.169025432629786199e-01
8.166475156962607063e-01
8.163920574575644906e-01
8.161361653693013363e-01
8.158798362538832727e-01
8.156230669337212191e-01
8.153658542312272051e-01
8.151081949688120387e-01
8.148500859688881937e-01
8.145915240538661450e-01
8.143325060461583664e-01
8.140730287681756661e-01
8.138130890423301844e-01
8.135526836910329518e-01
8.132918095366957756e-01
8.130304634017299081e-01
8.127686421085471569e-01
8.125063424795587741e-01
8.122435613371763452e-01
8.119802955038115666e-01
8.117165418018756906e-01
8.114522970537804136e-01
8.111875580819370990e-01
8.109223217087577762e-01
8.106565847566531424e-01
8.103903440480353382e-01
8.101235964053156158e-01
8.098563386509056716e-01
8.095885676072167580e-01
8.093202800966606825e-01
8.090514729416483641e-01
8.087821429645922766e-01
8.085122869879032281e-01
8.082419018339931371e-01
8.079709843252733670e-01
8.076995312841551700e-01
8.074275395330502425e-01
8.071550058943705031e-01
8.068819271905269819e-01
8.066083002439314864e-01
8.063341218769950469e-01
8.060593889121295819e-01
8.057840981717465656e-01
8.055082464782576945e-01
8.052318306540743320e-01
8.049548475216077303e-01
8.046772948733806885e-01
8.043992626477166619e-01
8.041208115309450566e-01
8.038419419878174432e-01
8.035626544830860585e-01
8.032829494815025839e-01
8.030028274478193673e-01
8.027222888467875350e-01
8.024413341431597679e-01
8.021599638016873035e-01
8.018781782871221564e-01
8.015959780642163413e-01
8.013133635977219837e-01
8.010303353523904324e-01
8.007468937929739239e-01
8.004630393842241398e-01
8.001787725908933169e-01
7.998940938777325815e-01
7.996090037094947256e-01
7.993235025509310976e-01
7.990375908667939342e-01
7.987512691218343619e-01
7.984645377808052835e-01
7.981773973084578255e-01
7.978898481695441136e-01
7.976018908288162734e-01
7.973135257510256535e-01
7.970247534009247126e-01
7.967355742432650212e-01
7.964459887427984830e-01
7.961559973642766685e-01
7.958656005724521476e-01
7.955747988320763797e-01
7.952835926079012685e-01
7.949919823646787176e-01
7.946999685671607416e-01
7.944075516800990222e-01
7.941147321682453519e-01
7.938215104963518565e-01
7.935278871291705505e-01
7.932338625314527825e-01
7.929394371679511222e-01
7.926446115034168072e-01
7.923493860026021851e-01
7.920537611302588266e-01
7.917577373511388572e-01
7.914613151299938476e-01
7.911644949315761455e-01
7.908672772206372104e-01
7.905696624619291679e-01
7.902716511202035887e-01
7.899732436602129315e-01
7.896744405467082117e-01
7.893752422444422212e-01
7.890756492181660864e-01
7.887756619326325991e-01
7.884752808525926637e-01
7.881745064427987391e-01
7.878733391680025067e-01
7.875717794929557591e-01
7.872698278824108442e-01
7.869674848011188883e-01
7.866647507138324613e-01
7.863616260853029116e-01
7.860581113802828090e-01
7.857542070635231690e-01
7.854499135997765613e-01
7.851452314537945565e-01
7.848401610903293912e-01
7.845347029741323031e-01
7.842288575699555286e-01
7.839226253425510826e-01
7.836160067566706466e-01
7.833090022770660132e-01
7.830016123684896412e-01
7.826938374956925459e-01
7.823856781234275193e-01
7.820771347164453546e-01
7.817682077394990658e-01
7.814588976573397794e-01
7.811492049347196209e-01
7.808391300363907161e-01
7.805286734271046356e-01
7.802178355716130609e-01
7.799066169346684507e-01
7.795950179810221536e-01
7.792830391754264063e-01
7.789706809826330014e-01
7.786579438673936204e-01
7.783448282944605001e-01
7.780313347285849890e-01
7.777174636345196568e-01
7.774032154770157410e-01
7.770885907208257004e-01
7.767735898307007725e-01
7.764582132713937490e-01
7.761424615076554234e-01
7.758263350042385875e-01
7.755098342258943678e-01
7.751929596373754450e-01
7.748757117034329456e-01
7.745580908888193283e-01
7.742400976582860528e-01
7.739217324765853556e-01
7.736029958084685854e-01
7.732838881186884228e-01
7.729644098719959944e-01
7.726445615331437589e-01
7.723243435668831758e-01
7.720037564379663708e-01
7.716828006111450255e-01
7.713614765511712656e-01
7.710397847227966617e-01
7.707177255907734503e-01
7.703952996198532022e-01
7.700725072747881539e-01
7.697493490203299871e-01
7.694258253212303833e-01
7.691019366422415793e-01
7.687776834481149235e-01
7.684530662036030968e-01
7.681280853734571146e-01
7.678027414224296576e-01
7.674770348152719635e-01
7.671509660167363798e-01
7.668245354915744771e-01
7.664977437045383812e-01
7.661705911203796626e-01
7.658430782038506690e-01
7.655152054197027489e-01
7.651869732326882501e-01
7.648583821075585210e-01
7.645294325090661314e-01
7.642001249019620968e-01
7.638704597509993199e-01
7.635404375209288164e-01
7.632100586765031558e-01
7.628793236824735757e-01
7.625482330035924239e-01
7.622167871046112708e-01
7.618849864502823532e-01
7.615528315053570196e-01
7.612203227345877288e-01
7.608874606027259402e-01
7.605542455745238906e-01
7.602206781147332615e-01
7.598867586881057345e-01
7.595524877593936575e-01
7.592178657933484898e-01
7.588828932547223571e-01
7.585475706082669412e-01
7.582118983187344785e-01
7.578758768508763177e-01
7.575395066694449175e-01
7.572027882391916265e-01
7.568657220248687922e-01
7.565283084912278744e-01
7.561905481030212206e-01
7.558524413250002905e-01
7.555139886219173206e-01
7.551751904585236597e-01
7.548360472995718773e-01
7.544965596098133220e-01
7.541567278540002306e-01
7.538165524968840625e-01
7.534760340032172765e-01
7.531351728377511101e-01
7.527939694652381331e-01
7.524524243504294718e-01
7.521105379580776962e-01
7.517683107529341546e-01
7.514257431997511949e-01
7.510828357632803876e-01
7.507395889082737472e-01
7.503960030994831776e-01
7.500520788016601381e-01
7.497078164795571986e-01
7.493632165979257076e-01
7.490182796215179017e-01
7.486730060150852406e-01
7.483273962433802939e-01
7.479814507711540772e-01
7.476351700631591601e-01
7.472885545841470023e-01
7.469416047988698404e-01
7.465943211720791339e-01
7.462467041685273417e-01
7.458987542529657011e-01
7.455504718901466710e-01
7.452018575448214888e-01
7.448529116817427242e-01
7.445036347656618370e-01
7.441540272613309526e-01
7.438040896335016416e-01
7.434538223469261409e-01
7.431032258663559098e-01
7.427523006565432961e-01
7.424010471822397594e-01
7.420494659081975364e-01
7.416975572991681975e-01
7.413453218199039796e-01
7.409927599351562311e-01
7.406398721096776327e-01
7.402866588082190891e-01
7.399331204955333918e-01
7.395792576363720006e-01
7.392250706954865969e-01
7.388705601376295284e-01
7.385157264275521438e-01
7.381605700300069017e-01
7.378050914097451507e-01
7.374492910315191274e-01
7.370931693600805135e-01
7.367367268601815455e-01
7.363799639965735722e-01
7.360228812340089410e-01
7.356654790372391117e-01
7.353077578710163209e-01
7.349497182000921391e-01
7.345913604892188031e-01
7.342326852031479945e-01
7.338736928066317278e-01
7.335143837644214626e-01
7.331547585412697687e-01
7.327948176019276616e-01
7.324345614111480440e-01
7.320739904336819315e-01
7.317131051342817827e-01
7.313519059776989462e-01
7.309903934286859917e-01
7.306285679519940457e-01
7.302664300123755670e-01
7.299039800745819040e-01
7.295412186033656265e-01
7.291781460634781942e-01
7.288147629196712884e-01
7.284510696366973681e-01
7.280870666793076706e-01
7.277227545122545438e-01
7.273581336002896691e-01
7.269932044081651723e-01
7.266279674006324019e-01
7.262624230424438165e-01
7.258965717983508759e-01
7.255304141331058165e-01
7.251639505114602091e-01
7.247971813981661793e-01
7.244301072579754086e-01
7.240627285556401338e-01
7.236950457559117034e-01
7.233270593235423540e-01
7.229587697232838783e-01
7.225901774198881800e-01
7.222212828781069405e-01
7.218520865626925076e-01
7.214825889383963409e-01
7.211127904699705660e-01
7.207426916221667534e-01
7.203722928597372510e-01
7.200015946474334072e-01
7.196305974500075697e-01
7.192593017322113091e-01
7.188877079587967511e-01
7.185158165945156883e-01
7.181436281041199132e-01
7.177711429523614406e-01
7.173983616039917299e-01
7.170252845237634620e-01
7.166519121764275413e-01
7.162782450267367595e-01
7.159042835394423543e-01
7.155300281792967843e-01
7.151554794110513980e-01
7.147806376994584321e-01
7.144055035092693462e-01
7.140300773052365990e-01
7.136543595521114280e-01
7.132783507146465141e-01
7.129020512575928725e-01
7.125254616457030732e-01
7.121485823437285756e-01
7.117714138164215054e-01
7.113939565285333222e-01
7.110162109448167067e-01
7.106381775300225634e-01
7.102598567489036840e-01
7.098812678731223347e-01
7.095025696597453413e-01
7.091237948232980148e-01
7.087449394797697977e-01
7.083659997451485779e-01
7.079869717354232428e-01
7.076078515665824575e-01
7.072286353546144433e-01
7.068493192155081983e-01
7.064698992652518328e-01
7.060903716198344560e-01
7.057107323952441780e-01
7.053309777074701081e-01
7.049511036725001345e-01
7.045711064063234774e-01
7.041909820249282470e-01
7.038107266443034415e-01
7.034303363804371712e-01
7.030498073493185451e-01
7.026691356669355626e-01
7.022883174492773328e-01
7.019073488123320770e-01
7.015262258720886823e-01
7.011449447445352590e-01
7.007635015456610272e-01
7.003818923914539862e-01
7.000001133979031342e-01
6.996181606809965814e-01
6.992360303567234370e-01
6.988537185410718111e-01
6.984712213500308131e-01
6.980885348995884421e-01
6.977056553057336963e-01
6.973225786844549079e-01
6.969393011517410752e-01
6.965558188235803083e-01
6.961721278159611614e-01
6.957882242448726329e-01
6.954041042263027217e-01
6.950197638762407593e-01
6.946351993106745226e-01
6.942504066455932321e-01
6.938653819969851089e-01
6.934801214808390402e-01
6.930946212131431361e-01
6.927088773098863950e-01
6.923228858870572600e-01
6.919366430606442853e-01
6.915501449466359141e-01
6.911633876610211447e-01
6.907763673197880872e-01
6.903890800389256288e-01
6.900015219344223238e-01
6.896136891222666154e-01
6.892255777184468357e-01
6.888371838389523161e-01
6.884485035997709446e-01
6.880595331168917195e-01
6.876702685063028619e-01
6.872807058839932592e-01
6.868908413659512435e-01
6.865006710681655910e-01
6.861101911066248560e-01
6.857193975973175926e-01
6.853282866562324660e-01
6.849368543993575864e-01
6.845450969426822851e-01
6.841530104021943393e-01
6.837605908938831911e-01
6.833678345337366178e-01
6.829747374377437286e-01
6.825812957218928556e-01
6.821875055021727752e-01
6.817933628945717084e-01
6.813988640150787646e-01
6.810040049796819428e-01
6.806087819043703524e-01
6.802131909051321035e-01
6.798172280979563054e-01
6.794208895988307351e-01
6.790241715237449460e-01
6.786270699886868263e-01
6.782295811096452631e-01
6.778317010026086997e-01
6.774334257835658013e-01
6.770347515685049000e-01
6.766356744734149942e-01
6.762361906142843049e-01
6.758362961071018304e-01
6.754359870678556810e-01
6.750352596125347437e-01
6.746341098571272399e-01
6.742325339176223897e-01
6.738305279100081924e-01
6.734280879502732020e-01
6.730252101544065280e-01
6.726218906383961693e-01
6.722181255182312354e-01
6.718139109098997253e-01
6.714092429293907482e-01
6.710041176926926365e-01
6.705985313157940553e-01
6.701924799146833367e-01
6.697859596053495901e-01
6.693789665037807035e-01
6.689714967259658973e-01
6.685635463878931706e-01
6.681551116055517436e-01
6.677461884949295046e-01
6.673367731720156737e-01
6.669268617527983611e-01
6.665164503532664542e-01
6.661055350894081739e-01
6.656941120772126297e-01
6.652821774326678206e-01
6.648697272717628559e-01
6.644567577104858458e-01
6.640432648648257885e-01
6.636292448507709052e-01
6.632146937843101941e-01
6.627996077814315434e-01
6.623839829581242844e-01
6.619678154303767492e-01
6.615511013141770480e-01
6.611338367255146231e-01
6.607160177803771406e-01
6.602976405947540428e-01
6.598787012846331068e-01
6.594591959660035529e-01
6.590391207548537134e-01
6.586184717671722533e-01
6.581972451189472828e-01
6.577754369261681333e-01
6.573530433048226929e-01
6.569300603709001818e-01
6.565064842403883771e-01
6.560823110292768323e-01
6.556575368535534354e-01
6.552321578292069626e-01
6.548061700722259681e-01
6.543795696985993393e-01
6.539523528243149642e-01
6.535245155653620630e-01
6.530960540377288570e-01
6.526669643574042334e-01
6.522372426403764134e-01
6.518068850026342842e-01
6.513758875601661780e-01
6.509442464289610930e-01
6.505119577250069174e-01
6.500790175642928714e-01
6.496454220628070653e-01
6.492111673365386082e-01
6.487762495014757214e-01
6.483406646736067369e-01
6.479044089689208752e-01
6.474674785034060243e-01
6.470298693930514045e-01
6.465915777538451259e-01
6.461525997017761869e-01
6.457129313528325865e-01
6.452725688230035450e-01
6.448315082282770616e-01
6.443897456846422456e-01
6.439472773080872070e-01
6.435040992146009442e-01
6.430602075201716783e-01
6.426155983407881855e-01
6.421702677924390201e-01
6.417242119911129583e-01
6.412774270527979992e-01
6.408299090934833631e-01
6.403816542291572711e-01
6.399326585758083885e-01
6.394829182494252695e-01
6.390324293659965793e-01
6.385811880415108721e-01
6.381291903919567021e-01
6.376764325333224015e-01
6.372229105815970795e-01
6.367686206527689574e-01
6.363135588628267003e-01
6.358577213277589735e-01
6.354011041635539980e-01
6.349437034862007723e-01
6.344855154116876284e-01
6.340265360560033425e-01
6.335667615351362469e-01
6.331061879650753399e-01
6.326448114618083984e-01
6.321826281413250870e-01
6.317196341196130716e-01
6.312558255126615725e-01
6.307911984364584779e-01
6.303257490069931190e-01
6.298594733402536061e-01
6.293923675522286043e-01
6.289244277589066678e-01
6.284556500762766840e-01
6.279860306203266518e-01
6.275155655070457916e-01
6.270442508524221026e-01
6.265720827724446940e-01
6.260990573831015649e-01
6.256251708003819356e-01
6.251504191402739163e-01
6.246747985187663943e-01
6.241983050518474796e-01
6.237209348555065036e-01
6.232426840457311323e-01
6.227635487385108082e-01
6.222835250498336412e-01
6.218026090956881857e-01
6.213207969920633289e-01
6.208380848549471809e-01
6.203544688003287400e-01
6.198699449441963383e-01
6.193845094025388631e-01
6.188981582913443136e-01
6.184108877266020210e-01
6.179226938242998735e-01
6.174335727004270913e-01
6.169435204709715626e-01
6.164525332519225076e-01
6.159606071592680365e-01
6.154677383089972587e-01
6.149739228170980621e-01
6.144791567995596671e-01
6.139834363723699617e-01
6.134867576515183885e-01
6.129891167529926133e-01
6.124905097927820785e-01
6.119909328868746723e-01
6.114903821512596149e-01
6.109888537019246835e-01
6.104863436548592093e-01
6.099828481260511914e-01
6.094783632314898503e-01
6.089728850871630739e-01
6.084664098090600826e-01
6.079589335131692085e-01
6.074504523154784508e-01
6.069409623319773628e-01
6.064304596786538326e-01
6.059189404714967475e-01
6.054064008264944396e-01
6.048928368596359073e-01
6.043782446869092606e-01
6.038626204243036089e-01
6.033459601878068401e-01
6.028282600934082858e-01
6.023095162570957228e-01
6.017897247948585937e-01
6.012688818226847864e-01
6.007469834565635214e-01
6.002240258124824646e-01
5.997000050064311694e-01
5.991749171543974128e-01
5.986487583723704153e-01
5.981215247763381759e-01
5.975932124822900260e-01
5.970638176062136315e-01
5.965333362640985460e-01
5.960017645719324353e-01
5.954690986457046309e-01
5.949353346014029098e-01
5.944004685550167144e-01
5.938644966225338218e-01
5.933274149199437852e-01
5.927892195632343819e-01
5.922499066683940550e-01
5.917094723514121357e-01
5.911679127282767343e-01
5.906252239149764049e-01
5.900814020274998128e-01
5.895364431818359563e-01
5.889903434939723903e-01
5.884430990798988903e-01
5.878947060556030113e-01
5.873451605370740847e-01
5.867944586403002205e-01
5.862425964812705281e-01
5.856895701759726736e-01
5.851353758403962102e-01
5.845800095905291371e-01
5.840234675423603417e-01
5.834652952211584198e-01
5.829042973461378008e-01
5.823404244063568047e-01
5.817736923109044778e-01
5.812041169688684228e-01
5.806317142893376859e-01
5.800565001813997590e-01
5.794784905541436881e-01
5.788977013166571872e-01
5.783141483780289693e-01
5.777278476473467483e-01
5.771388150336996814e-01
5.765470664461754824e-01
5.759526177938621982e-01
5.753554849858486531e-01
5.747556839312227828e-01
5.741532305390731894e-01
5.735481407184876979e-01
5.729404303785551322e-01
5.723301154283632064e-01
5.717172117770009665e-01
5.711017353335557933e-01
5.704837020071168441e-01
5.698631277067714995e-01
5.692400283416091389e-01
5.686144198207170319e-01
5.679863180531843359e-01
5.673557389480983204e-01
5.667226984145483648e-01
5.660872123616218499e-01
5.654492966984078217e-01
5.648089673339938832e-01
5.641662401774689695e-01
5.635211311379205723e-01
5.628736561244379599e-01
5.622238310461085131e-01
5.615716718120212780e-01
5.609171943312637465e-01
5.602604145129250757e-01
5.596013482660927574e-01
5.589400114998558378e-01
5.582764201233022527e-01
5.576105900455196052e-01
5.569425371755974963e-01
5.562722774226230849e-01
5.555998266956854170e-01
5.549252009038722067e-01
5.542484159562723889e-01
5.535694877619733445e-01
5.528884322300643417e-01
5.522052652696327613e-01
5.515200027897679824e-01
5.508326606995570529e-01
5.501432549080893519e-01
5.494518013244523713e-01
5.487583158577349352e-01
5.480628144170248683e-01
5.473653129114109950e-01
5.466658272499808069e-01
5.459643733418236833e-01
5.452609670960267829e-01
5.445556244216794850e-01
5.438483612278690593e-01
5.431391934236846630e-01
5.424281369182136769e-01
5.417152076205453692e-01
5.410004214397671207e-01
5.402837942849680886e-01
5.395653420652356536e-01
5.388450806896590839e-01
5.381230260673256494e-01
5.373991941073246181e-01
5.366736007187437041e-01
5.359462618106709542e-01
5.352171932921955255e-01
5.344864110724044659e-01
5.337539310603873766e-01
5.330197691652316383e-01
5.322839412960260752e-01
5.315464633618584012e-01
5.308073512718176623e-01
5.300666209349911284e-01
5.293242882604684008e-01
5.285803691573365271e-01
5.278348795346846645e-01
5.270878353016004159e-01
5.263392523671728274e-01
5.255891466404892798e-01
5.248375340306391523e-01
5.240844304467094927e-01
5.233298517977899023e-01
5.225738139929673176e-01
5.218163329413312290e-01
5.210574245519690173e-01
5.202971047339697286e-01
5.195353893964208547e-01
5.187722944484116638e-01
5.180078357990293147e-01
5.172420293573630756e-01
5.164748910325004383e-01
5.157064367335304489e-01
5.149366823695412654e-01
5.141656438496202686e-01
5.133933370828569487e-01
5.126197779783385755e-01
5.118449824451543062e-01
5.110689663923915216e-01
5.102917457291398229e-01
5.095133363644859248e-01
5.087337542075195396e-01
5.079530151673277150e-01
5.071711351529998302e-01
5.063881300736232660e-01
5.056040158382871796e-01
5.048188083560789519e-01
5.040325235360877398e-01
5.032451772874009244e-01
5.024567855191076626e-01
5.016673641402956685e-01
5.008769290600536550e-01
5.000854961874693361e-01
4.992930814316317023e-01
4.984997007016282455e-01
4.977053699065481229e-01
4.969101049554787708e-01
4.961139217575093463e-01
4.953168362217272302e-01
4.945188642572216908e-01
4.937200217730798868e-01
4.929203246783913084e-01
4.921197888822436139e-01
4.913184302937246284e-01
4.905162648219235644e-01
4.897133083759278027e-01
4.889095768648266671e-01
4.881050861977074273e-01
4.872998522836591295e-01
4.864938910317694876e-01
4.856872183511273255e-01
4.848798501508203573e-01
4.840718023399376291e-01
4.832630908275664106e-01
4.824537315227961365e-01
4.816437403347139101e-01
4.808331331724093327e-01
4.800219259449693410e-01
4.792101345614834251e-01
4.783977749310387995e-01
4.775848629627247877e-01
4.767714145656286040e-01
4.759574456488396832e-01
4.751429721214451285e-01
4.743280098925344301e-01
4.735125748711946914e-01
4.726966829665151804e-01
4.718803500875834445e-01
4.710635921434886408e-01
4.702464250433178172e-01
4.694288646961605749e-01
4.686109270111046277e-01
4.677926278972376894e-01
4.669739832636492505e-01
4.661550090194261919e-01
4.653357210736582261e-01
4.645161353354323452e-01
4.636962677138379840e-01
4.628761341179623567e-01
4.620557504568948981e-01
4.612351326397227669e-01
4.604142965755352312e-01
4.595932581734196165e-01
4.587720333424653019e-01
4.579506379917595016e-01
4.571290880303914284e-01
4.563073993674485185e-01
4.554855879120197626e-01
4.546636695731929301e-01
4.538416602600569005e-01
4.530195758816991103e-01
4.521974323472088275e-01
4.513752455656733775e-01
4.505530314461820840e-01
4.497308058978222167e-01
4.489085848296828218e-01
4.480863841508515022e-01
4.472642197704174705e-01
4.464421075974678854e-01
4.456200635410922373e-01
4.447981035103780179e-01
4.439762434144133296e-01
4.431544991622872742e-01
4.423328866630873990e-01
4.415114218259025280e-01
4.406901205598204307e-01
4.398689987739299312e-01
4.390480723773187433e-01
4.382273572790759131e-01
4.374068693882886549e-01
4.365866246140466256e-01
4.357666388654367617e-01
4.349469280515484426e-01
4.341275080814689380e-01
4.333083948642877936e-01
4.324896043090917797e-01
4.316711523249707749e-01
4.308530548210115496e-01
4.300353277063037050e-01
4.292179868899343997e-01
4.284010482809930687e-01
4.275845277885667595e-01
4.267684413217450179e-01
4.259528047896149472e-01
4.251376341012659821e-01
4.243229451657852258e-01
4.235087538922620576e-01
4.226950761897839137e-01
4.218819279674398959e-01
4.210693251343177179e-01
4.202572835995053158e-01
4.194458192720920131e-01
4.186349480611650242e-01
4.178246858758137283e-01
4.170150486251251176e-01
4.162060522181889044e-01
4.153977125640920809e-01
4.145900455719240818e-01
4.137830671507719549e-01
4.129767932097253569e-01
4.121712396578713355e-01
4.113664224042992701e-01
4.105623573580963193e-01
4.097590604283519178e-01
4.089565475241532799e-01
4.081548345545897294e-01
4.073539374287485360e-01
4.065538720557189123e-01
4.057546543445883502e-01
4.049563002044458959e-01
4.041588255443790412e-01
4.033622462734768876e-01
4.025665783008268162e-01
4.017718375355182059e-01
4.009780398866382711e-01
4.001852012632761690e-01
3.993933375745192804e-01
3.986024647294570955e-01
3.978125986371771616e-01
3.970237552067671927e-01
3.962359503473167344e-01
3.954491999679129455e-01
3.946635199776450387e-01
3.938789262856005058e-01
3.930954348008683930e-01
3.923130614325360810e-01
3.915318220896930046e-01
3.907517326814263225e-01
3.899728091168252475e-01
3.891950673049771603e-01
3.884185231549713846e-01
3.876431925758952457e-01
3.868690914768377898e-01
3.860962357668864531e-01
3.853246413551307259e-01
3.845543241506575449e-01
3.837853000625564559e-01
3.830175849999145066e-01
3.822511948718212427e-01
3.814861455873637675e-01
3.807224530556315156e-01
3.799601331857115905e-01
3.791992018866933711e-01
3.784396750676643495e-01
3.776815686377135717e-01
3.769248985059283075e-01
3.761696805813978250e-01
3.754159307732101158e-01
3.746636649904528382e-01
3.739128991422153159e-01
3.731636491375847631e-01
3.724159308856506145e-01
3.716697602954999735e-01
3.709251532762223302e-01
3.701821257369047879e-01
3.694406935866367259e-01
3.687008727345053027e-01
3.679626781556500359e-01
3.672250672810677963e-01
3.664871095340093143e-01
3.657488098873608595e-01
3.650101733140105331e-01
3.642712047868446046e-01
3.635319092787513418e-01
3.627922917626169586e-01
3.620523572113295008e-01
3.613121105977754599e-01
3.605715568948429373e-01
3.598307010754181468e-01
3.590895481123893007e-01
3.583481029786426131e-01
3.576063706470663517e-01
3.568643560905467305e-01
3.561220642819719062e-01
3.553795001942282039e-01
3.546366688002037248e-01
3.538935750727848495e-01
3.531502239848595681e-01
3.524066205093148718e-01
3.516627696190373631e-01
3.509186762869151988e-01
3.501743454858346483e-01
3.494297821886839239e-01
3.486849913683493507e-01
3.479399779977189744e-01
3.471947470496791199e-01
3.464493034971180552e-01
3.457036523129219385e-01
3.449577984699789823e-01
3.442117469411753450e-01
3.434655026993994609e-01
3.427190707175373774e-01
3.419724559684773624e-01
3.412256634251055742e-01
3.404786980603103363e-01
3.397315648469778626e-01
3.389842687579962544e-01
3.382368147662518365e-01
3.374892078446328769e-01
3.367414529660255340e-01
3.359935551033179646e-01
3.352455192293964381e-01
3.344973503171492779e-01
3.337490533394625869e-01
3.330006332692245774e-01
3.322520950793216299e-01
3.315034437426417346e-01
3.307546842320718272e-01
3.300058215204984546e-01
3.292568605808099402e-01
3.285078063858924979e-01
3.277586639086343401e-01
3.270094381219216806e-01
3.262601339986427318e-01
3.255107565116837631e-01
3.247613106339329314e-01
3.240118013382765061e-01
3.232622335976026995e-01
3.225126123847977255e-01
3.217629426727497410e-01
3.210132294343450710e-01
3.202634776424719831e-01
3.195136922700165250e-01
3.187638782898669643e-01
3.180140406749097370e-01
3.172641843980327780e-01
3.165143144321224677e-01
3.157644357500669630e-01
3.150145533247524776e-01
3.142646721290673351e-01
3.135147971358977492e-01
3.127649333181317104e-01
3.120150856486557656e-01
3.112652591003579050e-01
3.105154586461244537e-01
3.097656892588435684e-01
3.090159559114020182e-01
3.082662635766866277e-01
3.075166172275853871e-01
3.067670218369846769e-01
3.060174823777726538e-01
3.052680038228356429e-01
3.045185911450618010e-01
3.037692493173373420e-01
3.030199833125503117e-01
3.022707981035873126e-01
3.015216986633362795e-01
3.007726899646834817e-01
3.000237769805171872e-01
2.992749646837237210e-01
2.985262580471910732e-01
2.977776620438056243e-01
2.970291816464555312e-01
2.962808218280270633e-01
2.955325875614084330e-01
2.947844838194857986e-01
2.940365155751474835e-01
2.932886878012796461e-01
2.925410054707704988e-01
2.917934735565063109e-01
2.910460970313752394e-01
2.902988808682635535e-01
2.895518300400594658e-01
2.888049495196491900e-01
2.880582442799210496e-01
2.873117192937615916e-01
2.865653795340575849e-01
2.858192299736973530e-01
2.850732755855670542e-01
2.843275213425549008e-01
2.835819722175471069e-01
2.828366331834318848e-01
2.820915092130955593e-01
2.813466052794261762e-01
2.806019263553101162e-01
2.798574774136355914e-01
2.791132634272886492e-01
2.783692893691577241e-01
2.776255602121289190e-01
2.768820809290905016e-01
2.761388564929286860e-01
2.753958918765316843e-01
2.746531920527856552e-01
2.739107619945789218e-01
2.731686066747977537e-01
2.724267310663301966e-01
2.716851401420626311e-01
2.709438388748831028e-01
2.702028322376779923e-01
2.694621252033355674e-01
2.687217227447418755e-01
2.679816298347851844e-01
2.672418514463518191e-01
2.665023925523298254e-01
2.657632581256061388e-01
2.650244531390673619e-01
2.642859825656017625e-01
2.635478513780954435e-01
2.628100645494367837e-01
2.620726270525118862e-01
2.613355438602090186e-01
2.605988199454144505e-01
2.598624602810162831e-01
2.591264698399008970e-01
2.583908535949564489e-01
2.576556165190691527e-01
2.569207635851271099e-01
2.561862997660167562e-01
2.554522300346260821e-01
2.547185593638415235e-01
2.539852927265512372e-01
2.532524350956414372e-01
2.525199914440002802e-01
2.517879667445140912e-01
2.510563659700709715e-01
2.503251940935572462e-01
2.495944560878611274e-01
2.488641569258687736e-01
2.481343015804684526e-01
2.474048950245464340e-01
2.466759422309908745e-01
2.459474481726880435e-01
2.452194178225259868e-01
2.444918561533916401e-01
2.437647681381716891e-01
2.430381587497542906e-01
2.423120329610257140e-01
2.415863957448741439e-01
2.408612520741858221e-01
2.401366069218489607e-01
2.394124652607498294e-01
2.386888320637765570e-01
2.379657123038155242e-01
2.372431109537547489e-01
2.365210329864805838e-01
2.357994833748812136e-01
2.350784670918428243e-01
2.343579891102537116e-01
2.336380544030000894e-01
2.329186679429701423e-01
2.321998347030501675e-01
2.314815596561282107e-01
2.307638477750906247e-01
2.300467040328256774e-01
2.293301334022194993e-01
2.286141408561603305e-01
2.278987313675344406e-01
2.271839099092300140e-01
2.264696814541332093e-01
2.257560509751323774e-01
2.250430234451136491e-01
2.243306038369652644e-01
2.236187971235739647e-01
2.229076082778264356e-01
2.221970422726109173e-01
2.214871040808137070e-01
2.207777986753228228e-01
2.200691310290248115e-01
2.193611061148075525e-01
2.186537289055575373e-01
2.179470043741628116e-01
2.172409374935096171e-01
2.165355332364862773e-01
2.158307965759789504e-01
2.151267324848758211e-01
2.144233459360632699e-01
2.137206419024292314e-01
2.130186253568601695e-01
2.123173012722442132e-01
2.116166746214676042e-01
2.109167503774185826e-01
2.102175335129833067e-01
2.095190290010501000e-01
2.088212418145051763e-01
2.081241769262366370e-01
2.074278393091308348e-01
2.067322339360758710e-01
2.060373657799579872e-01
2.053432398136655068e-01
2.046498610100845883e-01
2.039572343421034162e-01
2.032653647826087873e-01
2.025742573044874706e-01
2.018839168806274564e-01
2.011943484839152363e-01
2.005055570872388282e-01
1.998175476634846126e-01
1.991303251855407463e-01
1.984438946262933601e-01
1.977582609586308049e-01
1.970734291554392947e-01
1.963894041896069032e-01
1.957061910340201216e-01
1.950237946615668849e-01
1.943422200451336568e-01
1.936614721576083997e-01
1.929815559718776052e-01
1.923024764608292636e-01
1.916242385973498108e-01
1.909468473543272926e-01
1.902703077046480895e-01
1.895946246212002195e-01
1.889198030768701186e-01
1.882458480445458326e-01
1.875727644971137142e-01
1.869005574074618647e-01
1.862292317484766646e-01
1.855587924930461319e-01
1.848892446140567580e-01
1.842205930843964501e-01
1.835528428769517273e-01
1.828859989646105522e-01
1.822200663202597493e-01
1.815550499167861986e-01
1.808909547270778351e-01
1.802277857240211778e-01
1.795655478805041616e-01
1.789042461694132502e-01
1.782438855636364616e-01
1.775844710360602319e-01
1.769260075595725512e-01
1.762685001070598834e-01
1.756119536514102186e-01
1.749563731655099097e-01
1.743017636222471412e-01
1.736481299945082379e-01
1.729954772551812459e-01
1.723438103771524899e-01
1.716931343333101545e-01
1.710434540965405648e-01
1.703947746397317664e-01
1.697471009357700844e-01
1.691004379575437588e-01
1.684547906779390314e-01
1.678101640698439756e-01
1.671665631061449719e-01
1.665239927597301772e-01
1.658824580034858609e-01
1.652419638103000965e-01
1.646025151530593478e-01
1.639641170046516050e-01
1.633267743379636927e-01
1.626904921258823522e-01
1.620550427701553109e-01
1.614174732956213942e-01
1.607769157951187966e-01
1.601334070916685670e-01
1.594869840082931423e-01
1.588376833680135158e-01
1.581855419938522356e-01
1.575305967088302117e-01
1.568728843359700198e-01
1.562124416982925701e-01
1.555493056188204104e-01
1.548835129205744787e-01
1.542151004265773506e-01
1.535441049598498808e-01
1.528705633434147559e-01
1.521945124002927474e-01
1.515159889535065418e-01
1.508350298260769662e-01
1.501516718410266515e-01
1.494659518213764804e-01
1.487779065901490283e-01
1.480875729703651777e-01
1.473949877850475598e-01
1.467001878572170293e-01
1.460032100098962171e-01
1.453040910661059781e-01
1.446028678488689156e-01
1.438995771812063285e-01
1.431942558861395431e-01
1.424869407866911908e-01
1.417776687058820984e-01
1.410664764667348692e-01
1.403534008922704412e-01
1.396384788055113901e-01
1.389217470294785428e-01
1.382032423871945859e-01
1.374830017016803185e-01
1.367610617959584274e-01
1.360374594930497116e-01
1.353122316159768579e-01
1.345854149877606376e-01
1.338570464314237374e-01
1.331271627699869842e-01
1.323958008264730368e-01
1.316629974239027223e-01
1.309287893852987272e-01
1.301932135336817953e-01
1.294563066920746686e-01
1.287181056834981185e-01
1.279786473309748041e-01
1.272379684575255798e-01
1.264961058861730769e-01
1.257530964399381501e-01
1.250089769418434305e-01
1.242637842149097310e-01
1.235175550821597523e-01
1.227703263666147654e-01
1.220221348912959997e-01
1.212730174792261834e-01
1.205230109534261018e-01
1.197721521369184139e-01
1.190204778527239327e-01
1.182680249238653863e-01
1.175148301733634909e-01
1.167609304242410023e-01
1.160063624995186921e-01
1.152511632222192328e-01
1.144953694153634377e-01
1.137390179019739933e-01
1.129821455050716572e-01
1.122247890476791438e-01
1.114669853528172661e-01
1.107087712435087107e-01
1.099501835427742491e-01
1.091912590736365957e-01
1.084320346591164802e-01
1.076725471222367003e-01
1.069128332860178887e-01
1.061529299734829401e-01
1.053928740076524734e-01
1.046327022115492722e-01
1.038724514081940664e-01
1.031121584206096120e-01
1.023518600718166527e-01
1.015915931848379306e-01
1.008313945826946195e-01
1.000713010884080739e-01
9.931134952500096646e-02
9.855157671549404086e-02
9.779201948291002533e-02
9.703271465026971909e-02
9.627369904059579486e-02
9.551500947690905186e-02
9.475668278223219054e-02
9.399875577958596851e-02
9.324126529199310009e-02
9.248424814247438452e-02
9.172774115405253614e-02
9.097178114974827090e-02
9.021640495258433090e-02
8.946164938558147373e-02
8.870755127176245536e-02
8.795414743414800562e-02
8.720147469576083887e-02
8.644956987962175432e-02
8.569846980875341080e-02
8.494821130617663529e-02
8.419883119491410051e-02
8.345036629798659178e-02
8.270285343841680958e-02
8.195632943922555314e-02
8.121083112343549515e-02
8.046639531406744872e-02
7.972305883414408656e-02
7.898085850668666585e-02
7.823983115471648542e-02
7.750001360125620409e-02
7.676144266932664884e-02
7.602415518195046462e-02
7.528818796214847842e-02
7.455357783294334906e-02
7.382036161735591739e-02
7.308857613840882839e-02
7.235825821912286737e-02
7.162944468252079033e-02
7.090217235162332710e-02
7.017647804945316425e-02
6.945239859903115653e-02
6.872997082337992114e-02
6.800923154552028504e-02
6.729021758847493484e-02
6.657296577526468362e-02
6.585751292891216246e-02
6.514389587243822610e-02
6.443215142886554725e-02
6.372231642121489736e-02
6.301442767250897692e-02
6.230852200576859207e-02
6.160463624401640165e-02
6.090280721027323263e-02
6.020307172756175773e-02
5.950546661890276923e-02
5.881002870731893983e-02
5.811679481583155449e-02
5.742580176746190507e-02
5.673708638523263653e-02
5.605068549216458973e-02
5.536663591128038880e-02
5.468497446560088848e-02
5.400573797814872679e-02
5.332896327194476538e-02
5.265468717001160065e-02
5.198294649537010814e-02
5.131377807104291200e-02
5.064721872005087389e-02
4.998330526541661101e-02
4.932207453016098503e-02
4.866356333730662009e-02
4.800780850987437787e-02
4.735484687088686168e-02
4.670471524336496094e-02
4.605745045033127205e-02
4.541308931480667749e-02
4.477166865981374588e-02
4.413322530837342217e-02
4.349779608350826110e-02
4.286541780823916598e-02
4.223612730558871931e-02
4.160996139857783133e-02
4.098695691022904986e-02
4.036715066356332676e-02
3.975057948160319599e-02
3.913728018736997022e-02
3.852728960388503154e-02
3.792064455417091390e-02
3.731738186124855527e-02
3.671753834814048961e-02
3.612115083786766878e-02
3.552825615345261284e-02
3.493889111791628754e-02
3.435309255428117825e-02
3.377089728556834786e-02
3.319234213480019152e-02
3.261746392499775826e-02
3.204629947918352650e-02
3.147888562037848281e-02
3.091525917160512643e-02
3.035545695588444046e-02
2.979951579623890678e-02
2.924747251568954667e-02
2.869936393725878651e-02
2.815522688396772388e-02
2.761509817883872273e-02
2.707901464489289797e-02
2.654701310515264132e-02
2.601913038263902606e-02
2.549540330037446817e-02
2.497586868138002014e-02
2.446056334867810836e-02
2.394952412528980265e-02
2.344278783423747736e-02
2.294039129854228906e-02
2.244237134122657393e-02
2.194876478531174874e-02
2.145960845381925455e-02
2.097493916977146225e-02
2.049479375618947982e-02
2.001920903609568161e-02
1.954822183251117909e-02
1.908186896845830843e-02
1.862018726695823662e-02
1.816321355103330676e-02
1.771098464370466155e-02
1.726353736799460942e-02
1.682090854692432080e-02
1.638313500351612148e-02
1.595025356079115761e-02
1.552230104177177231e-02
1.509931426947912214e-02
1.468133006693546697e-02
1.426838525716206743e-02
1.386051666318118165e-02
1.345776110801400437e-02
1.306015541468282838e-02
1.266773640620883629e-02
1.228054090561430875e-02
1.189860573592048214e-02
1.152196772014958681e-02
1.115066368132286954e-02
1.078473044246254682e-02
1.042420482658991919e-02
1.006912365672716150e-02
9.719523755895801559e-03
9.375441947117356747e-03
9.036915053413998450e-03
8.703979897807020277e-03
8.376673303318638714e-03
8.055032092970110941e-03
7.739093089783633493e-03
7.428893116780549422e-03
7.124468996982970259e-03
6.825857553412259873e-03
6.533095609090540205e-03
6.246219987039186398e-03
5.965267510280287434e-03
5.690275001835230599e-03
5.421279284726114416e-03
5.158317181974337445e-03
4.901425516601965252e-03
4.650641111630418080e-03
4.406000790081784045e-03
4.167541374977440025e-03
3.935299689339473266e-03
3.709312556189281896e-03
3.489616798548965740e-03
3.276249239439911216e-03
3.069246701884184754e-03
2.868646008903249969e-03
2.674483983519064870e-03
2.486797448753178506e-03
2.305623227627549756e-03
2.130998143163792286e-03
1.962959018383563133e-03
1.801542676308755687e-03
1.646785939960984267e-03
1.498725632362121014e-03
1.357398576533779813e-03
1.222841595497833021e-03
1.095091512275894307e-03
9.741851498898361364e-04
8.601593313612507100e-04
7.530508797120318530e-04
6.528966179637504070e-04
5.597333691383217730e-04
4.735979562573381513e-04
3.945272023426288572e-04
3.225579304159153821e-04
2.577269634989838901e-04
2.000711246134481843e-04
1.496272367812021985e-04
1.064321230238596949e-04
7.052260636327149692e-05
4.193550982109445707e-05
2.070765641909322143e-05
6.875869179010859598e-06
4.769711225688872417e-07
0.000000000000000000e+00
0.000000000000000000e+00
0.000000000000000000e+00
0.000000000000000000e+00
0.000000000000000000e+00
0.000000000000000000e+00
0.000000000000000000e+00
0.000000000000000000e+00
0.000000000000000000e+00
0.000000000000000000e+00
0.000000000000000000e+00
0.000000000000000000e+00
0.000000000000000000e+00
0.000000000000000000e+00
0.000000000000000000e+00
0.000000000000000000e+00
0.000000000000000000e+00
0.000000000000000000e+00
0.000000000000000000e+00
0.000000000000000000e+00
0.000000000000000000e+00
0.000000000000000000e+00
0.000000000000000000e+00
0.000000000000000000e+00
0.000000000000000000e+00
0.000000000000000000e+00
0.000000000000000000e+00
0.000000000000000000e+00
0.000000000000000000e+00
0.000000000000000000e+00
0.000000000000000000e+00
0.000000000000000000e+00
0.000000000000000000e+00
0.000000000000000000e+00
0.000000000000000000e+00
0.000000000000000000e+00
0.000000000000000000e+00
0.000000000000000000e+00
0.000000000000000000e+00
0.000000000000000000e+00
0.000000000000000000e+00
0.000000000000000000e+00
0.000000000000000000e+00
0.000000000000000000e+00
0.000000000000000000e+00
0.000000000000000000e+00
0.000000000000000000e+00
0.000000000000000000e+00
0.000000000000000000e+00
0.000000000000000000e+00
0.000000000000000000e+00
0.000000000000000000e+00
0.000000000000000000e+00
0.000000000000000000e+00
0.000000000000000000e+00
0.000000000000000000e+00
0.000000000000000000e+00
0.000000000000000000e+00
0.000000000000000000e+00
0.000000000000000000e+00
0.000000000000000000e+00
0.000000000000000000e+00
0.000000000000000000e+00
0.000000000000000000e+00
0.000000000000000000e+00
0.000000000000000000e+00
0.000000000000000000e+00
0.000000000000000000e+00
0.000000000000000000e+00
0.000000000000000000e+00
0.000000000000000000e+00
0.000000000000000000e+00
0.000000000000000000e+00
0.000000000000000000e+00
0.000000000000000000e+00
0.000000000000000000e+00
0.000000000000000000e+00
0.000000000000000000e+00
0.000000000000000000e+00
0.000000000000000000e+00
0.000000000000000000e+00
0.000000000000000000e+00
0.000000000000000000e+00
0.000000000000000000e+00
0.000000000000000000e+00
0.000000000000000000e+00
0.000000000000000000e+00
0.000000000000000000e+00
0.000000000000000000e+00
0.000000000000000000e+00
0.000000000000000000e+00
0.000000000000000000e+00
0.000000000000000000e+00
0.000000000000000000e+00
0.000000000000000000e+00
0.000000000000000000e+00
0.000000000000000000e+00
0.000000000000000000e+00
0.000000000000000000e+00
0.000000000000000000e+00
0.000000000000000000e+00
0.000000000000000000e+00
0.000000000000000000e+00
0.000000000000000000e+00
0.000000000000000000e+00
0.000000000000000000e+00
0.000000000000000000e+00
0.000000000000000000e+00
0.000000000000000000e+00
0.000000000000000000e+00
0.000000000000000000e+00
0.000000000000000000e+00
0.000000000000000000e+00
0.000000000000000000e+00
0.000000000000000000e+00
0.000000000000000000e+00
0.000000000000000000e+00
0.000000000000000000e+00
0.000000000000000000e+00
0.000000000000000000e+00
0.000000000000000000e+00
0.000000000000000000e+00
0.000000000000000000e+00
0.000000000000000000e+00
0.000000000000000000e+00
0.000000000000000000e+00
0.000000000000000000e+00
0.000000000000000000e+00
0.000000000000000000e+00
0.000000000000000000e+00
0.000000000000000000e+00
0.000000000000000000e+00
0.000000000000000000e+00
0.000000000000000000e+00
0.000000000000000000e+00
0.000000000000000000e+00
0.000000000000000000e+00
0.000000000000000000e+00
0.000000000000000000e+00
0.000000000000000000e+00
0.000000000000000000e+00
0.000000000000000000e+00
0.000000000000000000e+00
0.000000000000000000e+00
0.000000000000000000e+00
0.000000000000000000e+00
0.000000000000000000e+00
0.000000000000000000e+00
0.000000000000000000e+00
0.000000000000000000e+00
0.000000000000000000e+00
0.000000000000000000e+00
0.000000000000000000e+00
0.000000000000000000e+00
0.000000000000000000e+00
0.000000000000000000e+00
0.000000000000000000e+00
0.000000000000000000e+00
0.000000000000000000e+00
0.000000000000000000e+00
0.000000000000000000e+00
0.000000000000000000e+00
0.000000000000000000e+00
0.000000000000000000e+00
0.000000000000000000e+00
0.000000000000000000e+00
0.000000000000000000e+00
0.000000000000000000e+00
0.000000000000000000e+00
0.000000000000000000e+00
0.000000000000000000e+00
0.000000000000000000e+00
0.000000000000000000e+00
0.000000000000000000e+00
0.000000000000000000e+00
0.000000000000000000e+00
0.000000000000000000e+00
0.000000000000000000e+00
0.000000000000000000e+00
0.000000000000000000e+00
0.000000000000000000e+00
0.000000000000000000e+00
0.000000000000000000e+00
0.000000000000000000e+00
0.000000000000000000e+00
0.000000000000000000e+00
0.000000000000000000e+00
0.000000000000000000e+00
0.000000000000000000e+00
0.000000000000000000e+00
0.000000000000000000e+00
0.000000000000000000e+00
0.000000000000000000e+00
0.000000000000000000e+00
0.000000000000000000e+00
0.000000000000000000e+00
0.000000000000000000e+00
0.000000000000000000e+00
0.000000000000000000e+00
0.000000000000000000e+00
0.000000000000000000e+00
0.000000000000000000e+00
0.000000000000000000e+00
0.000000000000000000e+00
0.000000000000000000e+00
0.000000000000000000e+00
0.000000000000000000e+00
0.000000000000000000e+00
0.000000000000000000e+00
0.000000000000000000e+00
0.000000000000000000e+00
0.000000000000000000e+00
0.000000000000000000e+00
0.000000000000000000e+00
0.000000000000000000e+00
0.000000000000000000e+00
0.000000000000000000e+00
0.000000000000000000e+00
0.000000000000000000e+00
0.000000000000000000e+00
0.000000000000000000e+00
0.000000000000000000e+00
0.000000000000000000e+00
0.000000000000000000e+00
0.000000000000000000e+00
0.000000000000000000e+00
0.000000000000000000e+00
0.000000000000000000e+00
0.000000000000000000e+00
0.000000000000000000e+00
0.000000000000000000e+00
0.000000000000000000e+00
0.000000000000000000e+00
0.000000000000000000e+00
0.000000000000000000e+00
0.000000000000000000e+00
0.000000000000000000e+00
0.000000000000000000e+00
0.000000000000000000e+00
0.000000000000000000e+00
0.000000000000000000e+00
0.000000000000000000e+00
0.000000000000000000e+00
0.000000000000000000e+00
0.000000000000000000e+00
0.000000000000000000e+00
0.000000000000000000e+00
0.000000000000000000e+00
0.000000000000000000e+00
0.000000000000000000e+00
0.000000000000000000e+00
0.000000000000000000e+00
0.000000000000000000e+00
0.000000000000000000e+00
0.000000000000000000e+00
0.000000000000000000e+00
0.000000000000000000e+00
0.000000000000000000e+00
0.000000000000000000e+00
0.000000000000000000e+00
0.000000000000000000e+00
0.000000000000000000e+00
0.000000000000000000e+00
0.000000000000000000e+00
0.000000000000000000e+00
0.000000000000000000e+00
0.000000000000000000e+00
0.000000000000000000e+00
0.000000000000000000e+00
0.000000000000000000e+00
0.000000000000000000e+00
0.000000000000000000e+00
0.000000000000000000e+00
0.000000000000000000e+00
0.000000000000000000e+00
0.000000000000000000e+00
0.000000000000000000e+00
0.000000000000000000e+00
0.000000000000000000e+00
0.000000000000000000e+00
0.000000000000000000e+00
0.000000000000000000e+00
0.000000000000000000e+00
0.000000000000000000e+00
0.000000000000000000e+00
0.000000000000000000e+00
0.000000000000000000e+00
0.000000000000000000e+00
0.000000000000000000e+00
0.000000000000000000e+00
0.000000000000000000e+00
0.000000000000000000e+00
0.000000000000000000e+00
0.000000000000000000e+00
0.000000000000000000e+00
0.000000000000000000e+00
0.000000000000000000e+00
0.000000000000000000e+00
0.000000000000000000e+00
0.000000000000000000e+00
0.000000000000000000e+00
0.000000000000000000e+00
0.000000000000000000e+00
0.000000000000000000e+00
0.000000000000000000e+00
0.000000000000000000e+00
0.000000000000000000e+00
0.000000000000000000e+00
0.000000000000000000e+00
0.000000000000000000e+00
0.000000000000000000e+00
0.000000000000000000e+00
0.000000000000000000e+00
0.000000000000000000e+00
0.000000000000000000e+00
0.000000000000000000e+00
0.000000000000000000e+00
0.000000000000000000e+00
0.000000000000000000e+00
0.000000000000000000e+00
0.000000000000000000e+00
0.000000000000000000e+00
0.000000000000000000e+00
0.000000000000000000e+00
0.000000000000000000e+00
0.000000000000000000e+00
0.000000000000000000e+00
0.000000000000000000e+00
0.000000000000000000e+00
0.000000000000000000e+00
0.000000000000000000e+00
0.000000000000000000e+00
0.000000000000000000e+00
0.000000000000000000e+00
0.000000000000000000e+00
0.000000000000000000e+00
0.000000000000000000e+00
0.000000000000000000e+00
0.000000000000000000e+00
0.000000000000000000e+00
0.000000000000000000e+00
0.000000000000000000e+00
0.000000000000000000e+00
0.000000000000000000e+00
0.000000000000000000e+00
0.000000000000000000e+00
0.000000000000000000e+00
0.000000000000000000e+00
0.000000000000000000e+00
0.000000000000000000e+00
0.000000000000000000e+00
0.000000000000000000e+00
0.000000000000000000e+00
0.000000000000000000e+00
0.000000000000000000e+00
0.000000000000000000e+00
0.000000000000000000e+00
0.000000000000000000e+00
0.000000000000000000e+00
0.000000000000000000e+00
0.000000000000000000e+00
0.000000000000000000e+00
0.000000000000000000e+00
0.000000000000000000e+00
0.000000000000000000e+00
0.000000000000000000e+00
0.000000000000000000e+00
0.000000000000000000e+00
0.000000000000000000e+00
0.000000000000000000e+00
0.000000000000000000e+00
0.000000000000000000e+00
0.000000000000000000e+00
0.000000000000000000e+00
0.000000000000000000e+00
0.000000000000000000e+00
0.000000000000000000e+00
0.000000000000000000e+00
0.000000000000000000e+00
0.000000000000000000e+00
0.000000000000000000e+00
0.000000000000000000e+00
0.000000000000000000e+00
0.000000000000000000e+00
0.000000000000000000e+00
0.000000000000000000e+00
0.000000000000000000e+00
0.000000000000000000e+00
0.000000000000000000e+00
0.000000000000000000e+00
0.000000000000000000e+00
0.000000000000000000e+00
0.000000000000000000e+00
0.000000000000000000e+00
0.000000000000000000e+00
0.000000000000000000e+00
0.000000000000000000e+00
0.000000000000000000e+00
0.000000000000000000e+00
0.000000000000000000e+00
0.000000000000000000e+00
0.000000000000000000e+00
0.000000000000000000e+00
0.000000000000000000e+00
0.000000000000000000e+00
0.000000000000000000e+00
0.000000000000000000e+00
0.000000000000000000e+00
0.000000000000000000e+00
0.000000000000000000e+00
0.000000000000000000e+00
0.000000000000000000e+00
0.000000000000000000e+00
0.000000000000000000e+00
0.000000000000000000e+00
0.000000000000000000e+00
0.000000000000000000e+00
0.000000000000000000e+00
0.000000000000000000e+00
0.000000000000000000e+00
0.000000000000000000e+00
0.000000000000000000e+00
0.000000000000000000e+00
0.000000000000000000e+00
0.000000000000000000e+00
0.000000000000000000e+00
0.000000000000000000e+00
0.000000000000000000e+00
0.000000000000000000e+00
0.000000000000000000e+00
0.000000000000000000e+00
0.000000000000000000e+00
0.000000000000000000e+00
0.000000000000000000e+00
0.000000000000000000e+00
0.000000000000000000e+00
0.000000000000000000e+00
0.000000000000000000e+00
0.000000000000000000e+00
0.000000000000000000e+00
0.000000000000000000e+00
0.000000000000000000e+00
0.000000000000000000e+00
0.000000000000000000e+00
0.000000000000000000e+00
0.000000000000000000e+00
0.000000000000000000e+00
0.000000000000000000e+00
0.000000000000000000e+00
0.000000000000000000e+00
0.000000000000000000e+00
0.000000000000000000e+00
0.000000000000000000e+00
0.000000000000000000e+00
0.000000000000000000e+00
0.000000000000000000e+00
0.000000000000000000e+00
0.000000000000000000e+00
0.000000000000000000e+00
0.000000000000000000e+00
0.000000000000000000e+00
0.000000000000000000e+00
0.000000000000000000e+00
0.000000000000000000e+00
0.000000000000000000e+00
0.000000000000000000e+00
0.000000000000000000e+00
0.000000000000000000e+00
0.000000000000000000e+00
0.000000000000000000e+00
0.000000000000000000e+00
0.000000000000000000e+00
0.000000000000000000e+00
0.000000000000000000e+00
0.000000000000000000e+00
0.000000000000000000e+00
0.000000000000000000e+00
0.000000000000000000e+00
0.000000000000000000e+00
0.000000000000000000e+00
0.000000000000000000e+00
0.000000000000000000e+00
0.000000000000000000e+00
0.000000000000000000e+00
0.000000000000000000e+00
0.000000000000000000e+00
0.000000000000000000e+00
0.000000000000000000e+00
0.000000000000000000e+00
0.000000000000000000e+00
0.000000000000000000e+00
0.000000000000000000e+00
0.000000000000000000e+00
0.000000000000000000e+00
0.000000000000000000e+00
0.000000000000000000e+00
0.000000000000000000e+00
0.000000000000000000e+00
0.000000000000000000e+00
0.000000000000000000e+00
0.000000000000000000e+00
0.000000000000000000e+00
0.000000000000000000e+00
0.000000000000000000e+00
0.000000000000000000e+00
0.000000000000000000e+00
0.000000000000000000e+00
0.000000000000000000e+00
0.000000000000000000e+00
0.000000000000000000e+00
0.000000000000000000e+00
0.000000000000000000e+00
0.000000000000000000e+00
0.000000000000000000e+00
0.000000000000000000e+00
0.000000000000000000e+00
0.000000000000000000e+00
0.000000000000000000e+00
0.000000000000000000e+00
0.000000000000000000e+00
0.000000000000000000e+00
0.000000000000000000e+00
0.000000000000000000e+00
0.000000000000000000e+00
0.000000000000000000e+00
0.000000000000000000e+00
0.000000000000000000e+00
0.000000000000000000e+00
0.000000000000000000e+00
0.000000000000000000e+00
0.000000000000000000e+00
0.000000000000000000e+00
0.000000000000000000e+00
0.000000000000000000e+00
0.000000000000000000e+00
0.000000000000000000e+00
0.000000000000000000e+00
0.000000000000000000e+00
0.000000000000000000e+00
0.000000000000000000e+00
0.000000000000000000e+00
0.000000000000000000e+00
0.000000000000000000e+00
0.000000000000000000e+00
0.000000000000000000e+00
0.000000000000000000e+00
0.000000000000000000e+00
0.000000000000000000e+00
0.000000000000000000e+00
0.000000000000000000e+00
0.000000000000000000e+00
0.000000000000000000e+00
0.000000000000000000e+00
0.000000000000000000e+00
0.000000000000000000e+00
0.000000000000000000e+00
0.000000000000000000e+00
0.000000000000000000e+00
0.000000000000000000e+00
0.000000000000000000e+00
0.000000000000000000e+00
0.000000000000000000e+00
0.000000000000000000e+00
0.000000000000000000e+00
0.000000000000000000e+00
0.000000000000000000e+00
0.000000000000000000e+00
0.000000000000000000e+00
0.000000000000000000e+00
0.000000000000000000e+00
0.000000000000000000e+00
0.000000000000000000e+00
0.000000000000000000e+00
0.000000000000000000e+00
0.000000000000000000e+00
0.000000000000000000e+00
0.000000000000000000e+00
0.000000000000000000e+00
0.000000000000000000e+00
0.000000000000000000e+00
0.000000000000000000e+00
0.000000000000000000e+00
0.000000000000000000e+00
0.000000000000000000e+00
0.000000000000000000e+00
0.000000000000000000e+00
0.000000000000000000e+00
0.000000000000000000e+00
0.000000000000000000e+00
0.000000000000000000e+00
0.000000000000000000e+00
0.000000000000000000e+00
0.000000000000000000e+00
0.000000000000000000e+00
0.000000000000000000e+00
0.000000000000000000e+00
0.000000000000000000e+00
0.000000000000000000e+00
0.000000000000000000e+00
0.000000000000000000e+00
0.000000000000000000e+00
0.000000000000000000e+00
0.000000000000000000e+00
0.000000000000000000e+00
0.000000000000000000e+00
0.000000000000000000e+00
0.000000000000000000e+00
0.000000000000000000e+00
0.000000000000000000e+00
0.000000000000000000e+00
0.000000000000000000e+00
0.000000000000000000e+00
0.000000000000000000e+00
0.000000000000000000e+00
0.000000000000000000e+00
0.000000000000000000e+00
0.000000000000000000e+00
0.000000000000000000e+00
0.000000000000000000e+00
0.000000000000000000e+00
0.000000000000000000e+00
0.000000000000000000e+00
0.000000000000000000e+00
0.000000000000000000e+00
0.000000000000000000e+00
0.000000000000000000e+00
0.000000000000000000e+00
0.000000000000000000e+00
0.000000000000000000e+00
0.000000000000000000e+00
0.000000000000000000e+00
0.000000000000000000e+00
0.000000000000000000e+00
0.000000000000000000e+00
0.000000000000000000e+00
0.000000000000000000e+00
0.000000000000000000e+00
0.000000000000000000e+00
0.000000000000000000e+00
0.000000000000000000e+00
0.000000000000000000e+00
0.000000000000000000e+00
0.000000000000000000e+00
0.000000000000000000e+00
0.000000000000000000e+00
0.000000000000000000e+00
0.000000000000000000e+00
0.000000000000000000e+00
0.000000000000000000e+00
0.000000000000000000e+00
0.000000000000000000e+00
0.000000000000000000e+00
0.000000000000000000e+00
0.000000000000000000e+00
0.000000000000000000e+00
0.000000000000000000e+00
0.000000000000000000e+00
0.000000000000000000e+00
0.000000000000000000e+00
0.000000000000000000e+00
0.000000000000000000e+00
0.000000000000000000e+00
0.000000000000000000e+00
0.000000000000000000e+00
0.000000000000000000e+00
0.000000000000000000e+00
0.000000000000000000e+00
0.000000000000000000e+00
0.000000000000000000e+00
0.000000000000000000e+00
0.000000000000000000e+00
0.000000000000000000e+00
0.000000000000000000e+00
0.000000000000000000e+00
0.000000000000000000e+00
0.000000000000000000e+00
0.000000000000000000e+00
0.000000000000000000e+00
0.000000000000000000e+00
0.000000000000000000e+00
0.000000000000000000e+00
0.000000000000000000e+00
0.000000000000000000e+00
0.000000000000000000e+00
0.000000000000000000e+00
0.000000000000000000e+00
0.000000000000000000e+00
0.000000000000000000e+00
0.000000000000000000e+00
0.000000000000000000e+00
0.000000000000000000e+00
0.000000000000000000e+00
0.000000000000000000e+00
0.000000000000000000e+00
0.000000000000000000e+00
0.000000000000000000e+00
0.000000000000000000e+00
0.000000000000000000e+00
0.000000000000000000e+00
0.000000000000000000e+00
0.000000000000000000e+00
0.000000000000000000e+00
0.000000000000000000e+00
0.000000000000000000e+00
0.000000000000000000e+00
0.000000000000000000e+00
0.000000000000000000e+00
0.000000000000000000e+00
0.000000000000000000e+00
0.000000000000000000e+00
0.000000000000000000e+00
0.000000000000000000e+00
0.000000000000000000e+00
0.000000000000000000e+00
0.000000000000000000e+00
0.000000000000000000e+00
0.000000000000000000e+00
0.000000000000000000e+00
0.000000000000000000e+00
0.000000000000000000e+00
0.000000000000000000e+00
0.000000000000000000e+00
0.000000000000000000e+00
0.000000000000000000e+00
0.000000000000000000e+00
0.000000000000000000e+00
0.000000000000000000e+00
0.000000000000000000e+00
0.000000000000000000e+00
0.000000000000000000e+00
0.000000000000000000e+00
0.000000000000000000e+00
0.000000000000000000e+00
0.000000000000000000e+00
0.000000000000000000e+00
0.000000000000000000e+00
0.000000000000000000e+00
0.000000000000000000e+00
0.000000000000000000e+00
0.000000000000000000e+00
0.000000000000000000e+00
0.000000000000000000e+00
0.000000000000000000e+00
0.000000000000000000e+00
0.000000000000000000e+00
0.000000000000000000e+00
0.000000000000000000e+00
0.000000000000000000e+00
0.000000000000000000e+00
0.000000000000000000e+00
0.000000000000000000e+00
0.000000000000000000e+00
0.000000000000000000e+00
0.000000000000000000e+00
0.000000000000000000e+00
0.000000000000000000e+00
0.000000000000000000e+00
0.000000000000000000e+00
0.000000000000000000e+00
0.000000000000000000e+00
0.000000000000000000e+00
0.000000000000000000e+00
0.000000000000000000e+00
0.000000000000000000e+00
0.000000000000000000e+00
0.000000000000000000e+00
0.000000000000000000e+00
0.000000000000000000e+00
0.000000000000000000e+00
0.000000000000000000e+00
0.000000000000000000e+00
0.000000000000000000e+00
0.000000000000000000e+00
0.000000000000000000e+00
0.000000000000000000e+00
0.000000000000000000e+00
0.000000000000000000e+00
0.000000000000000000e+00
0.000000000000000000e+00
0.000000000000000000e+00
0.000000000000000000e+00
0.000000000000000000e+00
0.000000000000000000e+00
0.000000000000000000e+00
0.000000000000000000e+00
0.000000000000000000e+00
0.000000000000000000e+00
0.000000000000000000e+00
0.000000000000000000e+00
0.000000000000000000e+00
0.000000000000000000e+00
0.000000000000000000e+00
0.000000000000000000e+00
0.000000000000000000e+00
0.000000000000000000e+00
0.000000000000000000e+00
0.000000000000000000e+00
0.000000000000000000e+00
0.000000000000000000e+00
0.000000000000000000e+00
0.000000000000000000e+00
0.000000000000000000e+00
0.000000000000000000e+00
0.000000000000000000e+00
0.000000000000000000e+00
0.000000000000000000e+00
0.000000000000000000e+00
0.000000000000000000e+00
0.000000000000000000e+00
0.000000000000000000e+00
0.000000000000000000e+00
0.000000000000000000e+00
0.000000000000000000e+00
0.000000000000000000e+00
0.000000000000000000e+00
0.000000000000000000e+00
0.000000000000000000e+00
0.000000000000000000e+00
0.000000000000000000e+00
0.000000000000000000e+00
0.000000000000000000e+00
0.000000000000000000e+00
0.000000000000000000e+00
0.000000000000000000e+00
0.000000000000000000e+00
0.000000000000000000e+00
0.000000000000000000e+00
0.000000000000000000e+00
0.000000000000000000e+00
0.000000000000000000e+00
0.000000000000000000e+00
0.000000000000000000e+00
0.000000000000000000e+00
0.000000000000000000e+00
0.000000000000000000e+00
0.000000000000000000e+00
0.000000000000000000e+00
0.000000000000000000e+00
0.000000000000000000e+00
0.000000000000000000e+00
0.000000000000000000e+00
0.000000000000000000e+00
0.000000000000000000e+00
0.000000000000000000e+00
0.000000000000000000e+00
0.000000000000000000e+00
0.000000000000000000e+00
0.000000000000000000e+00
0.000000000000000000e+00
0.000000000000000000e+00
0.000000000000000000e+00
0.000000000000000000e+00
0.000000000000000000e+00
0.000000000000000000e+00
0.000000000000000000e+00
0.000000000000000000e+00
0.000000000000000000e+00
0.000000000000000000e+00
0.000000000000000000e+00
0.000000000000000000e+00
0.000000000000000000e+00
0.000000000000000000e+00
0.000000000000000000e+00
0.000000000000000000e+00
0.000000000000000000e+00
0.000000000000000000e+00
0.000000000000000000e+00
0.000000000000000000e+00
0.000000000000000000e+00
0.000000000000000000e+00
0.000000000000000000e+00
0.000000000000000000e+00
0.000000000000000000e+00
0.000000000000000000e+00
0.000000000000000000e+00
0.000000000000000000e+00
0.000000000000000000e+00
0.000000000000000000e+00
0.000000000000000000e+00
0.000000000000000000e+00
0.000000000000000000e+00
0.000000000000000000e+00
0.000000000000000000e+00
0.000000000000000000e+00
0.000000000000000000e+00
0.000000000000000000e+00
0.000000000000000000e+00
0.000000000000000000e+00
0.000000000000000000e+00
0.000000000000000000e+00
0.000000000000000000e+00
0.000000000000000000e+00
0.000000000000000000e+00
0.000000000000000000e+00
0.000000000000000000e+00
0.000000000000000000e+00
0.000000000000000000e+00
0.000000000000000000e+00
0.000000000000000000e+00
0.000000000000000000e+00
0.000000000000000000e+00
0.000000000000000000e+00
0.000000000000000000e+00
0.000000000000000000e+00
0.000000000000000000e+00
0.000000000000000000e+00
0.000000000000000000e+00
0.000000000000000000e+00
0.000000000000000000e+00
0.000000000000000000e+00
0.000000000000000000e+00
0.000000000000000000e+00
0.000000000000000000e+00
0.000000000000000000e+00
0.000000000000000000e+00
0.000000000000000000e+00
0.000000000000000000e+00
0.000000000000000000e+00
0.000000000000000000e+00
0.000000000000000000e+00
0.000000000000000000e+00
0.000000000000000000e+00
0.000000000000000000e+00
0.000000000000000000e+00
0.000000000000000000e+00
0.000000000000000000e+00
0.000000000000000000e+00
0.000000000000000000e+00
0.000000000000000000e+00
0.000000000000000000e+00
0.000000000000000000e+00
0.000000000000000000e+00
0.000000000000000000e+00
0.000000000000000000e+00
0.000000000000000000e+00
0.000000000000000000e+00
0.000000000000000000e+00
0.000000000000000000e+00
0.000000000000000000e+00
0.000000000000000000e+00
0.000000000000000000e+00
0.000000000000000000e+00
0.000000000000000000e+00
0.000000000000000000e+00
0.000000000000000000e+00
0.000000000000000000e+00
0.000000000000000000e+00
0.000000000000000000e+00
0.000000000000000000e+00
0.000000000000000000e+00
0.000000000000000000e+00
0.000000000000000000e+00
0.000000000000000000e+00
0.000000000000000000e+00
0.000000000000000000e+00
0.000000000000000000e+00
0.000000000000000000e+00
0.000000000000000000e+00
0.000000000000000000e+00
0.000000000000000000e+00
0.000000000000000000e+00
0.000000000000000000e+00
0.000000000000000000e+00
0.000000000000000000e+00
0.000000000000000000e+00
0.000000000000000000e+00
0.000000000000000000e+00
0.000000000000000000e+00
0.000000000000000000e+00
0.000000000000000000e+00
0.000000000000000000e+00
0.000000000000000000e+00
0.000000000000000000e+00
0.000000000000000000e+00
0.000000000000000000e+00
0.000000000000000000e+00
0.000000000000000000e+00
0.000000000000000000e+00
0.000000000000000000e+00
0.000000000000000000e+00
0.000000000000000000e+00
0.000000000000000000e+00
0.000000000000000000e+00
0.000000000000000000e+00
0.000000000000000000e+00
0.000000000000000000e+00
0.000000000000000000e+00
0.000000000000000000e+00
0.000000000000000000e+00
0.000000000000000000e+00
0.000000000000000000e+00
0.000000000000000000e+00
0.000000000000000000e+00
0.000000000000000000e+00
0.000000000000000000e+00
0.000000000000000000e+00
0.000000000000000000e+00
0.000000000000000000e+00
0.000000000000000000e+00
0.000000000000000000e+00
0.000000000000000000e+00
0.000000000000000000e+00
0.000000000000000000e+00
0.000000000000000000e+00
0.000000000000000000e+00
0.000000000000000000e+00
0.000000000000000000e+00
0.000000000000000000e+00
0.000000000000000000e+00
0.000000000000000000e+00
0.000000000000000000e+00
0.000000000000000000e+00
0.000000000000000000e+00
0.000000000000000000e+00
0.000000000000000000e+00
0.000000000000000000e+00
0.000000000000000000e+00
0.000000000000000000e+00
0.000000000000000000e+00
0.000000000000000000e+00
0.000000000000000000e+00
0.000000000000000000e+00
0.000000000000000000e+00
0.000000000000000000e+00
0.000000000000000000e+00
0.000000000000000000e+00
0.000000000000000000e+00
0.000000000000000000e+00
0.000000000000000000e+00
0.000000000000000000e+00
0.000000000000000000e+00
0.000000000000000000e+00
0.000000000000000000e+00
0.000000000000000000e+00
0.000000000000000000e+00
0.000000000000000000e+00
0.000000000000000000e+00
0.000000000000000000e+00
0.000000000000000000e+00
0.000000000000000000e+00
0.000000000000000000e+00
0.000000000000000000e+00
0.000000000000000000e+00
0.000000000000000000e+00
0.000000000000000000e+00
0.000000000000000000e+00
0.000000000000000000e+00
0.000000000000000000e+00
0.000000000000000000e+00
0.000000000000000000e+00
0.000000000000000000e+00
0.000000000000000000e+00
0.000000000000000000e+00
0.000000000000000000e+00
0.000000000000000000e+00
0.000000000000000000e+00
0.000000000000000000e+00
0.000000000000000000e+00
0.000000000000000000e+00
0.000000000000000000e+00
0.000000000000000000e+00
0.000000000000000000e+00
0.000000000000000000e+00
0.000000000000000000e+00
0.000000000000000000e+00
0.000000000000000000e+00
0.000000000000000000e+00
0.000000000000000000e+00
0.000000000000000000e+00
0.000000000000000000e+00
0.000000000000000000e+00
0.000000000000000000e+00
0.000000000000000000e+00
0.000000000000000000e+00
0.000000000000000000e+00
0.000000000000000000e+00
0.000000000000000000e+00
0.000000000000000000e+00
0.000000000000000000e+00
0.000000000000000000e+00
0.000000000000000000e+00
0.000000000000000000e+00
0.000000000000000000e+00
0.000000000000000000e+00
0.000000000000000000e+00
0.000000000000000000e+00
0.000000000000000000e+00
0.000000000000000000e+00
0.000000000000000000e+00
0.000000000000000000e+00
0.000000000000000000e+00
0.000000000000000000e+00
0.000000000000000000e+00
0.000000000000000000e+00
0.000000000000000000e+00
0.000000000000000000e+00
0.000000000000000000e+00
0.000000000000000000e+00
0.000000000000000000e+00
0.000000000000000000e+00
0.000000000000000000e+00
0.000000000000000000e+00
0.000000000000000000e+00
0.000000000000000000e+00
0.000000000000000000e+00
0.000000000000000000e+00
0.000000000000000000e+00
0.000000000000000000e+00
0.000000000000000000e+00
0.000000000000000000e+00
0.000000000000000000e+00
0.000000000000000000e+00
0.000000000000000000e+00
0.000000000000000000e+00
0.000000000000000000e+00
0.000000000000000000e+00
0.000000000000000000e+00
0.000000000000000000e+00
0.000000000000000000e+00
0.000000000000000000e+00
0.000000000000000000e+00
0.000000000000000000e+00
0.000000000000000000e+00
0.000000000000000000e+00
0.000000000000000000e+00
0.000000000000000000e+00
0.000000000000000000e+00
0.000000000000000000e+00
0.000000000000000000e+00
0.000000000000000000e+00
0.000000000000000000e+00
0.000000000000000000e+00
0.000000000000000000e+00
0.000000000000000000e+00
0.000000000000000000e+00
0.000000000000000000e+00
0.000000000000000000e+00
0.000000000000000000e+00
0.000000000000000000e+00
0.000000000000000000e+00
0.000000000000000000e+00
0.000000000000000000e+00
0.000000000000000000e+00
0.000000000000000000e+00
0.000000000000000000e+00
0.000000000000000000e+00
0.000000000000000000e+00
0.000000000000000000e+00
0.000000000000000000e+00
0.000000000000000000e+00
0.000000000000000000e+00
0.000000000000000000e+00
0.000000000000000000e+00
0.000000000000000000e+00
0.000000000000000000e+00
0.000000000000000000e+00
0.000000000000000000e+00
0.000000000000000000e+00
0.000000000000000000e+00
0.000000000000000000e+00
0.000000000000000000e+00
0.000000000000000000e+00
0.000000000000000000e+00
0.000000000000000000e+00
0.000000000000000000e+00
0.000000000000000000e+00
0.000000000000000000e+00
0.000000000000000000e+00
0.000000000000000000e+00
0.000000000000000000e+00
0.000000000000000000e+00
0.000000000000000000e+00
0.000000000000000000e+00
0.000000000000000000e+00
0.000000000000000000e+00
0.000000000000000000e+00
0.000000000000000000e+00
0.000000000000000000e+00
0.000000000000000000e+00
0.000000000000000000e+00
0.000000000000000000e+00
0.000000000000000000e+00
0.000000000000000000e+00
0.000000000000000000e+00
0.000000000000000000e+00
0.000000000000000000e+00
0.000000000000000000e+00
0.000000000000000000e+00
0.000000000000000000e+00
0.000000000000000000e+00
0.000000000000000000e+00
0.000000000000000000e+00
0.000000000000000000e+00
0.000000000000000000e+00
0.000000000000000000e+00
0.000000000000000000e+00
0.000000000000000000e+00
0.000000000000000000e+00
0.000000000000000000e+00
0.000000000000000000e+00
0.000000000000000000e+00
0.000000000000000000e+00
0.000000000000000000e+00
0.000000000000000000e+00
0.000000000000000000e+00
0.000000000000000000e+00
0.000000000000000000e+00
0.000000000000000000e+00
0.000000000000000000e+00
0.000000000000000000e+00
0.000000000000000000e+00
0.000000000000000000e+00
0.000000000000000000e+00
0.000000000000000000e+00
0.000000000000000000e+00
0.000000000000000000e+00
0.000000000000000000e+00
0.000000000000000000e+00
0.000000000000000000e+00
0.000000000000000000e+00
0.000000000000000000e+00
0.000000000000000000e+00
0.000000000000000000e+00
0.000000000000000000e+00
0.000000000000000000e+00
0.000000000000000000e+00
0.000000000000000000e+00
0.000000000000000000e+00
0.000000000000000000e+00
0.000000000000000000e+00
0.000000000000000000e+00
0.000000000000000000e+00
0.000000000000000000e+00
0.000000000000000000e+00
0.000000000000000000e+00
0.000000000000000000e+00
0.000000000000000000e+00
0.000000000000000000e+00
0.000000000000000000e+00
0.000000000000000000e+00
0.000000000000000000e+00
0.000000000000000000e+00
0.000000000000000000e+00
0.000000000000000000e+00
0.000000000000000000e+00
0.000000000000000000e+00
0.000000000000000000e+00
0.000000000000000000e+00
0.000000000000000000e+00
0.000000000000000000e+00
0.000000000000000000e+00
0.000000000000000000e+00
0.000000000000000000e+00
0.000000000000000000e+00
0.000000000000000000e+00
0.000000000000000000e+00
0.000000000000000000e+00
0.000000000000000000e+00
0.000000000000000000e+00
0.000000000000000000e+00
0.000000000000000000e+00
0.000000000000000000e+00
0.000000000000000000e+00
0.000000000000000000e+00
0.000000000000000000e+00
0.000000000000000000e+00
0.000000000000000000e+00
0.000000000000000000e+00
0.000000000000000000e+00
0.000000000000000000e+00
0.000000000000000000e+00
0.000000000000000000e+00
0.000000000000000000e+00
0.000000000000000000e+00
0.000000000000000000e+00
0.000000000000000000e+00
0.000000000000000000e+00
0.000000000000000000e+00
0.000000000000000000e+00
0.000000000000000000e+00
0.000000000000000000e+00
0.000000000000000000e+00
0.000000000000000000e+00
0.000000000000000000e+00
0.000000000000000000e+00
0.000000000000000000e+00
0.000000000000000000e+00
0.000000000000000000e+00
0.000000000000000000e+00
0.000000000000000000e+00
0.000000000000000000e+00
0.000000000000000000e+00
0.000000000000000000e+00
0.000000000000000000e+00
0.000000000000000000e+00
0.000000000000000000e+00
0.000000000000000000e+00
0.000000000000000000e+00
0.000000000000000000e+00
0.000000000000000000e+00
0.000000000000000000e+00
0.000000000000000000e+00
0.000000000000000000e+00
0.000000000000000000e+00
0.000000000000000000e+00
0.000000000000000000e+00
0.000000000000000000e+00
0.000000000000000000e+00
0.000000000000000000e+00
0.000000000000000000e+00
0.000000000000000000e+00
0.000000000000000000e+00
0.000000000000000000e+00
0.000000000000000000e+00
0.000000000000000000e+00
0.000000000000000000e+00
0.000000000000000000e+00
0.000000000000000000e+00
0.000000000000000000e+00
0.000000000000000000e+00
0.000000000000000000e+00
0.000000000000000000e+00
0.000000000000000000e+00
0.000000000000000000e+00
0.000000000000000000e+00
0.000000000000000000e+00
0.000000000000000000e+00
0.000000000000000000e+00
0.000000000000000000e+00
0.000000000000000000e+00
0.000000000000000000e+00
0.000000000000000000e+00
0.000000000000000000e+00
0.000000000000000000e+00
0.000000000000000000e+00
0.000000000000000000e+00
0.000000000000000000e+00
0.000000000000000000e+00
0.000000000000000000e+00
0.000000000000000000e+00
0.000000000000000000e+00
0.000000000000000000e+00
0.000000000000000000e+00
0.000000000000000000e+00
0.000000000000000000e+00
0.000000000000000000e+00
0.000000000000000000e+00
0.000000000000000000e+00
0.000000000000000000e+00
0.000000000000000000e+00
0.000000000000000000e+00
0.000000000000000000e+00
0.000000000000000000e+00
0.000000000000000000e+00
0.000000000000000000e+00
0.000000000000000000e+00
0.000000000000000000e+00
0.000000000000000000e+00
0.000000000000000000e+00
0.000000000000000000e+00
0.000000000000000000e+00
0.000000000000000000e+00
0.000000000000000000e+00
0.000000000000000000e+00
0.000000000000000000e+00
0.000000000000000000e+00
0.000000000000000000e+00
0.000000000000000000e+00
0.000000000000000000e+00
0.000000000000000000e+00
0.000000000000000000e+00
0.000000000000000000e+00
0.000000000000000000e+00
0.000000000000000000e+00
0.000000000000000000e+00
0.000000000000000000e+00
0.000000000000000000e+00
0.000000000000000000e+00
0.000000000000000000e+00
0.000000000000000000e+00
0.000000000000000000e+00
0.000000000000000000e+00
0.000000000000000000e+00
0.000000000000000000e+00
0.000000000000000000e+00
0.000000000000000000e+00
0.000000000000000000e+00
0.000000000000000000e+00
0.000000000000000000e+00
0.000000000000000000e+00
0.000000000000000000e+00
0.000000000000000000e+00
0.000000000000000000e+00
0.000000000000000000e+00
0.000000000000000000e+00
0.000000000000000000e+00
0.000000000000000000e+00
0.000000000000000000e+00
0.000000000000000000e+00
0.000000000000000000e+00
0.000000000000000000e+00
0.000000000000000000e+00
0.000000000000000000e+00
0.000000000000000000e+00
0.000000000000000000e+00
0.000000000000000000e+00
0.000000000000000000e+00
0.000000000000000000e+00
0.000000000000000000e+00
0.000000000000000000e+00
0.000000000000000000e+00
0.000000000000000000e+00
0.000000000000000000e+00
0.000000000000000000e+00
0.000000000000000000e+00
0.000000000000000000e+00
0.000000000000000000e+00
0.000000000000000000e+00
0.000000000000000000e+00
0.000000000000000000e+00
0.000000000000000000e+00
0.000000000000000000e+00
0.000000000000000000e+00
0.000000000000000000e+00
0.000000000000000000e+00
0.000000000000000000e+00
0.000000000000000000e+00
0.000000000000000000e+00
0.000000000000000000e+00
0.000000000000000000e+00
0.000000000000000000e+00
0.000000000000000000e+00
0.000000000000000000e+00
0.000000000000000000e+00
0.000000000000000000e+00
0.000000000000000000e+00
0.000000000000000000e+00
0.000000000000000000e+00
0.000000000000000000e+00
0.000000000000000000e+00
0.000000000000000000e+00
0.000000000000000000e+00
0.000000000000000000e+00
0.000000000000000000e+00
0.000000000000000000e+00
0.000000000000000000e+00
0.000000000000000000e+00
0.000000000000000000e+00
0.000000000000000000e+00
0.000000000000000000e+00
0.000000000000000000e+00
0.000000000000000000e+00
0.000000000000000000e+00
0.000000000000000000e+00
0.000000000000000000e+00
0.000000000000000000e+00
0.000000000000000000e+00
0.000000000000000000e+00
0.000000000000000000e+00
0.000000000000000000e+00
0.000000000000000000e+00
0.000000000000000000e+00
0.000000000000000000e+00
0.000000000000000000e+00
0.000000000000000000e+00
0.000000000000000000e+00
0.000000000000000000e+00
0.000000000000000000e+00
0.000000000000000000e+00
0.000000000000000000e+00
0.000000000000000000e+00
0.000000000000000000e+00
0.000000000000000000e+00
0.000000000000000000e+00
0.000000000000000000e+00
0.000000000000000000e+00
0.000000000000000000e+00
0.000000000000000000e+00
0.000000000000000000e+00
0.000000000000000000e+00
0.000000000000000000e+00
0.000000000000000000e+00
0.000000000000000000e+00
0.000000000000000000e+00
0.000000000000000000e+00
0.000000000000000000e+00
0.000000000000000000e+00
0.000000000000000000e+00
0.000000000000000000e+00
0.000000000000000000e+00
0.000000000000000000e+00
0.000000000000000000e+00
0.000000000000000000e+00
0.000000000000000000e+00
0.000000000000000000e+00
0.000000000000000000e+00
0.000000000000000000e+00
0.000000000000000000e+00
0.000000000000000000e+00
0.000000000000000000e+00
0.000000000000000000e+00
0.000000000000000000e+00
0.000000000000000000e+00
0.000000000000000000e+00
0.000000000000000000e+00
0.000000000000000000e+00
0.000000000000000000e+00
0.000000000000000000e+00
0.000000000000000000e+00
0.000000000000000000e+00
0.000000000000000000e+00
0.000000000000000000e+00
0.000000000000000000e+00
0.000000000000000000e+00
0.000000000000000000e+00
0.000000000000000000e+00
0.000000000000000000e+00
0.000000000000000000e+00
0.000000000000000000e+00
0.000000000000000000e+00
0.000000000000000000e+00
0.000000000000000000e+00
0.000000000000000000e+00
0.000000000000000000e+00
0.000000000000000000e+00
0.000000000000000000e+00
0.000000000000000000e+00
0.000000000000000000e+00
0.000000000000000000e+00
0.000000000000000000e+00
0.000000000000000000e+00
0.000000000000000000e+00
0.000000000000000000e+00
0.000000000000000000e+00
0.000000000000000000e+00
0.000000000000000000e+00
0.000000000000000000e+00
0.000000000000000000e+00
0.000000000000000000e+00
0.000000000000000000e+00
0.000000000000000000e+00
0.000000000000000000e+00
0.000000000000000000e+00
0.000000000000000000e+00
0.000000000000000000e+00
0.000000000000000000e+00
0.000000000000000000e+00
0.000000000000000000e+00
0.000000000000000000e+00
0.000000000000000000e+00
0.000000000000000000e+00
0.000000000000000000e+00
0.000000000000000000e+00
0.000000000000000000e+00
0.000000000000000000e+00
0.000000000000000000e+00
0.000000000000000000e+00
0.000000000000000000e+00
0.000000000000000000e+00
0.000000000000000000e+00
0.000000000000000000e+00
0.000000000000000000e+00
0.000000000000000000e+00
0.000000000000000000e+00
0.000000000000000000e+00
0.000000000000000000e+00
0.000000000000000000e+00
0.000000000000000000e+00
0.000000000000000000e+00
0.000000000000000000e+00
0.000000000000000000e+00
0.000000000000000000e+00
0.000000000000000000e+00
0.000000000000000000e+00
0.000000000000000000e+00
0.000000000000000000e+00
0.000000000000000000e+00
0.000000000000000000e+00
0.000000000000000000e+00
0.000000000000000000e+00
0.000000000000000000e+00
0.000000000000000000e+00
0.000000000000000000e+00
0.000000000000000000e+00
0.000000000000000000e+00
0.000000000000000000e+00
0.000000000000000000e+00
0.000000000000000000e+00
0.000000000000000000e+00
0.000000000000000000e+00
0.000000000000000000e+00
0.000000000000000000e+00
0.000000000000000000e+00
0.000000000000000000e+00
0.000000000000000000e+00
0.000000000000000000e+00
0.000000000000000000e+00
0.000000000000000000e+00
0.000000000000000000e+00
0.000000000000000000e+00
0.000000000000000000e+00
0.000000000000000000e+00
0.000000000000000000e+00
0.000000000000000000e+00
0.000000000000000000e+00
0.000000000000000000e+00
0.000000000000000000e+00
0.000000000000000000e+00
0.000000000000000000e+00
0.000000000000000000e+00
0.000000000000000000e+00
0.000000000000000000e+00
0.000000000000000000e+00
0.000000000000000000e+00
0.000000000000000000e+00
0.000000000000000000e+00
0.000000000000000000e+00
0.000000000000000000e+00
0.000000000000000000e+00
0.000000000000000000e+00
0.000000000000000000e+00
0.000000000000000000e+00
0.000000000000000000e+00
0.000000000000000000e+00
0.000000000000000000e+00
0.000000000000000000e+00
0.000000000000000000e+00
0.000000000000000000e+00
0.000000000000000000e+00
0.000000000000000000e+00
0.000000000000000000e+00
0.000000000000000000e+00
0.000000000000000000e+00
0.000000000000000000e+00
0.000000000000000000e+00
0.000000000000000000e+00
0.000000000000000000e+00
0.000000000000000000e+00
0.000000000000000000e+00
0.000000000000000000e+00
0.000000000000000000e+00
0.000000000000000000e+00
0.000000000000000000e+00
0.000000000000000000e+00
0.000000000000000000e+00
0.000000000000000000e+00
0.000000000000000000e+00
0.000000000000000000e+00
0.000000000000000000e+00
0.000000000000000000e+00
0.000000000000000000e+00
0.000000000000000000e+00
0.000000000000000000e+00
0.000000000000000000e+00
0.000000000000000000e+00
0.000000000000000000e+00
0.000000000000000000e+00
0.000000000000000000e+00
0.000000000000000000e+00
0.000000000000000000e+00
0.000000000000000000e+00
0.000000000000000000e+00
0.000000000000000000e+00
0.000000000000000000e+00
0.000000000000000000e+00
0.000000000000000000e+00
0.000000000000000000e+00
0.000000000000000000e+00
0.000000000000000000e+00
0.000000000000000000e+00
0.000000000000000000e+00
0.000000000000000000e+00
0.000000000000000000e+00
0.000000000000000000e+00
0.000000000000000000e+00
0.000000000000000000e+00
0.000000000000000000e+00
0.000000000000000000e+00
0.000000000000000000e+00
0.000000000000000000e+00
0.000000000000000000e+00
0.000000000000000000e+00
0.000000000000000000e+00
0.000000000000000000e+00
0.000000000000000000e+00
0.000000000000000000e+00
0.000000000000000000e+00
0.000000000000000000e+00
0.000000000000000000e+00
0.000000000000000000e+00
0.000000000000000000e+00
0.000000000000000000e+00
0.000000000000000000e+00
0.000000000000000000e+00
0.000000000000000000e+00
0.000000000000000000e+00
0.000000000000000000e+00
0.000000000000000000e+00
0.000000000000000000e+00
0.000000000000000000e+00
0.000000000000000000e+00
0.000000000000000000e+00
0.000000000000000000e+00
0.000000000000000000e+00
0.000000000000000000e+00
0.000000000000000000e+00
0.000000000000000000e+00
0.000000000000000000e+00
0.000000000000000000e+00
0.000000000000000000e+00
0.000000000000000000e+00
0.000000000000000000e+00
0.000000000000000000e+00
0.000000000000000000e+00
0.000000000000000000e+00
0.000000000000000000e+00
0.000000000000000000e+00
0.000000000000000000e+00
0.000000000000000000e+00
0.000000000000000000e+00
0.000000000000000000e+00
0.000000000000000000e+00
0.000000000000000000e+00
0.000000000000000000e+00
0.000000000000000000e+00
0.000000000000000000e+00
0.000000000000000000e+00
0.000000000000000000e+00
0.000000000000000000e+00
0.000000000000000000e+00
0.000000000000000000e+00
0.000000000000000000e+00
0.000000000000000000e+00
0.000000000000000000e+00
0.000000000000000000e+00
0.000000000000000000e+00
0.000000000000000000e+00
0.000000000000000000e+00
0.000000000000000000e+00
0.000000000000000000e+00
0.000000000000000000e+00
0.000000000000000000e+00
0.000000000000000000e+00
0.000000000000000000e+00
0.000000000000000000e+00
0.000000000000000000e+00
0.000000000000000000e+00
0.000000000000000000e+00
0.000000000000000000e+00
0.000000000000000000e+00
0.000000000000000000e+00
0.000000000000000000e+00
0.000000000000000000e+00
0.000000000000000000e+00
0.000000000000000000e+00
0.000000000000000000e+00
0.000000000000000000e+00
0.000000000000000000e+00
0.000000000000000000e+00
0.000000000000000000e+00
0.000000000000000000e+00
0.000000000000000000e+00
0.000000000000000000e+00
0.000000000000000000e+00
0.000000000000000000e+00
0.000000000000000000e+00
0.000000000000000000e+00
0.000000000000000000e+00
0.000000000000000000e+00
0.000000000000000000e+00
0.000000000000000000e+00
0.000000000000000000e+00
0.000000000000000000e+00
0.000000000000000000e+00
0.000000000000000000e+00
0.000000000000000000e+00
0.000000000000000000e+00
0.000000000000000000e+00
0.000000000000000000e+00
0.000000000000000000e+00
0.000000000000000000e+00
0.000000000000000000e+00
0.000000000000000000e+00
0.000000000000000000e+00
0.000000000000000000e+00
0.000000000000000000e+00
0.000000000000000000e+00
0.000000000000000000e+00
0.000000000000000000e+00
0.000000000000000000e+00
0.000000000000000000e+00
0.000000000000000000e+00
0.000000000000000000e+00
0.000000000000000000e+00
0.000000000000000000e+00
0.000000000000000000e+00
0.000000000000000000e+00
0.000000000000000000e+00
0.000000000000000000e+00
0.000000000000000000e+00
0.000000000000000000e+00
0.000000000000000000e+00
0.000000000000000000e+00
0.000000000000000000e+00
0.000000000000000000e+00
0.000000000000000000e+00
0.000000000000000000e+00
0.000000000000000000e+00
0.000000000000000000e+00
0.000000000000000000e+00
0.000000000000000000e+00
0.000000000000000000e+00
0.000000000000000000e+00
0.000000000000000000e+00
0.000000000000000000e+00
0.000000000000000000e+00
0.000000000000000000e+00
0.000000000000000000e+00
0.000000000000000000e+00
0.000000000000000000e+00
0.000000000000000000e+00
0.000000000000000000e+00
0.000000000000000000e+00
0.000000000000000000e+00
0.000000000000000000e+00
0.000000000000000000e+00
0.000000000000000000e+00
0.000000000000000000e+00
0.000000000000000000e+00
0.000000000000000000e+00
0.000000000000000000e+00
0.000000000000000000e+00
0.000000000000000000e+00
0.000000000000000000e+00
0.000000000000000000e+00
0.000000000000000000e+00
0.000000000000000000e+00
0.000000000000000000e+00
0.000000000000000000e+00
0.000000000000000000e+00
0.000000000000000000e+00
0.000000000000000000e+00
0.000000000000000000e+00
0.000000000000000000e+00
0.000000000000000000e+00
0.000000000000000000e+00
0.000000000000000000e+00
0.000000000000000000e+00
0.000000000000000000e+00
0.000000000000000000e+00
0.000000000000000000e+00
0.000000000000000000e+00
0.000000000000000000e+00
0.000000000000000000e+00
0.000000000000000000e+00
0.000000000000000000e+00
0.000000000000000000e+00
0.000000000000000000e+00
0.000000000000000000e+00
0.000000000000000000e+00
0.000000000000000000e+00
0.000000000000000000e+00
0.000000000000000000e+00
0.000000000000000000e+00
0.000000000000000000e+00
0.000000000000000000e+00
0.000000000000000000e+00
0.000000000000000000e+00
0.000000000000000000e+00
0.000000000000000000e+00
0.000000000000000000e+00
0.000000000000000000e+00
0.000000000000000000e+00
0.000000000000000000e+00
0.000000000000000000e+00
0.000000000000000000e+00
0.000000000000000000e+00
0.000000000000000000e+00
0.000000000000000000e+00
0.000000000000000000e+00
0.000000000000000000e+00
0.000000000000000000e+00
0.000000000000000000e+00
0.000000000000000000e+00
0.000000000000000000e+00
0.000000000000000000e+00
0.000000000000000000e+00
0.000000000000000000e+00
0.000000000000000000e+00
0.000000000000000000e+00
0.000000000000000000e+00
0.000000000000000000e+00
0.000000000000000000e+00
0.000000000000000000e+00
0.000000000000000000e+00
0.000000000000000000e+00
0.000000000000000000e+00
0.000000000000000000e+00
0.000000000000000000e+00
0.000000000000000000e+00
0.000000000000000000e+00
0.000000000000000000e+00
0.000000000000000000e+00
0.000000000000000000e+00
0.000000000000000000e+00
0.000000000000000000e+00
0.000000000000000000e+00
0.000000000000000000e+00
0.000000000000000000e+00
0.000000000000000000e+00
0.000000000000000000e+00
0.000000000000000000e+00
0.000000000000000000e+00
0.000000000000000000e+00
0.000000000000000000e+00
0.000000000000000000e+00
0.000000000000000000e+00
0.000000000000000000e+00
0.000000000000000000e+00
0.000000000000000000e+00
0.000000000000000000e+00
0.000000000000000000e+00
0.000000000000000000e+00
0.000000000000000000e+00
0.000000000000000000e+00
0.000000000000000000e+00
0.000000000000000000e+00
0.000000000000000000e+00
0.000000000000000000e+00
0.000000000000000000e+00
0.000000000000000000e+00
0.000000000000000000e+00
0.000000000000000000e+00
0.000000000000000000e+00
0.000000000000000000e+00
0.000000000000000000e+00
0.000000000000000000e+00
0.000000000000000000e+00
0.000000000000000000e+00
0.000000000000000000e+00
0.000000000000000000e+00
0.000000000000000000e+00
0.000000000000000000e+00
0.000000000000000000e+00
0.000000000000000000e+00
0.000000000000000000e+00
0.000000000000000000e+00
0.000000000000000000e+00
0.000000000000000000e+00
0.000000000000000000e+00
0.000000000000000000e+00
0.000000000000000000e+00
0.000000000000000000e+00
0.000000000000000000e+00
0.000000000000000000e+00
0.000000000000000000e+00
0.000000000000000000e+00
0.000000000000000000e+00
0.000000000000000000e+00
0.000000000000000000e+00
0.000000000000000000e+00
0.000000000000000000e+00
0.000000000000000000e+00
0.000000000000000000e+00
0.000000000000000000e+00
0.000000000000000000e+00
0.000000000000000000e+00
0.000000000000000000e+00
0.000000000000000000e+00
0.000000000000000000e+00
0.000000000000000000e+00
0.000000000000000000e+00
0.000000000000000000e+00
0.000000000000000000e+00
0.000000000000000000e+00
0.000000000000000000e+00
0.000000000000000000e+00
0.000000000000000000e+00
0.000000000000000000e+00
0.000000000000000000e+00
0.000000000000000000e+00
0.000000000000000000e+00
0.000000000000000000e+00
0.000000000000000000e+00
0.000000000000000000e+00
0.000000000000000000e+00
0.000000000000000000e+00
0.000000000000000000e+00
0.000000000000000000e+00
0.000000000000000000e+00
0.000000000000000000e+00
0.000000000000000000e+00
0.000000000000000000e+00
0.000000000000000000e+00
0.000000000000000000e+00
0.000000000000000000e+00
0.000000000000000000e+00
0.000000000000000000e+00
0.000000000000000000e+00
0.000000000000000000e+00
0.000000000000000000e+00
0.000000000000000000e+00
0.000000000000000000e+00
0.000000000000000000e+00
0.000000000000000000e+00
0.000000000000000000e+00
0.000000000000000000e+00
0.000000000000000000e+00
0.000000000000000000e+00
0.000000000000000000e+00
0.000000000000000000e+00
0.000000000000000000e+00
0.000000000000000000e+00
0.000000000000000000e+00
0.000000000000000000e+00
0.000000000000000000e+00
0.000000000000000000e+00
0.000000000000000000e+00
0.000000000000000000e+00
0.000000000000000000e+00
0.000000000000000000e+00
0.000000000000000000e+00
0.000000000000000000e+00
0.000000000000000000e+00
0.000000000000000000e+00
0.000000000000000000e+00
0.000000000000000000e+00
0.000000000000000000e+00
0.000000000000000000e+00
0.000000000000000000e+00
0.000000000000000000e+00
0.000000000000000000e+00
0.000000000000000000e+00
0.000000000000000000e+00
0.000000000000000000e+00
0.000000000000000000e+00
0.000000000000000000e+00
0.000000000000000000e+00
0.000000000000000000e+00
0.000000000000000000e+00
0.000000000000000000e+00
0.000000000000000000e+00
0.000000000000000000e+00
0.000000000000000000e+00
0.000000000000000000e+00
0.000000000000000000e+00
0.000000000000000000e+00
0.000000000000000000e+00
0.000000000000000000e+00
0.000000000000000000e+00
0.000000000000000000e+00
0.000000000000000000e+00
0.000000000000000000e+00
0.000000000000000000e+00
0.000000000000000000e+00
0.000000000000000000e+00
0.000000000000000000e+00
0.000000000000000000e+00
0.000000000000000000e+00
0.000000000000000000e+00
0.000000000000000000e+00
0.000000000000000000e+00
0.000000000000000000e+00
0.000000000000000000e+00
0.000000000000000000e+00
0.000000000000000000e+00
0.000000000000000000e+00
0.000000000000000000e+00
0.000000000000000000e+00
0.000000000000000000e+00
0.000000000000000000e+00
0.000000000000000000e+00
0.000000000000000000e+00
0.000000000000000000e+00
0.000000000000000000e+00
0.000000000000000000e+00
0.000000000000000000e+00
0.000000000000000000e+00
0.000000000000000000e+00
0.000000000000000000e+00
0.000000000000000000e+00
0.000000000000000000e+00
0.000000000000000000e+00
0.000000000000000000e+00
0.000000000000000000e+00
0.000000000000000000e+00
0.000000000000000000e+00
0.000000000000000000e+00
0.000000000000000000e+00
0.000000000000000000e+00
0.000000000000000000e+00
0.000000000000000000e+00
0.000000000000000000e+00
0.000000000000000000e+00
0.000000000000000000e+00
0.000000000000000000e+00
0.000000000000000000e+00
0.000000000000000000e+00
0.000000000000000000e+00
0.000000000000000000e+00
0.000000000000000000e+00
0.000000000000000000e+00
0.000000000000000000e+00
0.000000000000000000e+00
0.000000000000000000e+00
0.000000000000000000e+00
0.000000000000000000e+00
0.000000000000000000e+00
0.000000000000000000e+00
0.000000000000000000e+00
0.000000000000000000e+00
0.000000000000000000e+00
0.000000000000000000e+00
0.000000000000000000e+00
0.000000000000000000e+00
0.000000000000000000e+00
0.000000000000000000e+00
0.000000000000000000e+00
0.000000000000000000e+00
0.000000000000000000e+00
0.000000000000000000e+00
0.000000000000000000e+00
0.000000000000000000e+00
0.000000000000000000e+00
0.000000000000000000e+00
0.000000000000000000e+00
0.000000000000000000e+00
0.000000000000000000e+00
0.000000000000000000e+00
0.000000000000000000e+00
0.000000000000000000e+00
0.000000000000000000e+00
0.000000000000000000e+00
0.000000000000000000e+00
0.000000000000000000e+00
0.000000000000000000e+00
0.000000000000000000e+00
0.000000000000000000e+00
0.000000000000000000e+00
0.000000000000000000e+00
0.000000000000000000e+00
0.000000000000000000e+00
0.000000000000000000e+00
0.000000000000000000e+00
0.000000000000000000e+00
0.000000000000000000e+00
0.000000000000000000e+00
0.000000000000000000e+00
0.000000000000000000e+00
0.000000000000000000e+00
0.000000000000000000e+00
0.000000000000000000e+00
0.000000000000000000e+00
0.000000000000000000e+00
0.000000000000000000e+00
0.000000000000000000e+00
0.000000000000000000e+00
0.000000000000000000e+00
0.000000000000000000e+00
0.000000000000000000e+00
0.000000000000000000e+00
0.000000000000000000e+00
0.000000000000000000e+00
0.000000000000000000e+00
0.000000000000000000e+00
0.000000000000000000e+00
0.000000000000000000e+00
0.000000000000000000e+00
0.000000000000000000e+00
0.000000000000000000e+00
0.000000000000000000e+00
0.000000000000000000e+00
0.000000000000000000e+00
0.000000000000000000e+00
0.000000000000000000e+00
0.000000000000000000e+00
0.000000000000000000e+00
0.000000000000000000e+00
0.000000000000000000e+00
0.000000000000000000e+00
0.000000000000000000e+00
0.000000000000000000e+00
0.000000000000000000e+00
0.000000000000000000e+00
0.000000000000000000e+00
0.000000000000000000e+00
0.000000000000000000e+00
0.000000000000000000e+00
0.000000000000000000e+00
0.000000000000000000e+00
0.000000000000000000e+00
0.000000000000000000e+00
0.000000000000000000e+00
0.000000000000000000e+00
0.000000000000000000e+00
0.000000000000000000e+00
0.000000000000000000e+00
0.000000000000000000e+00
0.000000000000000000e+00
0.000000000000000000e+00
0.000000000000000000e+00
0.000000000000000000e+00
0.000000000000000000e+00
0.000000000000000000e+00
0.000000000000000000e+00
0.000000000000000000e+00
0.000000000000000000e+00
0.000000000000000000e+00
0.000000000000000000e+00
0.000000000000000000e+00
0.000000000000000000e+00
0.000000000000000000e+00
0.000000000000000000e+00
0.000000000000000000e+00
0.000000000000000000e+00
0.000000000000000000e+00
0.000000000000000000e+00
0.000000000000000000e+00
0.000000000000000000e+00
0.000000000000000000e+00
0.000000000000000000e+00
0.000000000000000000e+00
0.000000000000000000e+00
0.000000000000000000e+00
0.000000000000000000e+00
0.000000000000000000e+00
0.000000000000000000e+00
0.000000000000000000e+00
0.000000000000000000e+00
0.000000000000000000e+00
0.000000000000000000e+00
0.000000000000000000e+00
0.000000000000000000e+00
0.000000000000000000e+00
0.000000000000000000e+00
0.000000000000000000e+00
0.000000000000000000e+00
0.000000000000000000e+00
0.000000000000000000e+00
0.000000000000000000e+00
0.000000000000000000e+00
0.000000000000000000e+00
0.000000000000000000e+00
0.000000000000000000e+00
0.000000000000000000e+00
0.000000000000000000e+00
0.000000000000000000e+00
0.000000000000000000e+00
0.000000000000000000e+00
0.000000000000000000e+00
0.000000000000000000e+00
0.000000000000000000e+00
0.000000000000000000e+00
0.000000000000000000e+00
0.000000000000000000e+00
0.000000000000000000e+00
0.000000000000000000e+00
0.000000000000000000e+00
0.000000000000000000e+00
0.000000000000000000e+00
0.000000000000000000e+00
0.000000000000000000e+00
0.000000000000000000e+00
0.000000000000000000e+00
0.000000000000000000e+00
0.000000000000000000e+00
0.000000000000000000e+00
0.000000000000000000e+00
0.000000000000000000e+00
0.000000000000000000e+00
0.000000000000000000e+00
0.000000000000000000e+00
0.000000000000000000e+00
0.000000000000000000e+00
0.000000000000000000e+00
0.000000000000000000e+00
0.000000000000000000e+00
0.000000000000000000e+00
0.000000000000000000e+00
0.000000000000000000e+00
0.000000000000000000e+00
0.000000000000000000e+00
0.000000000000000000e+00
0.000000000000000000e+00
0.000000000000000000e+00
0.000000000000000000e+00
0.000000000000000000e+00
0.000000000000000000e+00
0.000000000000000000e+00
0.000000000000000000e+00
0.000000000000000000e+00
0.000000000000000000e+00
0.000000000000000000e+00
0.000000000000000000e+00
0.000000000000000000e+00
0.000000000000000000e+00
0.000000000000000000e+00
0.000000000000000000e+00
0.000000000000000000e+00
0.000000000000000000e+00
0.000000000000000000e+00
0.000000000000000000e+00
0.000000000000000000e+00
0.000000000000000000e+00
0.000000000000000000e+00
0.000000000000000000e+00
0.000000000000000000e+00
0.000000000000000000e+00
0.000000000000000000e+00
0.000000000000000000e+00
0.000000000000000000e+00
0.000000000000000000e+00
0.000000000000000000e+00
0.000000000000000000e+00
0.000000000000000000e+00
0.000000000000000000e+00
0.000000000000000000e+00
0.000000000000000000e+00
0.000000000000000000e+00
0.000000000000000000e+00
0.000000000000000000e+00
0.000000000000000000e+00
0.000000000000000000e+00
0.000000000000000000e+00
0.000000000000000000e+00
0.000000000000000000e+00
0.000000000000000000e+00
0.000000000000000000e+00
0.000000000000000000e+00
0.000000000000000000e+00
0.000000000000000000e+00
0.000000000000000000e+00
0.000000000000000000e+00
0.000000000000000000e+00
0.000000000000000000e+00
0.000000000000000000e+00
0.000000000000000000e+00
0.000000000000000000e+00
0.000000000000000000e+00
0.000000000000000000e+00
0.000000000000000000e+00
0.000000000000000000e+00
0.000000000000000000e+00
0.000000000000000000e+00
0.000000000000000000e+00
0.000000000000000000e+00
0.000000000000000000e+00
0.000000000000000000e+00
0.000000000000000000e+00
0.000000000000000000e+00
0.000000000000000000e+00
0.000000000000000000e+00
0.000000000000000000e+00
0.000000000000000000e+00
0.000000000000000000e+00
0.000000000000000000e+00
0.000000000000000000e+00
0.000000000000000000e+00
0.000000000000000000e+00
0.000000000000000000e+00
0.000000000000000000e+00
0.000000000000000000e+00
0.000000000000000000e+00
0.000000000000000000e+00
0.000000000000000000e+00
0.000000000000000000e+00
0.000000000000000000e+00
0.000000000000000000e+00
0.000000000000000000e+00
0.000000000000000000e+00
0.000000000000000000e+00
0.000000000000000000e+00
0.000000000000000000e+00
0.000000000000000000e+00
0.000000000000000000e+00
0.000000000000000000e+00
0.000000000000000000e+00
0.000000000000000000e+00
0.000000000000000000e+00
0.000000000000000000e+00
0.000000000000000000e+00
0.000000000000000000e+00
0.000000000000000000e+00
0.000000000000000000e+00
0.000000000000000000e+00
0.000000000000000000e+00
0.000000000000000000e+00
0.000000000000000000e+00
0.000000000000000000e+00
0.000000000000000000e+00
0.000000000000000000e+00
0.000000000000000000e+00
0.000000000000000000e+00
0.000000000000000000e+00
0.000000000000000000e+00
0.000000000000000000e+00
0.000000000000000000e+00
0.000000000000000000e+00
0.000000000000000000e+00
0.000000000000000000e+00
0.000000000000000000e+00
0.000000000000000000e+00
0.000000000000000000e+00
0.000000000000000000e+00
0.000000000000000000e+00
0.000000000000000000e+00
0.000000000000000000e+00
0.000000000000000000e+00
0.000000000000000000e+00
0.000000000000000000e+00
0.000000000000000000e+00
0.000000000000000000e+00
0.000000000000000000e+00
0.000000000000000000e+00
0.000000000000000000e+00
0.000000000000000000e+00
0.000000000000000000e+00
0.000000000000000000e+00
0.000000000000000000e+00
0.000000000000000000e+00
0.000000000000000000e+00
0.000000000000000000e+00
0.000000000000000000e+00
0.000000000000000000e+00
0.000000000000000000e+00
0.000000000000000000e+00
0.000000000000000000e+00
0.000000000000000000e+00
0.000000000000000000e+00
0.000000000000000000e+00
0.000000000000000000e+00
0.000000000000000000e+00
0.000000000000000000e+00
0.000000000000000000e+00
0.000000000000000000e+00
0.000000000000000000e+00
0.000000000000000000e+00
0.000000000000000000e+00
0.000000000000000000e+00
0.000000000000000000e+00
0.000000000000000000e+00
0.000000000000000000e+00
0.000000000000000000e+00
0.000000000000000000e+00
0.000000000000000000e+00
0.000000000000000000e+00
0.000000000000000000e+00
0.000000000000000000e+00
0.000000000000000000e+00
0.000000000000000000e+00
0.000000000000000000e+00
0.000000000000000000e+00
0.000000000000000000e+00
0.000000000000000000e+00
0.000000000000000000e+00
0.000000000000000000e+00
0.000000000000000000e+00
0.000000000000000000e+00
0.000000000000000000e+00
0.000000000000000000e+00
0.000000000000000000e+00
0.000000000000000000e+00
0.000000000000000000e+00
0.000000000000000000e+00
0.000000000000000000e+00
0.000000000000000000e+00
0.000000000000000000e+00
0.000000000000000000e+00
0.000000000000000000e+00
0.000000000000000000e+00
0.000000000000000000e+00
0.000000000000000000e+00
0.000000000000000000e+00
0.000000000000000000e+00
0.000000000000000000e+00
0.000000000000000000e+00
0.000000000000000000e+00
0.000000000000000000e+00
0.000000000000000000e+00
0.000000000000000000e+00
0.000000000000000000e+00
0.000000000000000000e+00
0.000000000000000000e+00
0.000000000000000000e+00
0.000000000000000000e+00
0.000000000000000000e+00
0.000000000000000000e+00
0.000000000000000000e+00
0.000000000000000000e+00
0.000000000000000000e+00
0.000000000000000000e+00
0.000000000000000000e+00
0.000000000000000000e+00
0.000000000000000000e+00
0.000000000000000000e+00
0.000000000000000000e+00
0.000000000000000000e+00
0.000000000000000000e+00
0.000000000000000000e+00
0.000000000000000000e+00
0.000000000000000000e+00
0.000000000000000000e+00
0.000000000000000000e+00
0.000000000000000000e+00
0.000000000000000000e+00
0.000000000000000000e+00
0.000000000000000000e+00
0.000000000000000000e+00
0.000000000000000000e+00
0.000000000000000000e+00
0.000000000000000000e+00
0.000000000000000000e+00
0.000000000000000000e+00
0.000000000000000000e+00
0.000000000000000000e+00
0.000000000000000000e+00
0.000000000000000000e+00
0.000000000000000000e+00
0.000000000000000000e+00
0.000000000000000000e+00
0.000000000000000000e+00
0.000000000000000000e+00
0.000000000000000000e+00
0.000000000000000000e+00
0.000000000000000000e+00
0.000000000000000000e+00
0.000000000000000000e+00
0.000000000000000000e+00
0.000000000000000000e+00
0.000000000000000000e+00
0.000000000000000000e+00
0.000000000000000000e+00
0.000000000000000000e+00
0.000000000000000000e+00
0.000000000000000000e+00
0.000000000000000000e+00
0.000000000000000000e+00
0.000000000000000000e+00
0.000000000000000000e+00
0.000000000000000000e+00
0.000000000000000000e+00
0.000000000000000000e+00
0.000000000000000000e+00
0.000000000000000000e+00
0.000000000000000000e+00
0.000000000000000000e+00
0.000000000000000000e+00
0.000000000000000000e+00
0.000000000000000000e+00
0.000000000000000000e+00
0.000000000000000000e+00
0.000000000000000000e+00
0.000000000000000000e+00
0.000000000000000000e+00
0.000000000000000000e+00
0.000000000000000000e+00
0.000000000000000000e+00
0.000000000000000000e+00
0.000000000000000000e+00
0.000000000000000000e+00
0.000000000000000000e+00
0.000000000000000000e+00
0.000000000000000000e+00
0.000000000000000000e+00
0.000000000000000000e+00
0.000000000000000000e+00
0.000000000000000000e+00
0.000000000000000000e+00
0.000000000000000000e+00
0.000000000000000000e+00
0.000000000000000000e+00
0.000000000000000000e+00
0.000000000000000000e+00
0.000000000000000000e+00
0.000000000000000000e+00
0.000000000000000000e+00
0.000000000000000000e+00
0.000000000000000000e+00
0.000000000000000000e+00
0.000000000000000000e+00
0.000000000000000000e+00
0.000000000000000000e+00
0.000000000000000000e+00
0.000000000000000000e+00
0.000000000000000000e+00
0.000000000000000000e+00
0.000000000000000000e+00
0.000000000000000000e+00
0.000000000000000000e+00
0.000000000000000000e+00
0.000000000000000000e+00
0.000000000000000000e+00
0.000000000000000000e+00
0.000000000000000000e+00
0.000000000000000000e+00
0.000000000000000000e+00
0.000000000000000000e+00
0.000000000000000000e+00
0.000000000000000000e+00
0.000000000000000000e+00
0.000000000000000000e+00
0.000000000000000000e+00
0.000000000000000000e+00
0.000000000000000000e+00
0.000000000000000000e+00
0.000000000000000000e+00
0.000000000000000000e+00
0.000000000000000000e+00
0.000000000000000000e+00
0.000000000000000000e+00
0.000000000000000000e+00
0.000000000000000000e+00
0.000000000000000000e+00
0.000000000000000000e+00
0.000000000000000000e+00
0.000000000000000000e+00
0.000000000000000000e+00
0.000000000000000000e+00
0.000000000000000000e+00
0.000000000000000000e+00
0.000000000000000000e+00
0.000000000000000000e+00
0.000000000000000000e+00
0.000000000000000000e+00
0.000000000000000000e+00
0.000000000000000000e+00
0.000000000000000000e+00
0.000000000000000000e+00
0.000000000000000000e+00
0.000000000000000000e+00
0.000000000000000000e+00
0.000000000000000000e+00
0.000000000000000000e+00
0.000000000000000000e+00
0.000000000000000000e+00
0.000000000000000000e+00
0.000000000000000000e+00
0.000000000000000000e+00
0.000000000000000000e+00
0.000000000000000000e+00
0.000000000000000000e+00
0.000000000000000000e+00
0.000000000000000000e+00
0.000000000000000000e+00
0.000000000000000000e+00
0.000000000000000000e+00
0.000000000000000000e+00
0.000000000000000000e+00
0.000000000000000000e+00
0.000000000000000000e+00
0.000000000000000000e+00
0.000000000000000000e+00
0.000000000000000000e+00
0.000000000000000000e+00
0.000000000000000000e+00
0.000000000000000000e+00
0.000000000000000000e+00
0.000000000000000000e+00
0.000000000000000000e+00
0.000000000000000000e+00
0.000000000000000000e+00
0.000000000000000000e+00
0.000000000000000000e+00
0.000000000000000000e+00
0.000000000000000000e+00
0.000000000000000000e+00
0.000000000000000000e+00
0.000000000000000000e+00
0.000000000000000000e+00
0.000000000000000000e+00
0.000000000000000000e+00
0.000000000000000000e+00
0.000000000000000000e+00
0.000000000000000000e+00
0.000000000000000000e+00
0.000000000000000000e+00
0.000000000000000000e+00
0.000000000000000000e+00
0.000000000000000000e+00
0.000000000000000000e+00
0.000000000000000000e+00
0.000000000000000000e+00
0.000000000000000000e+00
0.000000000000000000e+00
0.000000000000000000e+00
0.000000000000000000e+00
0.000000000000000000e+00
0.000000000000000000e+00
0.000000000000000000e+00
0.000000000000000000e+00
0.000000000000000000e+00
0.000000000000000000e+00
0.000000000000000000e+00
0.000000000000000000e+00
0.000000000000000000e+00
0.000000000000000000e+00
0.000000000000000000e+00
0.000000000000000000e+00
0.000000000000000000e+00
0.000000000000000000e+00
0.000000000000000000e+00
0.000000000000000000e+00
0.000000000000000000e+00
0.000000000000000000e+00
0.000000000000000000e+00
0.000000000000000000e+00
0.000000000000000000e+00
0.000000000000000000e+00
0.000000000000000000e+00
0.000000000000000000e+00
0.000000000000000000e+00
0.000000000000000000e+00
0.000000000000000000e+00
0.000000000000000000e+00
0.000000000000000000e+00
0.000000000000000000e+00
0.000000000000000000e+00
0.000000000000000000e+00
0.000000000000000000e+00
0.000000000000000000e+00
0.000000000000000000e+00
0.000000000000000000e+00
0.000000000000000000e+00
0.000000000000000000e+00
0.000000000000000000e+00
0.000000000000000000e+00
0.000000000000000000e+00
0.000000000000000000e+00
0.000000000000000000e+00
0.000000000000000000e+00
0.000000000000000000e+00
0.000000000000000000e+00
0.000000000000000000e+00
0.000000000000000000e+00
0.000000000000000000e+00
0.000000000000000000e+00
0.000000000000000000e+00
0.000000000000000000e+00
0.000000000000000000e+00
0.000000000000000000e+00
0.000000000000000000e+00
0.000000000000000000e+00
0.000000000000000000e+00
0.000000000000000000e+00
0.000000000000000000e+00
0.000000000000000000e+00
0.000000000000000000e+00
0.000000000000000000e+00
0.000000000000000000e+00
0.000000000000000000e+00
0.000000000000000000e+00
0.000000000000000000e+00
0.000000000000000000e+00
0.000000000000000000e+00
0.000000000000000000e+00
0.000000000000000000e+00
0.000000000000000000e+00
0.000000000000000000e+00
0.000000000000000000e+00
0.000000000000000000e+00
0.000000000000000000e+00
0.000000000000000000e+00
0.000000000000000000e+00
0.000000000000000000e+00
0.000000000000000000e+00
0.000000000000000000e+00
0.000000000000000000e+00
0.000000000000000000e+00
0.000000000000000000e+00
0.000000000000000000e+00
0.000000000000000000e+00
0.000000000000000000e+00
0.000000000000000000e+00
0.000000000000000000e+00
0.000000000000000000e+00
0.000000000000000000e+00
0.000000000000000000e+00
0.000000000000000000e+00
0.000000000000000000e+00
0.000000000000000000e+00
0.000000000000000000e+00
0.000000000000000000e+00
0.000000000000000000e+00
0.000000000000000000e+00
0.000000000000000000e+00
0.000000000000000000e+00
0.000000000000000000e+00
0.000000000000000000e+00
0.000000000000000000e+00
0.000000000000000000e+00
0.000000000000000000e+00
0.000000000000000000e+00
0.000000000000000000e+00
0.000000000000000000e+00
0.000000000000000000e+00
0.000000000000000000e+00
0.000000000000000000e+00
0.000000000000000000e+00
0.000000000000000000e+00
0.000000000000000000e+00
0.000000000000000000e+00
0.000000000000000000e+00
0.000000000000000000e+00
0.000000000000000000e+00
0.000000000000000000e+00
0.000000000000000000e+00
0.000000000000000000e+00
0.000000000000000000e+00
0.000000000000000000e+00
0.000000000000000000e+00
0.000000000000000000e+00
0.000000000000000000e+00
0.000000000000000000e+00
0.000000000000000000e+00
0.000000000000000000e+00
0.000000000000000000e+00
0.000000000000000000e+00
0.000000000000000000e+00
0.000000000000000000e+00
0.000000000000000000e+00
0.000000000000000000e+00
0.000000000000000000e+00
0.000000000000000000e+00
0.000000000000000000e+00
0.000000000000000000e+00
0.000000000000000000e+00
0.000000000000000000e+00
0.000000000000000000e+00
0.000000000000000000e+00
0.000000000000000000e+00
0.000000000000000000e+00
0.000000000000000000e+00
0.000000000000000000e+00
0.000000000000000000e+00
0.000000000000000000e+00
0.000000000000000000e+00
0.000000000000000000e+00
0.000000000000000000e+00
0.000000000000000000e+00
0.000000000000000000e+00
0.000000000000000000e+00
0.000000000000000000e+00
0.000000000000000000e+00
0.000000000000000000e+00
0.000000000000000000e+00
0.000000000000000000e+00
0.000000000000000000e+00
0.000000000000000000e+00
0.000000000000000000e+00
0.000000000000000000e+00
0.000000000000000000e+00
0.000000000000000000e+00
0.000000000000000000e+00
0.000000000000000000e+00
0.000000000000000000e+00
0.000000000000000000e+00
0.000000000000000000e+00
0.000000000000000000e+00
0.000000000000000000e+00
0.000000000000000000e+00
0.000000000000000000e+00
0.000000000000000000e+00
0.000000000000000000e+00
0.000000000000000000e+00
0.000000000000000000e+00
0.000000000000000000e+00
0.000000000000000000e+00
0.000000000000000000e+00
0.000000000000000000e+00
0.000000000000000000e+00
0.000000000000000000e+00
0.000000000000000000e+00
0.000000000000000000e+00
0.000000000000000000e+00
0.000000000000000000e+00
0.000000000000000000e+00
0.000000000000000000e+00
0.000000000000000000e+00
0.000000000000000000e+00
0.000000000000000000e+00
0.000000000000000000e+00
0.000000000000000000e+00
0.000000000000000000e+00
0.000000000000000000e+00
0.000000000000000000e+00
0.000000000000000000e+00
0.000000000000000000e+00
0.000000000000000000e+00
0.000000000000000000e+00
0.000000000000000000e+00
0.000000000000000000e+00
0.000000000000000000e+00
0.000000000000000000e+00
0.000000000000000000e+00
0.000000000000000000e+00
0.000000000000000000e+00
0.000000000000000000e+00
0.000000000000000000e+00
0.000000000000000000e+00
0.000000000000000000e+00
0.000000000000000000e+00
0.000000000000000000e+00
0.000000000000000000e+00
0.000000000000000000e+00
0.000000000000000000e+00
0.000000000000000000e+00
0.000000000000000000e+00
0.000000000000000000e+00
0.000000000000000000e+00
0.000000000000000000e+00
0.000000000000000000e+00
0.000000000000000000e+00
0.000000000000000000e+00
0.000000000000000000e+00
0.000000000000000000e+00
0.000000000000000000e+00
0.000000000000000000e+00
0.000000000000000000e+00
0.000000000000000000e+00
0.000000000000000000e+00
0.000000000000000000e+00
0.000000000000000000e+00
0.000000000000000000e+00
0.000000000000000000e+00
0.000000000000000000e+00
0.000000000000000000e+00
0.000000000000000000e+00
0.000000000000000000e+00
0.000000000000000000e+00
0.000000000000000000e+00
0.000000000000000000e+00
0.000000000000000000e+00
0.000000000000000000e+00
0.000000000000000000e+00
0.000000000000000000e+00
0.000000000000000000e+00
0.000000000000000000e+00
0.000000000000000000e+00
0.000000000000000000e+00
0.000000000000000000e+00
0.000000000000000000e+00
0.000000000000000000e+00
0.000000000000000000e+00
0.000000000000000000e+00
0.000000000000000000e+00
0.000000000000000000e+00
0.000000000000000000e+00
0.000000000000000000e+00
0.000000000000000000e+00
0.000000000000000000e+00
0.000000000000000000e+00
0.000000000000000000e+00
0.000000000000000000e+00
0.000000000000000000e+00
0.000000000000000000e+00
0.000000000000000000e+00
0.000000000000000000e+00
0.000000000000000000e+00
0.000000000000000000e+00
0.000000000000000000e+00
0.000000000000000000e+00
0.000000000000000000e+00
0.000000000000000000e+00
0.000000000000000000e+00
0.000000000000000000e+00
0.000000000000000000e+00
0.000000000000000000e+00
0.000000000000000000e+00
0.000000000000000000e+00
0.000000000000000000e+00
0.000000000000000000e+00
0.000000000000000000e+00
0.000000000000000000e+00
0.000000000000000000e+00
0.000000000000000000e+00
0.000000000000000000e+00
0.000000000000000000e+00
0.000000000000000000e+00
0.000000000000000000e+00
0.000000000000000000e+00
0.000000000000000000e+00
0.000000000000000000e+00
0.000000000000000000e+00
0.000000000000000000e+00
0.000000000000000000e+00
0.000000000000000000e+00
0.000000000000000000e+00
0.000000000000000000e+00
0.000000000000000000e+00
0.000000000000000000e+00
0.000000000000000000e+00
0.000000000000000000e+00
0.000000000000000000e+00
0.000000000000000000e+00
0.000000000000000000e+00
0.000000000000000000e+00
0.000000000000000000e+00
0.000000000000000000e+00
0.000000000000000000e+00
0.000000000000000000e+00
0.000000000000000000e+00
0.000000000000000000e+00
0.000000000000000000e+00
0.000000000000000000e+00
0.000000000000000000e+00
0.000000000000000000e+00
0.000000000000000000e+00
0.000000000000000000e+00
0.000000000000000000e+00
0.000000000000000000e+00
0.000000000000000000e+00
0.000000000000000000e+00
0.000000000000000000e+00
0.000000000000000000e+00
0.000000000000000000e+00
0.000000000000000000e+00
0.000000000000000000e+00
0.000000000000000000e+00
0.000000000000000000e+00
0.000000000000000000e+00
0.000000000000000000e+00
0.000000000000000000e+00
0.000000000000000000e+00
0.000000000000000000e+00
0.000000000000000000e+00
0.000000000000000000e+00
0.000000000000000000e+00
0.000000000000000000e+00
0.000000000000000000e+00
0.000000000000000000e+00
0.000000000000000000e+00
0.000000000000000000e+00
0.000000000000000000e+00
0.000000000000000000e+00
0.000000000000000000e+00
0.000000000000000000e+00
0.000000000000000000e+00
0.000000000000000000e+00
0.000000000000000000e+00
0.000000000000000000e+00
0.000000000000000000e+00
0.000000000000000000e+00
0.000000000000000000e+00
0.000000000000000000e+00
0.000000000000000000e+00
0.000000000000000000e+00
0.000000000000000000e+00
0.000000000000000000e+00
0.000000000000000000e+00
0.000000000000000000e+00
0.000000000000000000e+00
0.000000000000000000e+00
0.000000000000000000e+00
0.000000000000000000e+00
0.000000000000000000e+00
0.000000000000000000e+00
0.000000000000000000e+00
0.000000000000000000e+00
0.000000000000000000e+00
0.000000000000000000e+00
0.000000000000000000e+00
0.000000000000000000e+00
0.000000000000000000e+00
0.000000000000000000e+00
0.000000000000000000e+00
0.000000000000000000e+00
0.000000000000000000e+00
0.000000000000000000e+00
0.000000000000000000e+00
0.000000000000000000e+00
0.000000000000000000e+00
0.000000000000000000e+00
0.000000000000000000e+00
0.000000000000000000e+00
0.000000000000000000e+00
0.000000000000000000e+00
0.000000000000000000e+00
0.000000000000000000e+00
0.000000000000000000e+00
0.000000000000000000e+00
0.000000000000000000e+00
0.000000000000000000e+00
0.000000000000000000e+00
0.000000000000000000e+00
0.000000000000000000e+00
0.000000000000000000e+00
0.000000000000000000e+00
0.000000000000000000e+00
0.000000000000000000e+00
0.000000000000000000e+00
0.000000000000000000e+00
0.000000000000000000e+00
0.000000000000000000e+00
0.000000000000000000e+00
0.000000000000000000e+00
0.000000000000000000e+00
0.000000000000000000e+00
0.000000000000000000e+00
0.000000000000000000e+00
0.000000000000000000e+00
0.000000000000000000e+00
0.000000000000000000e+00
0.000000000000000000e+00
0.000000000000000000e+00
0.000000000000000000e+00
0.000000000000000000e+00
0.000000000000000000e+00
0.000000000000000000e+00
0.000000000000000000e+00
0.000000000000000000e+00
0.000000000000000000e+00
0.000000000000000000e+00
0.000000000000000000e+00
0.000000000000000000e+00
0.000000000000000000e+00
0.000000000000000000e+00
0.000000000000000000e+00
0.000000000000000000e+00
0.000000000000000000e+00
0.000000000000000000e+00
0.000000000000000000e+00
0.000000000000000000e+00
0.000000000000000000e+00
0.000000000000000000e+00
0.000000000000000000e+00
0.000000000000000000e+00
0.000000000000000000e+00
0.000000000000000000e+00
0.000000000000000000e+00
0.000000000000000000e+00
0.000000000000000000e+00
0.000000000000000000e+00
0.000000000000000000e+00
0.000000000000000000e+00
0.000000000000000000e+00
0.000000000000000000e+00
0.000000000000000000e+00
0.000000000000000000e+00
0.000000000000000000e+00
0.000000000000000000e+00
0.000000000000000000e+00
0.000000000000000000e+00
0.000000000000000000e+00
0.000000000000000000e+00
0.000000000000000000e+00
0.000000000000000000e+00
0.000000000000000000e+00
0.000000000000000000e+00
0.000000000000000000e+00
0.000000000000000000e+00
0.000000000000000000e+00
0.000000000000000000e+00
0.000000000000000000e+00
0.000000000000000000e+00
0.000000000000000000e+00
0.000000000000000000e+00
0.000000000000000000e+00
0.000000000000000000e+00
0.000000000000000000e+00
0.000000000000000000e+00
0.000000000000000000e+00
0.000000000000000000e+00
0.000000000000000000e+00
0.000000000000000000e+00
0.000000000000000000e+00
0.000000000000000000e+00
0.000000000000000000e+00
0.000000000000000000e+00
0.000000000000000000e+00
0.000000000000000000e+00
0.000000000000000000e+00
0.000000000000000000e+00
0.000000000000000000e+00
0.000000000000000000e+00
0.000000000000000000e+00
0.000000000000000000e+00
0.000000000000000000e+00
0.000000000000000000e+00
0.000000000000000000e+00
0.000000000000000000e+00
0.000000000000000000e+00
0.000000000000000000e+00
0.000000000000000000e+00
0.000000000000000000e+00
0.000000000000000000e+00
0.000000000000000000e+00
0.000000000000000000e+00
0.000000000000000000e+00
0.000000000000000000e+00
0.000000000000000000e+00
0.000000000000000000e+00
0.000000000000000000e+00
0.000000000000000000e+00
0.000000000000000000e+00
0.000000000000000000e+00
0.000000000000000000e+00
0.000000000000000000e+00
0.000000000000000000e+00
0.000000000000000000e+00
0.000000000000000000e+00
0.000000000000000000e+00
0.000000000000000000e+00
0.000000000000000000e+00
0.000000000000000000e+00
0.000000000000000000e+00
0.000000000000000000e+00
0.000000000000000000e+00
0.000000000000000000e+00
0.000000000000000000e+00
0.000000000000000000e+00
0.000000000000000000e+00
0.000000000000000000e+00
0.000000000000000000e+00
0.000000000000000000e+00
0.000000000000000000e+00
0.000000000000000000e+00
0.000000000000000000e+00
0.000000000000000000e+00
0.000000000000000000e+00
0.000000000000000000e+00
0.000000000000000000e+00
0.000000000000000000e+00
0.000000000000000000e+00
0.000000000000000000e+00
0.000000000000000000e+00
0.000000000000000000e+00
0.000000000000000000e+00
0.000000000000000000e+00
0.000000000000000000e+00
0.000000000000000000e+00
0.000000000000000000e+00
0.000000000000000000e+00
0.000000000000000000e+00
0.000000000000000000e+00
0.000000000000000000e+00
0.000000000000000000e+00
0.000000000000000000e+00
0.000000000000000000e+00
0.000000000000000000e+00
0.000000000000000000e+00
0.000000000000000000e+00
0.000000000000000000e+00
0.000000000000000000e+00
0.000000000000000000e+00
0.000000000000000000e+00
0.000000000000000000e+00
0.000000000000000000e+00
0.000000000000000000e+00
0.000000000000000000e+00
0.000000000000000000e+00
0.000000000000000000e+00
0.000000000000000000e+00
0.000000000000000000e+00
0.000000000000000000e+00
0.000000000000000000e+00
0.000000000000000000e+00
0.000000000000000000e+00
0.000000000000000000e+00
0.000000000000000000e+00
0.000000000000000000e+00
0.000000000000000000e+00
0.000000000000000000e+00
0.000000000000000000e+00
0.000000000000000000e+00
0.000000000000000000e+00
0.000000000000000000e+00
0.000000000000000000e+00
0.000000000000000000e+00
0.000000000000000000e+00
0.000000000000000000e+00
0.000000000000000000e+00
0.000000000000000000e+00
0.000000000000000000e+00
0.000000000000000000e+00
0.000000000000000000e+00
0.000000000000000000e+00
0.000000000000000000e+00
0.000000000000000000e+00
0.000000000000000000e+00
0.000000000000000000e+00
0.000000000000000000e+00
0.000000000000000000e+00
0.000000000000000000e+00
0.000000000000000000e+00
0.000000000000000000e+00
0.000000000000000000e+00
0.000000000000000000e+00
0.000000000000000000e+00
0.000000000000000000e+00
0.000000000000000000e+00
0.000000000000000000e+00
0.000000000000000000e+00
0.000000000000000000e+00
0.000000000000000000e+00
0.000000000000000000e+00
0.000000000000000000e+00
0.000000000000000000e+00
0.000000000000000000e+00
0.000000000000000000e+00
0.000000000000000000e+00
0.000000000000000000e+00
0.000000000000000000e+00
0.000000000000000000e+00
0.000000000000000000e+00
0.000000000000000000e+00
0.000000000000000000e+00
0.000000000000000000e+00
0.000000000000000000e+00
0.000000000000000000e+00
0.000000000000000000e+00
0.000000000000000000e+00
0.000000000000000000e+00
0.000000000000000000e+00
0.000000000000000000e+00
0.000000000000000000e+00
0.000000000000000000e+00
0.000000000000000000e+00
0.000000000000000000e+00
0.000000000000000000e+00
0.000000000000000000e+00
0.000000000000000000e+00
0.000000000000000000e+00
0.000000000000000000e+00
0.000000000000000000e+00
0.000000000000000000e+00
0.000000000000000000e+00
0.000000000000000000e+00
0.000000000000000000e+00
0.000000000000000000e+00
0.000000000000000000e+00
0.000000000000000000e+00
0.000000000000000000e+00
0.000000000000000000e+00
0.000000000000000000e+00
0.000000000000000000e+00
0.000000000000000000e+00
0.000000000000000000e+00
0.000000000000000000e+00
0.000000000000000000e+00
0.000000000000000000e+00
0.000000000000000000e+00
0.000000000000000000e+00
0.000000000000000000e+00
0.000000000000000000e+00
0.000000000000000000e+00
0.000000000000000000e+00
0.000000000000000000e+00
0.000000000000000000e+00
0.000000000000000000e+00
0.000000000000000000e+00
0.000000000000000000e+00
0.000000000000000000e+00
0.000000000000000000e+00
0.000000000000000000e+00
0.000000000000000000e+00
0.000000000000000000e+00
0.000000000000000000e+00
0.000000000000000000e+00
0.000000000000000000e+00
0.000000000000000000e+00
0.000000000000000000e+00
0.000000000000000000e+00
0.000000000000000000e+00
0.000000000000000000e+00
0.000000000000000000e+00
0.000000000000000000e+00
0.000000000000000000e+00
0.000000000000000000e+00
0.000000000000000000e+00
0.000000000000000000e+00
0.000000000000000000e+00
0.000000000000000000e+00
0.000000000000000000e+00
0.000000000000000000e+00
0.000000000000000000e+00
0.000000000000000000e+00
0.000000000000000000e+00
0.000000000000000000e+00
0.000000000000000000e+00
0.000000000000000000e+00
0.000000000000000000e+00
0.000000000000000000e+00
0.000000000000000000e+00
0.000000000000000000e+00
0.000000000000000000e+00
0.000000000000000000e+00
0.000000000000000000e+00
0.000000000000000000e+00
0.000000000000000000e+00
0.000000000000000000e+00
0.000000000000000000e+00
0.000000000000000000e+00
0.000000000000000000e+00
0.000000000000000000e+00
0.000000000000000000e+00
0.000000000000000000e+00
0.000000000000000000e+00
0.000000000000000000e+00
0.000000000000000000e+00
0.000000000000000000e+00
0.000000000000000000e+00
0.000000000000000000e+00
0.000000000000000000e+00
0.000000000000000000e+00
0.000000000000000000e+00
0.000000000000000000e+00
0.000000000000000000e+00
0.000000000000000000e+00
0.000000000000000000e+00
0.000000000000000000e+00
0.000000000000000000e+00
0.000000000000000000e+00
0.000000000000000000e+00
0.000000000000000000e+00
0.000000000000000000e+00
0.000000000000000000e+00
0.000000000000000000e+00
0.000000000000000000e+00
0.000000000000000000e+00
0.000000000000000000e+00
0.000000000000000000e+00
0.000000000000000000e+00
0.000000000000000000e+00
0.000000000000000000e+00
0.000000000000000000e+00
0.000000000000000000e+00
0.000000000000000000e+00
0.000000000000000000e+00
0.000000000000000000e+00
0.000000000000000000e+00
0.000000000000000000e+00
0.000000000000000000e+00
0.000000000000000000e+00
0.000000000000000000e+00
0.000000000000000000e+00
0.000000000000000000e+00
0.000000000000000000e+00
0.000000000000000000e+00
0.000000000000000000e+00
0.000000000000000000e+00
0.000000000000000000e+00
0.000000000000000000e+00
0.000000000000000000e+00
0.000000000000000000e+00
0.000000000000000000e+00
0.000000000000000000e+00
0.000000000000000000e+00
0.000000000000000000e+00
0.000000000000000000e+00
0.000000000000000000e+00
0.000000000000000000e+00
0.000000000000000000e+00
0.000000000000000000e+00
0.000000000000000000e+00
0.000000000000000000e+00
0.000000000000000000e+00
0.000000000000000000e+00
0.000000000000000000e+00
0.000000000000000000e+00
0.000000000000000000e+00
0.000000000000000000e+00
0.000000000000000000e+00
0.000000000000000000e+00
0.000000000000000000e+00
0.000000000000000000e+00
0.000000000000000000e+00
0.000000000000000000e+00
0.000000000000000000e+00
0.000000000000000000e+00
0.000000000000000000e+00
0.000000000000000000e+00
0.000000000000000000e+00
0.000000000000000000e+00
0.000000000000000000e+00
0.000000000000000000e+00
0.000000000000000000e+00
0.000000000000000000e+00
0.000000000000000000e+00
0.000000000000000000e+00
0.000000000000000000e+00
0.000000000000000000e+00
0.000000000000000000e+00
0.000000000000000000e+00
0.000000000000000000e+00
0.000000000000000000e+00
0.000000000000000000e+00
0.000000000000000000e+00
0.000000000000000000e+00
0.000000000000000000e+00
0.000000000000000000e+00
0.000000000000000000e+00
0.000000000000000000e+00
0.000000000000000000e+00
0.000000000000000000e+00
0.000000000000000000e+00
0.000000000000000000e+00
0.000000000000000000e+00
0.000000000000000000e+00
0.000000000000000000e+00
0.000000000000000000e+00
0.000000000000000000e+00
0.000000000000000000e+00
0.000000000000000000e+00
0.000000000000000000e+00
0.000000000000000000e+00
0.000000000000000000e+00
0.000000000000000000e+00
0.000000000000000000e+00
0.000000000000000000e+00
0.000000000000000000e+00
0.000000000000000000e+00
0.000000000000000000e+00
0.000000000000000000e+00
0.000000000000000000e+00
0.000000000000000000e+00
0.000000000000000000e+00
0.000000000000000000e+00
0.000000000000000000e+00
0.000000000000000000e+00
0.000000000000000000e+00
0.000000000000000000e+00
0.000000000000000000e+00
0.000000000000000000e+00
0.000000000000000000e+00
0.000000000000000000e+00
0.000000000000000000e+00
0.000000000000000000e+00
0.000000000000000000e+00
0.000000000000000000e+00
0.000000000000000000e+00
0.000000000000000000e+00
0.000000000000000000e+00
0.000000000000000000e+00
0.000000000000000000e+00
0.000000000000000000e+00
0.000000000000000000e+00
0.000000000000000000e+00
0.000000000000000000e+00
0.000000000000000000e+00
0.000000000000000000e+00
0.000000000000000000e+00
0.000000000000000000e+00
0.000000000000000000e+00
0.000000000000000000e+00
0.000000000000000000e+00
0.000000000000000000e+00
0.000000000000000000e+00
0.000000000000000000e+00
0.000000000000000000e+00
0.000000000000000000e+00
0.000000000000000000e+00
0.000000000000000000e+00
0.000000000000000000e+00
0.000000000000000000e+00
0.000000000000000000e+00
0.000000000000000000e+00
0.000000000000000000e+00
0.000000000000000000e+00
0.000000000000000000e+00
0.000000000000000000e+00
0.000000000000000000e+00
0.000000000000000000e+00
0.000000000000000000e+00
0.000000000000000000e+00
0.000000000000000000e+00
0.000000000000000000e+00
0.000000000000000000e+00
0.000000000000000000e+00
0.000000000000000000e+00
0.000000000000000000e+00
0.000000000000000000e+00
0.000000000000000000e+00
0.000000000000000000e+00
0.000000000000000000e+00
0.000000000000000000e+00
0.000000000000000000e+00
0.000000000000000000e+00
0.000000000000000000e+00
0.000000000000000000e+00
0.000000000000000000e+00
0.000000000000000000e+00
0.000000000000000000e+00
0.000000000000000000e+00
0.000000000000000000e+00
0.000000000000000000e+00
0.000000000000000000e+00
0.000000000000000000e+00
0.000000000000000000e+00
0.000000000000000000e+00
0.000000000000000000e+00
0.000000000000000000e+00
0.000000000000000000e+00
0.000000000000000000e+00
0.000000000000000000e+00
0.000000000000000000e+00
0.000000000000000000e+00
0.000000000000000000e+00
0.000000000000000000e+00
0.000000000000000000e+00
0.000000000000000000e+00
0.000000000000000000e+00
0.000000000000000000e+00
0.000000000000000000e+00
0.000000000000000000e+00
0.000000000000000000e+00
0.000000000000000000e+00
0.000000000000000000e+00
0.000000000000000000e+00
0.000000000000000000e+00
0.000000000000000000e+00
0.000000000000000000e+00
0.000000000000000000e+00
0.000000000000000000e+00
0.000000000000000000e+00
0.000000000000000000e+00
0.000000000000000000e+00
0.000000000000000000e+00
0.000000000000000000e+00
0.000000000000000000e+00
0.000000000000000000e+00
0.000000000000000000e+00
0.000000000000000000e+00
0.000000000000000000e+00
0.000000000000000000e+00
0.000000000000000000e+00
0.000000000000000000e+00
0.000000000000000000e+00
0.000000000000000000e+00
0.000000000000000000e+00
0.000000000000000000e+00
0.000000000000000000e+00
0.000000000000000000e+00
0.000000000000000000e+00
0.000000000000000000e+00
0.000000000000000000e+00
0.000000000000000000e+00
0.000000000000000000e+00
0.000000000000000000e+00
0.000000000000000000e+00
0.000000000000000000e+00
0.000000000000000000e+00
0.000000000000000000e+00
0.000000000000000000e+00
0.000000000000000000e+00
0.000000000000000000e+00
0.000000000000000000e+00
0.000000000000000000e+00
0.000000000000000000e+00
0.000000000000000000e+00
0.000000000000000000e+00
0.000000000000000000e+00
0.000000000000000000e+00
0.000000000000000000e+00
0.000000000000000000e+00
0.000000000000000000e+00
0.000000000000000000e+00
0.000000000000000000e+00
0.000000000000000000e+00
0.000000000000000000e+00
0.000000000000000000e+00
0.000000000000000000e+00
0.000000000000000000e+00
0.000000000000000000e+00
0.000000000000000000e+00
0.000000000000000000e+00
0.000000000000000000e+00
0.000000000000000000e+00
0.000000000000000000e+00
0.000000000000000000e+00
0.000000000000000000e+00
0.000000000000000000e+00
0.000000000000000000e+00
0.000000000000000000e+00
0.000000000000000000e+00
0.000000000000000000e+00
0.000000000000000000e+00
0.000000000000000000e+00
0.000000000000000000e+00
0.000000000000000000e+00
0.000000000000000000e+00
0.000000000000000000e+00
0.000000000000000000e+00
0.000000000000000000e+00
0.000000000000000000e+00
0.000000000000000000e+00
0.000000000000000000e+00
0.000000000000000000e+00
0.000000000000000000e+00
0.000000000000000000e+00
0.000000000000000000e+00
0.000000000000000000e+00
0.000000000000000000e+00
0.000000000000000000e+00
0.000000000000000000e+00
0.000000000000000000e+00
0.000000000000000000e+00
0.000000000000000000e+00
0.000000000000000000e+00
0.000000000000000000e+00
0.000000000000000000e+00
0.000000000000000000e+00
0.000000000000000000e+00
0.000000000000000000e+00
0.000000000000000000e+00
0.000000000000000000e+00
0.000000000000000000e+00
0.000000000000000000e+00
0.000000000000000000e+00
0.000000000000000000e+00
0.000000000000000000e+00
0.000000000000000000e+00
0.000000000000000000e+00
0.000000000000000000e+00
0.000000000000000000e+00
0.000000000000000000e+00
0.000000000000000000e+00
0.000000000000000000e+00
0.000000000000000000e+00
0.000000000000000000e+00
0.000000000000000000e+00
0.000000000000000000e+00
0.000000000000000000e+00
0.000000000000000000e+00
0.000000000000000000e+00
0.000000000000000000e+00
0.000000000000000000e+00
0.000000000000000000e+00
0.000000000000000000e+00
0.000000000000000000e+00
0.000000000000000000e+00
0.000000000000000000e+00
0.000000000000000000e+00
0.000000000000000000e+00
0.000000000000000000e+00
0.000000000000000000e+00
0.000000000000000000e+00
0.000000000000000000e+00
0.000000000000000000e+00
0.000000000000000000e+00
0.000000000000000000e+00
0.000000000000000000e+00
0.000000000000000000e+00
0.000000000000000000e+00
0.000000000000000000e+00
0.000000000000000000e+00
0.000000000000000000e+00
0.000000000000000000e+00
0.000000000000000000e+00
0.000000000000000000e+00
0.000000000000000000e+00
0.000000000000000000e+00
0.000000000000000000e+00
0.000000000000000000e+00
0.000000000000000000e+00
0.000000000000000000e+00
0.000000000000000000e+00
0.000000000000000000e+00
0.000000000000000000e+00
0.000000000000000000e+00
0.000000000000000000e+00
0.000000000000000000e+00
0.000000000000000000e+00
0.000000000000000000e+00
0.000000000000000000e+00
0.000000000000000000e+00
0.000000000000000000e+00
0.000000000000000000e+00
0.000000000000000000e+00
0.000000000000000000e+00
0.000000000000000000e+00
0.000000000000000000e+00
0.000000000000000000e+00
0.000000000000000000e+00
0.000000000000000000e+00
0.000000000000000000e+00
0.000000000000000000e+00
0.000000000000000000e+00
0.000000000000000000e+00
0.000000000000000000e+00
0.000000000000000000e+00
0.000000000000000000e+00
0.000000000000000000e+00
0.000000000000000000e+00
0.000000000000000000e+00
0.000000000000000000e+00
0.000000000000000000e+00
0.000000000000000000e+00
0.000000000000000000e+00
0.000000000000000000e+00
0.000000000000000000e+00
0.000000000000000000e+00
0.000000000000000000e+00
0.000000000000000000e+00
0.000000000000000000e+00
0.000000000000000000e+00
0.000000000000000000e+00
0.000000000000000000e+00
0.000000000000000000e+00
0.000000000000000000e+00
0.000000000000000000e+00
0.000000000000000000e+00
0.000000000000000000e+00
0.000000000000000000e+00
0.000000000000000000e+00
0.000000000000000000e+00
0.000000000000000000e+00
0.000000000000000000e+00
0.000000000000000000e+00
0.000000000000000000e+00
0.000000000000000000e+00
0.000000000000000000e+00
0.000000000000000000e+00
0.000000000000000000e+00
0.000000000000000000e+00
0.000000000000000000e+00
0.000000000000000000e+00
0.000000000000000000e+00
0.000000000000000000e+00
0.000000000000000000e+00
0.000000000000000000e+00
0.000000000000000000e+00
0.000000000000000000e+00
0.000000000000000000e+00
0.000000000000000000e+00
0.000000000000000000e+00
0.000000000000000000e+00
0.000000000000000000e+00
0.000000000000000000e+00
0.000000000000000000e+00
0.000000000000000000e+00
0.000000000000000000e+00
0.000000000000000000e+00
0.000000000000000000e+00
0.000000000000000000e+00
0.000000000000000000e+00
0.000000000000000000e+00
0.000000000000000000e+00
0.000000000000000000e+00
0.000000000000000000e+00
0.000000000000000000e+00
0.000000000000000000e+00
0.000000000000000000e+00
0.000000000000000000e+00
0.000000000000000000e+00
0.000000000000000000e+00
0.000000000000000000e+00
0.000000000000000000e+00
0.000000000000000000e+00
0.000000000000000000e+00
0.000000000000000000e+00
0.000000000000000000e+00
0.000000000000000000e+00
0.000000000000000000e+00
0.000000000000000000e+00
0.000000000000000000e+00
0.000000000000000000e+00
0.000000000000000000e+00
0.000000000000000000e+00
0.000000000000000000e+00
0.000000000000000000e+00
0.000000000000000000e+00
0.000000000000000000e+00
0.000000000000000000e+00
0.000000000000000000e+00
0.000000000000000000e+00
0.000000000000000000e+00
0.000000000000000000e+00
0.000000000000000000e+00
0.000000000000000000e+00
0.000000000000000000e+00
0.000000000000000000e+00
0.000000000000000000e+00
0.000000000000000000e+00
0.000000000000000000e+00
0.000000000000000000e+00
0.000000000000000000e+00
0.000000000000000000e+00
0.000000000000000000e+00
0.000000000000000000e+00
0.000000000000000000e+00
0.000000000000000000e+00
0.000000000000000000e+00
0.000000000000000000e+00
0.000000000000000000e+00
0.000000000000000000e+00
0.000000000000000000e+00
0.000000000000000000e+00
0.000000000000000000e+00
0.000000000000000000e+00
0.000000000000000000e+00
0.000000000000000000e+00
0.000000000000000000e+00
0.000000000000000000e+00
0.000000000000000000e+00
0.000000000000000000e+00
0.000000000000000000e+00
0.000000000000000000e+00
0.000000000000000000e+00
0.000000000000000000e+00
0.000000000000000000e+00
0.000000000000000000e+00
0.000000000000000000e+00
0.000000000000000000e+00
0.000000000000000000e+00
0.000000000000000000e+00
0.000000000000000000e+00
0.000000000000000000e+00
0.000000000000000000e+00
0.000000000000000000e+00
0.000000000000000000e+00
0.000000000000000000e+00
0.000000000000000000e+00
0.000000000000000000e+00
0.000000000000000000e+00
0.000000000000000000e+00
0.000000000000000000e+00
0.000000000000000000e+00
0.000000000000000000e+00
0.000000000000000000e+00
0.000000000000000000e+00
0.000000000000000000e+00
0.000000000000000000e+00
0.000000000000000000e+00
0.000000000000000000e+00
0.000000000000000000e+00
0.000000000000000000e+00
0.000000000000000000e+00
0.000000000000000000e+00
0.000000000000000000e+00
0.000000000000000000e+00
0.000000000000000000e+00
0.000000000000000000e+00
0.000000000000000000e+00
0.000000000000000000e+00
0.000000000000000000e+00
0.000000000000000000e+00
0.000000000000000000e+00
0.000000000000000000e+00
0.000000000000000000e+00
0.000000000000000000e+00
0.000000000000000000e+00
0.000000000000000000e+00
0.000000000000000000e+00
0.000000000000000000e+00
0.000000000000000000e+00
0.000000000000000000e+00
0.000000000000000000e+00
0.000000000000000000e+00
0.000000000000000000e+00
0.000000000000000000e+00
0.000000000000000000e+00
0.000000000000000000e+00
0.000000000000000000e+00
0.000000000000000000e+00
0.000000000000000000e+00
0.000000000000000000e+00
0.000000000000000000e+00
0.000000000000000000e+00
0.000000000000000000e+00
0.000000000000000000e+00
0.000000000000000000e+00
0.000000000000000000e+00
0.000000000000000000e+00
0.000000000000000000e+00
0.000000000000000000e+00
0.000000000000000000e+00
0.000000000000000000e+00
0.000000000000000000e+00
0.000000000000000000e+00
0.000000000000000000e+00
0.000000000000000000e+00
0.000000000000000000e+00
0.000000000000000000e+00
0.000000000000000000e+00
0.000000000000000000e+00
0.000000000000000000e+00
0.000000000000000000e+00
0.000000000000000000e+00
0.000000000000000000e+00
0.000000000000000000e+00
0.000000000000000000e+00
0.000000000000000000e+00
0.000000000000000000e+00
0.000000000000000000e+00
0.000000000000000000e+00
0.000000000000000000e+00
0.000000000000000000e+00
0.000000000000000000e+00
0.000000000000000000e+00
0.000000000000000000e+00
0.000000000000000000e+00
0.000000000000000000e+00
0.000000000000000000e+00
0.000000000000000000e+00
0.000000000000000000e+00
0.000000000000000000e+00
0.000000000000000000e+00
0.000000000000000000e+00
0.000000000000000000e+00
0.000000000000000000e+00
0.000000000000000000e+00
0.000000000000000000e+00
0.000000000000000000e+00
0.000000000000000000e+00
0.000000000000000000e+00
0.000000000000000000e+00
0.000000000000000000e+00
0.000000000000000000e+00
0.000000000000000000e+00
0.000000000000000000e+00
0.000000000000000000e+00
0.000000000000000000e+00
0.000000000000000000e+00
0.000000000000000000e+00
0.000000000000000000e+00
0.000000000000000000e+00
0.000000000000000000e+00
0.000000000000000000e+00
0.000000000000000000e+00
0.000000000000000000e+00
0.000000000000000000e+00
0.000000000000000000e+00
0.000000000000000000e+00
0.000000000000000000e+00
0.000000000000000000e+00
0.000000000000000000e+00
0.000000000000000000e+00
0.000000000000000000e+00
0.000000000000000000e+00
0.000000000000000000e+00
0.000000000000000000e+00
0.000000000000000000e+00
0.000000000000000000e+00
0.000000000000000000e+00
0.000000000000000000e+00
0.000000000000000000e+00
0.000000000000000000e+00
0.000000000000000000e+00
0.000000000000000000e+00
0.000000000000000000e+00
0.000000000000000000e+00
0.000000000000000000e+00
0.000000000000000000e+00
0.000000000000000000e+00
0.000000000000000000e+00
0.000000000000000000e+00
0.000000000000000000e+00
0.000000000000000000e+00
0.000000000000000000e+00
0.000000000000000000e+00
0.000000000000000000e+00
0.000000000000000000e+00
0.000000000000000000e+00
0.000000000000000000e+00
0.000000000000000000e+00
0.000000000000000000e+00
0.000000000000000000e+00
0.000000000000000000e+00
0.000000000000000000e+00
0.000000000000000000e+00
0.000000000000000000e+00
0.000000000000000000e+00
0.000000000000000000e+00
0.000000000000000000e+00
0.000000000000000000e+00
0.000000000000000000e+00
0.000000000000000000e+00
0.000000000000000000e+00
0.000000000000000000e+00
0.000000000000000000e+00
0.000000000000000000e+00
0.000000000000000000e+00
0.000000000000000000e+00
0.000000000000000000e+00
0.000000000000000000e+00
0.000000000000000000e+00
0.000000000000000000e+00
0.000000000000000000e+00
0.000000000000000000e+00
0.000000000000000000e+00
0.000000000000000000e+00
0.000000000000000000e+00
0.000000000000000000e+00
0.000000000000000000e+00
0.000000000000000000e+00
0.000000000000000000e+00
0.000000000000000000e+00
0.000000000000000000e+00
0.000000000000000000e+00
0.000000000000000000e+00
0.000000000000000000e+00
0.000000000000000000e+00
0.000000000000000000e+00
0.000000000000000000e+00
0.000000000000000000e+00
0.000000000000000000e+00
0.000000000000000000e+00
0.000000000000000000e+00
0.000000000000000000e+00
0.000000000000000000e+00
0.000000000000000000e+00
0.000000000000000000e+00
0.000000000000000000e+00
0.000000000000000000e+00
0.000000000000000000e+00
0.000000000000000000e+00
0.000000000000000000e+00
0.000000000000000000e+00
0.000000000000000000e+00
0.000000000000000000e+00
0.000000000000000000e+00
0.000000000000000000e+00
0.000000000000000000e+00
0.000000000000000000e+00
0.000000000000000000e+00
0.000000000000000000e+00
0.000000000000000000e+00
0.000000000000000000e+00
0.000000000000000000e+00
0.000000000000000000e+00
0.000000000000000000e+00
0.000000000000000000e+00
0.000000000000000000e+00
0.000000000000000000e+00
0.000000000000000000e+00
0.000000000000000000e+00
0.000000000000000000e+00
0.000000000000000000e+00
0.000000000000000000e+00
0.000000000000000000e+00
0.000000000000000000e+00
0.000000000000000000e+00
0.000000000000000000e+00
0.000000000000000000e+00
0.000000000000000000e+00
0.000000000000000000e+00
0.000000000000000000e+00
0.000000000000000000e+00
0.000000000000000000e+00
0.000000000000000000e+00
0.000000000000000000e+00
0.000000000000000000e+00
0.000000000000000000e+00
0.000000000000000000e+00
0.000000000000000000e+00
0.000000000000000000e+00
0.000000000000000000e+00
0.000000000000000000e+00
0.000000000000000000e+00
0.000000000000000000e+00
0.000000000000000000e+00
0.000000000000000000e+00
0.000000000000000000e+00
0.000000000000000000e+00
0.000000000000000000e+00
0.000000000000000000e+00
0.000000000000000000e+00
0.000000000000000000e+00
0.000000000000000000e+00
0.000000000000000000e+00
0.000000000000000000e+00
0.000000000000000000e+00
0.000000000000000000e+00
0.000000000000000000e+00
0.000000000000000000e+00
0.000000000000000000e+00
0.000000000000000000e+00
0.000000000000000000e+00
0.000000000000000000e+00
0.000000000000000000e+00
0.000000000000000000e+00
0.000000000000000000e+00
0.000000000000000000e+00
0.000000000000000000e+00
0.000000000000000000e+00
0.000000000000000000e+00
0.000000000000000000e+00
0.000000000000000000e+00
0.000000000000000000e+00
0.000000000000000000e+00
0.000000000000000000e+00
0.000000000000000000e+00
0.000000000000000000e+00
0.000000000000000000e+00
0.000000000000000000e+00
0.000000000000000000e+00
0.000000000000000000e+00
0.000000000000000000e+00
0.000000000000000000e+00
0.000000000000000000e+00
0.000000000000000000e+00
0.000000000000000000e+00
0.000000000000000000e+00
0.000000000000000000e+00
0.000000000000000000e+00
0.000000000000000000e+00
0.000000000000000000e+00
0.000000000000000000e+00
0.000000000000000000e+00
0.000000000000000000e+00
0.000000000000000000e+00
0.000000000000000000e+00
0.000000000000000000e+00
0.000000000000000000e+00
0.000000000000000000e+00
0.000000000000000000e+00
0.000000000000000000e+00
0.000000000000000000e+00
0.000000000000000000e+00
0.000000000000000000e+00
0.000000000000000000e+00
0.000000000000000000e+00
0.000000000000000000e+00
0.000000000000000000e+00
0.000000000000000000e+00
0.000000000000000000e+00
0.000000000000000000e+00
0.000000000000000000e+00
0.000000000000000000e+00
0.000000000000000000e+00
0.000000000000000000e+00
0.000000000000000000e+00
0.000000000000000000e+00
0.000000000000000000e+00
0.000000000000000000e+00
0.000000000000000000e+00
0.000000000000000000e+00
0.000000000000000000e+00
0.000000000000000000e+00
0.000000000000000000e+00
0.000000000000000000e+00
0.000000000000000000e+00
0.000000000000000000e+00
0.000000000000000000e+00
0.000000000000000000e+00
0.000000000000000000e+00
0.000000000000000000e+00
0.000000000000000000e+00
0.000000000000000000e+00
0.000000000000000000e+00
0.000000000000000000e+00
0.000000000000000000e+00
0.000000000000000000e+00
0.000000000000000000e+00
0.000000000000000000e+00
0.000000000000000000e+00
0.000000000000000000e+00
0.000000000000000000e+00
0.000000000000000000e+00
0.000000000000000000e+00
0.000000000000000000e+00
0.000000000000000000e+00
0.000000000000000000e+00
0.000000000000000000e+00
0.000000000000000000e+00
0.000000000000000000e+00
0.000000000000000000e+00
0.000000000000000000e+00
0.000000000000000000e+00
0.000000000000000000e+00
0.000000000000000000e+00
0.000000000000000000e+00
0.000000000000000000e+00
0.000000000000000000e+00
0.000000000000000000e+00
0.000000000000000000e+00
0.000000000000000000e+00
0.000000000000000000e+00
0.000000000000000000e+00
0.000000000000000000e+00
0.000000000000000000e+00
0.000000000000000000e+00
0.000000000000000000e+00
0.000000000000000000e+00
0.000000000000000000e+00
0.000000000000000000e+00
0.000000000000000000e+00
0.000000000000000000e+00
0.000000000000000000e+00
0.000000000000000000e+00
0.000000000000000000e+00
0.000000000000000000e+00
0.000000000000000000e+00
0.000000000000000000e+00
0.000000000000000000e+00
0.000000000000000000e+00
0.000000000000000000e+00
0.000000000000000000e+00
0.000000000000000000e+00
0.000000000000000000e+00
0.000000000000000000e+00
0.000000000000000000e+00
0.000000000000000000e+00
0.000000000000000000e+00
0.000000000000000000e+00
0.000000000000000000e+00
0.000000000000000000e+00
0.000000000000000000e+00
0.000000000000000000e+00
0.000000000000000000e+00
0.000000000000000000e+00
0.000000000000000000e+00
0.000000000000000000e+00
0.000000000000000000e+00
0.000000000000000000e+00
0.000000000000000000e+00
0.000000000000000000e+00
0.000000000000000000e+00
0.000000000000000000e+00
0.000000000000000000e+00
0.000000000000000000e+00
0.000000000000000000e+00
0.000000000000000000e+00
0.000000000000000000e+00
0.000000000000000000e+00
0.000000000000000000e+00
0.000000000000000000e+00
0.000000000000000000e+00
0.000000000000000000e+00
0.000000000000000000e+00
0.000000000000000000e+00
0.000000000000000000e+00
0.000000000000000000e+00
0.000000000000000000e+00
0.000000000000000000e+00
0.000000000000000000e+00
0.000000000000000000e+00
0.000000000000000000e+00
0.000000000000000000e+00
0.000000000000000000e+00
0.000000000000000000e+00
0.000000000000000000e+00
0.000000000000000000e+00
0.000000000000000000e+00
0.000000000000000000e+00
0.000000000000000000e+00
0.000000000000000000e+00
0.000000000000000000e+00
0.000000000000000000e+00
0.000000000000000000e+00
0.000000000000000000e+00
0.000000000000000000e+00
0.000000000000000000e+00
0.000000000000000000e+00
0.000000000000000000e+00
0.000000000000000000e+00
0.000000000000000000e+00
0.000000000000000000e+00
0.000000000000000000e+00
0.000000000000000000e+00
0.000000000000000000e+00
0.000000000000000000e+00
0.000000000000000000e+00
0.000000000000000000e+00
0.000000000000000000e+00
0.000000000000000000e+00
0.000000000000000000e+00
0.000000000000000000e+00
0.000000000000000000e+00
0.000000000000000000e+00
0.000000000000000000e+00
0.000000000000000000e+00
0.000000000000000000e+00
0.000000000000000000e+00
0.000000000000000000e+00
0.000000000000000000e+00
0.000000000000000000e+00
0.000000000000000000e+00
0.000000000000000000e+00
0.000000000000000000e+00
0.000000000000000000e+00
0.000000000000000000e+00
0.000000000000000000e+00
0.000000000000000000e+00
0.000000000000000000e+00
0.000000000000000000e+00
0.000000000000000000e+00
0.000000000000000000e+00
0.000000000000000000e+00
0.000000000000000000e+00
0.000000000000000000e+00
0.000000000000000000e+00
0.000000000000000000e+00
0.000000000000000000e+00
0.000000000000000000e+00
0.000000000000000000e+00
0.000000000000000000e+00
0.000000000000000000e+00
0.000000000000000000e+00
0.000000000000000000e+00
0.000000000000000000e+00
0.000000000000000000e+00
0.000000000000000000e+00
0.000000000000000000e+00
0.000000000000000000e+00
0.000000000000000000e+00
0.000000000000000000e+00
0.000000000000000000e+00
0.000000000000000000e+00
0.000000000000000000e+00
0.000000000000000000e+00
0.000000000000000000e+00
0.000000000000000000e+00
0.000000000000000000e+00
0.000000000000000000e+00
0.000000000000000000e+00
0.000000000000000000e+00
0.000000000000000000e+00
0.000000000000000000e+00
0.000000000000000000e+00
0.000000000000000000e+00
0.000000000000000000e+00
0.000000000000000000e+00
0.000000000000000000e+00
0.000000000000000000e+00
0.000000000000000000e+00
0.000000000000000000e+00
0.000000000000000000e+00
0.000000000000000000e+00
0.000000000000000000e+00
0.000000000000000000e+00
0.000000000000000000e+00
0.000000000000000000e+00
0.000000000000000000e+00
0.000000000000000000e+00
0.000000000000000000e+00
0.000000000000000000e+00
0.000000000000000000e+00
0.000000000000000000e+00
0.000000000000000000e+00
0.000000000000000000e+00
0.000000000000000000e+00
0.000000000000000000e+00
0.000000000000000000e+00
0.000000000000000000e+00
0.000000000000000000e+00
0.000000000000000000e+00
0.000000000000000000e+00
0.000000000000000000e+00
0.000000000000000000e+00
0.000000000000000000e+00
0.000000000000000000e+00
0.000000000000000000e+00
0.000000000000000000e+00
0.000000000000000000e+00
0.000000000000000000e+00
0.000000000000000000e+00
0.000000000000000000e+00
0.000000000000000000e+00
0.000000000000000000e+00
0.000000000000000000e+00
0.000000000000000000e+00
0.000000000000000000e+00
0.000000000000000000e+00
0.000000000000000000e+00
0.000000000000000000e+00
0.000000000000000000e+00
0.000000000000000000e+00
0.000000000000000000e+00
0.000000000000000000e+00
0.000000000000000000e+00
0.000000000000000000e+00
0.000000000000000000e+00
0.000000000000000000e+00
0.000000000000000000e+00
0.000000000000000000e+00
0.000000000000000000e+00
0.000000000000000000e+00
0.000000000000000000e+00
0.000000000000000000e+00
0.000000000000000000e+00
0.000000000000000000e+00
0.000000000000000000e+00
0.000000000000000000e+00
0.000000000000000000e+00
0.000000000000000000e+00
0.000000000000000000e+00
0.000000000000000000e+00
0.000000000000000000e+00
0.000000000000000000e+00
0.000000000000000000e+00
0.000000000000000000e+00
0.000000000000000000e+00
0.000000000000000000e+00
0.000000000000000000e+00
0.000000000000000000e+00
0.000000000000000000e+00
0.000000000000000000e+00
0.000000000000000000e+00
0.000000000000000000e+00
0.000000000000000000e+00
0.000000000000000000e+00
0.000000000000000000e+00
0.000000000000000000e+00
0.000000000000000000e+00
0.000000000000000000e+00
0.000000000000000000e+00
0.000000000000000000e+00
0.000000000000000000e+00
0.000000000000000000e+00
0.000000000000000000e+00
0.000000000000000000e+00
0.000000000000000000e+00
0.000000000000000000e+00
0.000000000000000000e+00
0.000000000000000000e+00
0.000000000000000000e+00
0.000000000000000000e+00
0.000000000000000000e+00
0.000000000000000000e+00
0.000000000000000000e+00
0.000000000000000000e+00
0.000000000000000000e+00
0.000000000000000000e+00
0.000000000000000000e+00
0.000000000000000000e+00
0.000000000000000000e+00
0.000000000000000000e+00
0.000000000000000000e+00
0.000000000000000000e+00
0.000000000000000000e+00
0.000000000000000000e+00
0.000000000000000000e+00
0.000000000000000000e+00
0.000000000000000000e+00
0.000000000000000000e+00
0.000000000000000000e+00
0.000000000000000000e+00
0.000000000000000000e+00
0.000000000000000000e+00
0.000000000000000000e+00
0.000000000000000000e+00
0.000000000000000000e+00
0.000000000000000000e+00
0.000000000000000000e+00
0.000000000000000000e+00
0.000000000000000000e+00
0.000000000000000000e+00
0.000000000000000000e+00
0.000000000000000000e+00
0.000000000000000000e+00
0.000000000000000000e+00
0.000000000000000000e+00
0.000000000000000000e+00
0.000000000000000000e+00
0.000000000000000000e+00
0.000000000000000000e+00
0.000000000000000000e+00
0.000000000000000000e+00
0.000000000000000000e+00
0.000000000000000000e+00
0.000000000000000000e+00
0.000000000000000000e+00
0.000000000000000000e+00
0.000000000000000000e+00
0.000000000000000000e+00
0.000000000000000000e+00
0.000000000000000000e+00
0.000000000000000000e+00
0.000000000000000000e+00
0.000000000000000000e+00
0.000000000000000000e+00
0.000000000000000000e+00
0.000000000000000000e+00
0.000000000000000000e+00
0.000000000000000000e+00
0.000000000000000000e+00
0.000000000000000000e+00
0.000000000000000000e+00
0.000000000000000000e+00
0.000000000000000000e+00
0.000000000000000000e+00
0.000000000000000000e+00
0.000000000000000000e+00
0.000000000000000000e+00
0.000000000000000000e+00
0.000000000000000000e+00
0.000000000000000000e+00
0.000000000000000000e+00
0.000000000000000000e+00
0.000000000000000000e+00
0.000000000000000000e+00
0.000000000000000000e+00
0.000000000000000000e+00
0.000000000000000000e+00
0.000000000000000000e+00
0.000000000000000000e+00
0.000000000000000000e+00
0.000000000000000000e+00
0.000000000000000000e+00
0.000000000000000000e+00
0.000000000000000000e+00
0.000000000000000000e+00
0.000000000000000000e+00
0.000000000000000000e+00
0.000000000000000000e+00
0.000000000000000000e+00
0.000000000000000000e+00
0.000000000000000000e+00
0.000000000000000000e+00
0.000000000000000000e+00
0.000000000000000000e+00
0.000000000000000000e+00
0.000000000000000000e+00
0.000000000000000000e+00
0.000000000000000000e+00
0.000000000000000000e+00
0.000000000000000000e+00
0.000000000000000000e+00
0.000000000000000000e+00
0.000000000000000000e+00
0.000000000000000000e+00
0.000000000000000000e+00
0.000000000000000000e+00
0.000000000000000000e+00
0.000000000000000000e+00
0.000000000000000000e+00
0.000000000000000000e+00
0.000000000000000000e+00
0.000000000000000000e+00
0.000000000000000000e+00
0.000000000000000000e+00
0.000000000000000000e+00
0.000000000000000000e+00
0.000000000000000000e+00
0.000000000000000000e+00
0.000000000000000000e+00
0.000000000000000000e+00
0.000000000000000000e+00
0.000000000000000000e+00
0.000000000000000000e+00
0.000000000000000000e+00
0.000000000000000000e+00
0.000000000000000000e+00
0.000000000000000000e+00
0.000000000000000000e+00
0.000000000000000000e+00
0.000000000000000000e+00
0.000000000000000000e+00
0.000000000000000000e+00
0.000000000000000000e+00
0.000000000000000000e+00
0.000000000000000000e+00
0.000000000000000000e+00
0.000000000000000000e+00
0.000000000000000000e+00
0.000000000000000000e+00
0.000000000000000000e+00
0.000000000000000000e+00
0.000000000000000000e+00
0.000000000000000000e+00
0.000000000000000000e+00
0.000000000000000000e+00
0.000000000000000000e+00
0.000000000000000000e+00
0.000000000000000000e+00
0.000000000000000000e+00
0.000000000000000000e+00
0.000000000000000000e+00
0.000000000000000000e+00
0.000000000000000000e+00
0.000000000000000000e+00
0.000000000000000000e+00
0.000000000000000000e+00
0.000000000000000000e+00
0.000000000000000000e+00
0.000000000000000000e+00
0.000000000000000000e+00
0.000000000000000000e+00
0.000000000000000000e+00
0.000000000000000000e+00
0.000000000000000000e+00
0.000000000000000000e+00
0.000000000000000000e+00
0.000000000000000000e+00
0.000000000000000000e+00
0.000000000000000000e+00
0.000000000000000000e+00
0.000000000000000000e+00
0.000000000000000000e+00
0.000000000000000000e+00
0.000000000000000000e+00
0.000000000000000000e+00
0.000000000000000000e+00
0.000000000000000000e+00
0.000000000000000000e+00
0.000000000000000000e+00
0.000000000000000000e+00
0.000000000000000000e+00
0.000000000000000000e+00
0.000000000000000000e+00
0.000000000000000000e+00
0.000000000000000000e+00
0.000000000000000000e+00
0.000000000000000000e+00
0.000000000000000000e+00
0.000000000000000000e+00
0.000000000000000000e+00
0.000000000000000000e+00
0.000000000000000000e+00
0.000000000000000000e+00
0.000000000000000000e+00
0.000000000000000000e+00
0.000000000000000000e+00
0.000000000000000000e+00
0.000000000000000000e+00
0.000000000000000000e+00
0.000000000000000000e+00
0.000000000000000000e+00
0.000000000000000000e+00
0.000000000000000000e+00
0.000000000000000000e+00
0.000000000000000000e+00
0.000000000000000000e+00
0.000000000000000000e+00
0.000000000000000000e+00
0.000000000000000000e+00
0.000000000000000000e+00
0.000000000000000000e+00
0.000000000000000000e+00
0.000000000000000000e+00
0.000000000000000000e+00
0.000000000000000000e+00
0.000000000000000000e+00
0.000000000000000000e+00
0.000000000000000000e+00
0.000000000000000000e+00
0.000000000000000000e+00
0.000000000000000000e+00
0.000000000000000000e+00
0.000000000000000000e+00
0.000000000000000000e+00
0.000000000000000000e+00
0.000000000000000000e+00
0.000000000000000000e+00
0.000000000000000000e+00
0.000000000000000000e+00
0.000000000000000000e+00
0.000000000000000000e+00
0.000000000000000000e+00
0.000000000000000000e+00
0.000000000000000000e+00
0.000000000000000000e+00
0.000000000000000000e+00
0.000000000000000000e+00
0.000000000000000000e+00
0.000000000000000000e+00
0.000000000000000000e+00
0.000000000000000000e+00
0.000000000000000000e+00
0.000000000000000000e+00
0.000000000000000000e+00
0.000000000000000000e+00
0.000000000000000000e+00
0.000000000000000000e+00
0.000000000000000000e+00
0.000000000000000000e+00
0.000000000000000000e+00
0.000000000000000000e+00
0.000000000000000000e+00
0.000000000000000000e+00
0.000000000000000000e+00
0.000000000000000000e+00
0.000000000000000000e+00
0.000000000000000000e+00
0.000000000000000000e+00
0.000000000000000000e+00
0.000000000000000000e+00
0.000000000000000000e+00
0.000000000000000000e+00
0.000000000000000000e+00
0.000000000000000000e+00
0.000000000000000000e+00
0.000000000000000000e+00
0.000000000000000000e+00
0.000000000000000000e+00
0.000000000000000000e+00
0.000000000000000000e+00
0.000000000000000000e+00
0.000000000000000000e+00
0.000000000000000000e+00
0.000000000000000000e+00
0.000000000000000000e+00
0.000000000000000000e+00
0.000000000000000000e+00
0.000000000000000000e+00
0.000000000000000000e+00
0.000000000000000000e+00
0.000000000000000000e+00
0.000000000000000000e+00
0.000000000000000000e+00
0.000000000000000000e+00
0.000000000000000000e+00
0.000000000000000000e+00
0.000000000000000000e+00
0.000000000000000000e+00
0.000000000000000000e+00
0.000000000000000000e+00
0.000000000000000000e+00
0.000000000000000000e+00
0.000000000000000000e+00
0.000000000000000000e+00
0.000000000000000000e+00
0.000000000000000000e+00
0.000000000000000000e+00
0.000000000000000000e+00
0.000000000000000000e+00
0.000000000000000000e+00
0.000000000000000000e+00
0.000000000000000000e+00
0.000000000000000000e+00
0.000000000000000000e+00
0.000000000000000000e+00
0.000000000000000000e+00
0.000000000000000000e+00
0.000000000000000000e+00
0.000000000000000000e+00
0.000000000000000000e+00
0.000000000000000000e+00
0.000000000000000000e+00
0.000000000000000000e+00
0.000000000000000000e+00
0.000000000000000000e+00
0.000000000000000000e+00
0.000000000000000000e+00
0.000000000000000000e+00
0.000000000000000000e+00
0.000000000000000000e+00
0.000000000000000000e+00
0.000000000000000000e+00
0.000000000000000000e+00
0.000000000000000000e+00
0.000000000000000000e+00
0.000000000000000000e+00
0.000000000000000000e+00
0.000000000000000000e+00
0.000000000000000000e+00
0.000000000000000000e+00
0.000000000000000000e+00
0.000000000000000000e+00
0.000000000000000000e+00
0.000000000000000000e+00
0.000000000000000000e+00
0.000000000000000000e+00
0.000000000000000000e+00
0.000000000000000000e+00
0.000000000000000000e+00
0.000000000000000000e+00
0.000000000000000000e+00
0.000000000000000000e+00
0.000000000000000000e+00
0.000000000000000000e+00
0.000000000000000000e+00
0.000000000000000000e+00
0.000000000000000000e+00
0.000000000000000000e+00
0.000000000000000000e+00
0.000000000000000000e+00
0.000000000000000000e+00
0.000000000000000000e+00
0.000000000000000000e+00
0.000000000000000000e+00
0.000000000000000000e+00
0.000000000000000000e+00
0.000000000000000000e+00
0.000000000000000000e+00
0.000000000000000000e+00
0.000000000000000000e+00
0.000000000000000000e+00
0.000000000000000000e+00
0.000000000000000000e+00
0.000000000000000000e+00
0.000000000000000000e+00
0.000000000000000000e+00
0.000000000000000000e+00
0.000000000000000000e+00
0.000000000000000000e+00
0.000000000000000000e+00
0.000000000000000000e+00
0.000000000000000000e+00
0.000000000000000000e+00
0.000000000000000000e+00
0.000000000000000000e+00
0.000000000000000000e+00
0.000000000000000000e+00
0.000000000000000000e+00
0.000000000000000000e+00
0.000000000000000000e+00
0.000000000000000000e+00
0.000000000000000000e+00
0.000000000000000000e+00
0.000000000000000000e+00
0.000000000000000000e+00
0.000000000000000000e+00
0.000000000000000000e+00
0.000000000000000000e+00
0.000000000000000000e+00
0.000000000000000000e+00
0.000000000000000000e+00
0.000000000000000000e+00
0.000000000000000000e+00
0.000000000000000000e+00
0.000000000000000000e+00
0.000000000000000000e+00
0.000000000000000000e+00
0.000000000000000000e+00
0.000000000000000000e+00
0.000000000000000000e+00
0.000000000000000000e+00
0.000000000000000000e+00
0.000000000000000000e+00
0.000000000000000000e+00
0.000000000000000000e+00
0.000000000000000000e+00
0.000000000000000000e+00
0.000000000000000000e+00
0.000000000000000000e+00
0.000000000000000000e+00
0.000000000000000000e+00
0.000000000000000000e+00
0.000000000000000000e+00
0.000000000000000000e+00
0.000000000000000000e+00
0.000000000000000000e+00
0.000000000000000000e+00
0.000000000000000000e+00
0.000000000000000000e+00
0.000000000000000000e+00
0.000000000000000000e+00
0.000000000000000000e+00
0.000000000000000000e+00
0.000000000000000000e+00
0.000000000000000000e+00
0.000000000000000000e+00
0.000000000000000000e+00
0.000000000000000000e+00
0.000000000000000000e+00
0.000000000000000000e+00
0.000000000000000000e+00
0.000000000000000000e+00
0.000000000000000000e+00
0.000000000000000000e+00
0.000000000000000000e+00
0.000000000000000000e+00
0.000000000000000000e+00
0.000000000000000000e+00
0.000000000000000000e+00
0.000000000000000000e+00
0.000000000000000000e+00
0.000000000000000000e+00
0.000000000000000000e+00
0.000000000000000000e+00
0.000000000000000000e+00
0.000000000000000000e+00
0.000000000000000000e+00
0.000000000000000000e+00
0.000000000000000000e+00
0.000000000000000000e+00
0.000000000000000000e+00
0.000000000000000000e+00
0.000000000000000000e+00
0.000000000000000000e+00
0.000000000000000000e+00
0.000000000000000000e+00
0.000000000000000000e+00
0.000000000000000000e+00
0.000000000000000000e+00
0.000000000000000000e+00
0.000000000000000000e+00
0.000000000000000000e+00
0.000000000000000000e+00
0.000000000000000000e+00
0.000000000000000000e+00
0.000000000000000000e+00
0.000000000000000000e+00
0.000000000000000000e+00
0.000000000000000000e+00
0.000000000000000000e+00
0.000000000000000000e+00
0.000000000000000000e+00
0.000000000000000000e+00
0.000000000000000000e+00
0.000000000000000000e+00
0.000000000000000000e+00
0.000000000000000000e+00
0.000000000000000000e+00
0.000000000000000000e+00
0.000000000000000000e+00
0.000000000000000000e+00
0.000000000000000000e+00
0.000000000000000000e+00
0.000000000000000000e+00
0.000000000000000000e+00
0.000000000000000000e+00
0.000000000000000000e+00
0.000000000000000000e+00
0.000000000000000000e+00
0.000000000000000000e+00
0.000000000000000000e+00
0.000000000000000000e+00
