2.654440473448613745e-03
1.195150840314764852e-02
2.125558106406824979e-02
3.056388248402752000e-02
3.987363669084256074e-02
4.918206771233047531e-02
5.848639957630837743e-02
6.778385631059337391e-02
7.707166194300256457e-02
8.634704050135304232e-02
9.560721601346192089e-02
1.048494125071463556e-01
1.140708540102233770e-01
1.232687645505100710e-01
1.324403681558236345e-01
1.415828888539811259e-01
1.506935506727996588e-01
1.597695776400963052e-01
1.688081937836881929e-01
1.778066231313924495e-01
1.867620897110261191e-01
1.956718175504063850e-01
2.045330306773503193e-01
2.133429531196750217e-01
2.220988089051975922e-01
2.307978220617351306e-01
2.394372166171047089e-01
2.480142165991235659e-01
2.565260460356086347e-01
2.649699289543772096e-01
2.733430893832461406e-01
2.816427513500327495e-01
2.898661388825540808e-01
2.980104760086272897e-01
3.060729867560693096e-01
3.140508951526974069e-01
3.219414252263286258e-01
3.297418010047801218e-01
3.374492465158689947e-01
3.450609857874122333e-01
3.525742428472269929e-01
3.599862417231304845e-01
3.672942064429396969e-01
3.744953610344718409e-01
3.815869295255439053e-01
3.885661359439731011e-01
3.954302043175764170e-01
4.021763586741711194e-01
4.088018230415740861e-01
4.153038214476025836e-01
4.216795779200736560e-01
4.279263164868045144e-01
4.340412611756121475e-01
4.400216360143137662e-01
4.458646650307263037e-01
4.515675722526669156e-01
4.571275817079530346e-01
4.625419174244013165e-01
4.678078034298288612e-01
4.729224637520532126e-01
4.778831224188911930e-01
4.826870034581598468e-01
4.873313308976763292e-01
4.918133287652578511e-01
4.961302210887214570e-01
5.002792318958843021e-01
5.042575852145632087e-01
5.080625050725756653e-01
5.116912154977386606e-01
5.151409405178691836e-01
5.184089041607842230e-01
5.214923304543012117e-01
5.243884434262372496e-01
5.270944671044093255e-01
5.296076255166343172e-01
5.319251426907295466e-01
5.340442426545122245e-01
5.359621494357993399e-01
5.376760870624078814e-01
5.391832795621551710e-01
5.404809509628581976e-01
5.415663252923341719e-01
5.424366265784000829e-01
5.430890788488726972e-01
5.435209061315698920e-01
5.437293324543082118e-01
5.437355685194210642e-01
5.436453981411636383e-01
5.434725108054982989e-01
5.432178718764422154e-01
5.428824467180126678e-01
5.424672006942270475e-01
5.419730991691028565e-01
5.414011075066573753e-01
5.407521910709079949e-01
5.400273152258718845e-01
5.392274453355666575e-01
5.383535467640095940e-01
5.374065848752179742e-01
5.363875250332095224e-01
5.352973326020010747e-01
5.341369729456102444e-01
5.329074114280544228e-01
5.316096134133510009e-01
5.302445442655172592e-01
5.288131693485705886e-01
5.273164540265283806e-01
5.257553636634079153e-01
5.241308636232266949e-01
5.224439192700018886e-01
5.206954959677511097e-01
5.188865590804914163e-01
5.170180739722404217e-01
5.150910060070154062e-01
5.131063205488337609e-01
5.110649829617127660e-01
5.089679586096699238e-01
5.068162128567226254e-01
5.046107110668879292e-01
5.023524186041834483e-01
5.000423008326264629e-01
4.976813231162345308e-01
4.952704508190247101e-01
4.928106493050145587e-01
4.903028839382214121e-01
4.877481200826626062e-01
4.851473231023554211e-01
4.825014583613174701e-01
4.798114912235658114e-01
4.770783870531180026e-01
4.743031112139913796e-01
4.714866290702033891e-01
4.686299059857712002e-01
4.657339073247123706e-01
4.627995984510439587e-01
4.598279447287837440e-01
4.568199115219486739e-01
4.537764641945565280e-01
4.506985681106243646e-01
4.475871886341696304e-01
4.444432911292097721e-01
4.412678409597619589e-01
4.380618034898438595e-01
4.348261440834725877e-01
4.315618281046655347e-01
4.282698209174400361e-01
4.249510878858137053e-01
4.216065943738036559e-01
4.182373057454272791e-01
4.148441873647020217e-01
4.114282045956452749e-01
4.079903228022744299e-01
4.045315073486064894e-01
4.010527235986593442e-01
3.975549369164498303e-01
3.940391126659958387e-01
3.905062162113143720e-01
3.869572129164228769e-01
3.833930681453387446e-01
3.798147472620793663e-01
3.762232156306621333e-01
3.726194386151042148e-01
3.690043815794232240e-01
3.653790098876363857e-01
3.617442889037611464e-01
3.581011839918146755e-01
3.544506605158145862e-01
3.507936838397780477e-01
3.471312193277225622e-01
3.434642323436654099e-01
3.397936882516240931e-01
3.361205524156157254e-01
3.324457901996578646e-01
3.287703669677678464e-01
3.250952480839630065e-01
3.214213989122606807e-01
3.177497848166783156e-01
3.140813711612332471e-01
3.104171233099426996e-01
3.067580066268242867e-01
3.031049864758951218e-01
2.994590282211725962e-01
2.958210972266744343e-01
2.921921588564175831e-01
2.885731784744194894e-01
2.849651214446978220e-01
2.813689531312695280e-01
2.777856388981521096e-01
2.742161441093629581e-01
2.706614341289196313e-01
2.671224743208391872e-01
2.636002300491390726e-01
2.600956666778366788e-01
2.566097495709494525e-01
2.531434440924947293e-01
2.496977156064897063e-01
2.462735294769520522e-01
2.428718510678989084e-01
2.394936457433474719e-01
2.361398788673154114e-01
2.328115158038202015e-01
2.295095219168787892e-01
2.262348625705087601e-01
2.229885031287275887e-01
2.197714089555524164e-01
2.165845454150007732e-01
2.134288778710898837e-01
2.103053716878373058e-01
2.072149922292600976e-01
2.041587048593759279e-01
2.011374749422019104e-01
1.981522678417558525e-01
1.952040489220545627e-01
1.922937835471156820e-01
1.894224370809565738e-01
1.865909748875945462e-01
1.838003623310469625e-01
1.810515647753311863e-01
1.783455475844647475e-01
1.756832761224647599e-01
1.730657157533486701e-01
1.704938318411339526e-01
1.679685897498378322e-01
1.654909548434777278e-01
1.630618924860710028e-01
1.606823680416351041e-01
1.583533468741872285e-01
1.560757943477448229e-01
1.538506758263251950e-01
1.516789566739460138e-01
1.495616022546241430e-01
1.474995779323773626e-01
1.454938490712225918e-01
1.435453810351777493e-01
1.416551391882598654e-01
1.398240888944864146e-01
1.380531955178746495e-01
1.363434244224418224e-01
1.346957409722057131e-01
1.331111105311832965e-01
1.315904984633922969e-01
1.301348701328494950e-01
1.287451909035729758e-01
1.274224261395795754e-01
1.261675412048867406e-01
1.249815014635122928e-01
1.238652722794729294e-01
1.228198190167865550e-01
1.218461070394700058e-01
1.209451017115409643e-01
1.201177683970167942e-01
1.193650724599149282e-01
1.186879792642527576e-01
1.180874541740473405e-01
1.175644625533160265e-01
1.171199697660768868e-01
1.167549411763461886e-01
1.164693022087713858e-01
1.162129619017505250e-01
1.159578803513725276e-01
1.157040604142223622e-01
1.154515049468852195e-01
1.152002168059461096e-01
1.149501988479901815e-01
1.147014539296025287e-01
1.144539849073681892e-01
1.142077946378723258e-01
1.139628859777000042e-01
1.137192617834362762e-01
1.134769249116662909e-01
1.132358782189750862e-01
1.129961245619477833e-01
1.127576667971694618e-01
1.125205077812252569e-01
1.122846503707001925e-01
1.120500974221794316e-01
1.118168517922480260e-01
1.115849163374910691e-01
1.113542939144936544e-01
1.111249873798408755e-01
1.108969995901178257e-01
1.106703334019095847e-01
1.104449916718012736e-01
1.102209772563779444e-01
1.099982930122247182e-01
1.097769417959266885e-01
1.095569264640689211e-01
1.093382498732365371e-01
1.091209148800146161e-01
1.089049243409882378e-01
1.086902811127425234e-01
1.084769880518625385e-01
1.082650480149333905e-01
1.080544638585401451e-01
1.078452384392679236e-01
1.076373746137018056e-01
1.074308752384269122e-01
1.072257431700282676e-01
1.070219812650910346e-01
1.068195923802002650e-01
1.066185793719410801e-01
1.064189450968985179e-01
1.062206924116577272e-01
1.060238241728037739e-01
1.058283432369217514e-01
1.056342524605967670e-01
1.054415547004139003e-01
1.052502528129582171e-01
1.050603496548148524e-01
1.048718480825688582e-01
1.046847509528053971e-01
1.044990611221094656e-01
1.043147814470662127e-01
1.041319147842607457e-01
1.039504639902781163e-01
1.037704319217034182e-01
1.035918214351217725e-01
1.034146353871182589e-01
1.032388766342779707e-01
1.030645480331859459e-01
1.028916524404273614e-01
1.027201927125872827e-01
1.025501717062507895e-01
1.023815922780029614e-01
1.022144572844289057e-01
1.020487695821137158e-01
1.018845320276424993e-01
1.017217474776002939e-01
1.015604187885722626e-01
1.014005488171434294e-01
1.012421404198989294e-01
1.010851964534238701e-01
1.009297197743032892e-01
1.007757132391223220e-01
1.006231797044660342e-01
1.004721220269195470e-01
1.003225430630678983e-01
1.001744456694962510e-01
1.000278327027896569e-01
9.988270701953319564e-02
9.973907147631200232e-02
9.959692892971111489e-02
9.945628223631568232e-02
9.931713425271072870e-02
9.917948783548141689e-02
9.904334584121279872e-02
9.890871112648996766e-02
9.877558654789801718e-02
9.864397496202206850e-02
9.851387922544715958e-02
9.838530219475843941e-02
9.825824672654095981e-02
9.813271567737982815e-02
9.800871190386012399e-02
9.788623826256695470e-02
9.776529761008539987e-02
9.764589280300056684e-02
9.752802669789754908e-02
9.741170215136139843e-02
9.729692201997724998e-02
9.718368916033019722e-02
9.707200642900529197e-02
9.696187668258766934e-02
9.685330277766240892e-02
9.674628757081456254e-02
9.664083391862927919e-02
9.653694467769161069e-02
9.643462270458667829e-02
9.633387085589957544e-02
9.623469198821536785e-02
9.613708895811914901e-02
9.604106462219602625e-02
9.594662183703109304e-02
9.585376345920941510e-02
9.576249234531612753e-02
9.567281135193629604e-02
9.558472333565501411e-02
9.549823115305737520e-02
9.541333766072844502e-02
9.533004571525338644e-02
9.524835817321722353e-02
9.516827789120504977e-02
9.508980772580201413e-02
9.501295053359314069e-02
9.493770917116357844e-02
9.486408649509839308e-02
9.479208536198266422e-02
9.472170862840149919e-02
9.465295915094000534e-02
9.458583978618323451e-02
9.452035339071630793e-02
9.445650282112430518e-02
9.439429093399234749e-02
9.433372058590548670e-02
9.427479463344881627e-02
9.421751593320747131e-02
9.416188734176650366e-02
9.410791171571102065e-02
9.405559191162608801e-02
9.400493078609682696e-02
9.395593119570834484e-02
9.390859599704569349e-02
9.386292804669399414e-02
9.381893020123831251e-02
9.377660531726375592e-02
9.373595625135543175e-02
9.369698586009839181e-02
9.365969700007777121e-02
9.362409252787863567e-02
9.359017530008607866e-02
9.355794817328520752e-02
9.352741400406108796e-02
9.349857564899882734e-02
9.347143596468356075e-02
9.344599780770028452e-02
9.342226403463417539e-02
9.340023750207027131e-02
9.337992106659370739e-02
9.336131758478953546e-02
9.334442991324287675e-02
9.332926090853881085e-02
9.331581342726243122e-02
9.330409032599881747e-02
9.329409446133309081e-02
9.328582868985033083e-02
9.327929586813561713e-02
9.327449885277404318e-02
9.327144050035071632e-02
9.327012366745071614e-02
9.327435338616442417e-02
9.329349651121419951e-02
9.332782025564698158e-02
9.337714381877780523e-02
9.344128639992159424e-02
9.352006719839341120e-02
9.361330541350819379e-02
9.372082024458096294e-02
9.384243089092669798e-02
9.397795655186037822e-02
9.412721642669703848e-02
9.429002971475165806e-02
9.446621561533918854e-02
9.465559332777465085e-02
9.485798205137303818e-02
9.507320098544934373e-02
9.530106932931854680e-02
9.554140628229564058e-02
9.579403104369564603e-02
9.605876281283352858e-02
9.633542078902426753e-02
9.662382417158285608e-02
9.692379215982432905e-02
9.723514395306365188e-02
9.755769875061580387e-02
9.789127575179579210e-02
9.823569415591859588e-02
9.859077316229922228e-02
9.895633197025267835e-02
9.933218977909387404e-02
9.971816578813788579e-02
1.001140791966996929e-01
1.005197492040942608e-01
1.009349950096366105e-01
1.013596358126417352e-01
1.017934908124245863e-01
1.022363792083001294e-01
1.026881201995834408e-01
1.031485329855895139e-01
1.036174367656332584e-01
1.040946507390297510e-01
1.045799941050939291e-01
1.050732860631408000e-01
1.055743458124853013e-01
1.060829925524425371e-01
1.065990454823274175e-01
1.071223238014549911e-01
1.076526467091401956e-01
1.081898334046980520e-01
1.087337030874435118e-01
1.092840749566916236e-01
1.098407682117573253e-01
1.104036020519556655e-01
1.109723956766016095e-01
1.115469682850101507e-01
1.121271390764962683e-01
1.127127272503749694e-01
1.133035520059612333e-01
1.138994325425700116e-01
1.145001880595163946e-01
1.151056377561153199e-01
1.157156008316817947e-01
1.163298964855307704e-01
1.169483439169772959e-01
1.175707623253363227e-01
1.181969709099227883e-01
1.188267888700518110e-01
1.194600354050383145e-01
1.200965297141973059e-01
1.207360909968437646e-01
1.213785384522927113e-01
1.220236912798590700e-01
1.226713686788579033e-01
1.233213898486040933e-01
1.239735739884127858e-01
1.246277402975989046e-01
1.252837079754774430e-01
1.259412962213633524e-01
1.266003242345717095e-01
1.272606112144174240e-01
1.279219763602154614e-01
1.285842388712809259e-01
1.292472179469287552e-01
1.299107327864739703e-01
1.305746025892315088e-01
1.312386465545163916e-01
1.319026838816436120e-01
1.325665337699280799e-01
1.332300154186849273e-01
1.338929480272290917e-01
1.345551507948755388e-01
1.352164429209393171e-01
1.358766436047353088e-01
1.365355720455786181e-01
1.371930474427841551e-01
1.378488889956669683e-01
1.385029159035420232e-01
1.391549473657243408e-01
1.398048025815289142e-01
1.404523007502706811e-01
1.410972610712646902e-01
1.417395027438258792e-01
1.423788449672692691e-01
1.430151069409098252e-01
1.436481078640626241e-01
1.442776669360425756e-01
1.449036033561647285e-01
1.455257363237439650e-01
1.461438850380954446e-01
1.467578686985339387e-01
1.473675065043746624e-01
1.479726176549324979e-01
1.485730213495224661e-01
1.491685367874595047e-01
1.497589831680586903e-01
1.503441796906349603e-01
1.509239455545032804e-01
1.514980999589786992e-01
1.520664621033761821e-01
1.526288511870107500e-01
1.531850864091973685e-01
1.537349869692510307e-01
1.542783720664867020e-01
1.548150609002194034e-01
1.553448726697641558e-01
1.558676265744358691e-01
1.563831418135496476e-01
1.568912375864204012e-01
1.573917330923631508e-01
1.578844475306928619e-01
1.583692001007245553e-01
1.588458100017731967e-01
1.593140964331537790e-01
1.597738785941813511e-01
1.602249756841708228e-01
1.606672069024372984e-01
1.611003914482956323e-01
1.615243485210608176e-01
1.619388973200479864e-01
1.623438570445720486e-01
1.627390468939480250e-01
1.631242860674907980e-01
1.634993937645155548e-01
1.638641891843371223e-01
1.642184915262705491e-01
1.645621199896307729e-01
1.648948937737328702e-01
1.652166320778918618e-01
1.655271541014226022e-01
1.658262790436401957e-01
1.661138261038596076e-01
1.663896144813957756e-01
1.666534633755637762e-01
1.669051919856785471e-01
1.671446195110550814e-01
1.673715651510083724e-01
1.675858481048534132e-01
1.677872875719052248e-01
1.679757027514787726e-01
1.681509128428890776e-01
1.683127370454510774e-01
1.684609945584798207e-01
1.685955045812902731e-01
1.687160863131973998e-01
1.688225589535162496e-01
1.689147417015617048e-01
1.689924537566489249e-01
1.690555143180928199e-01
1.691037425852082998e-01
1.691369577573104965e-01
1.691549790337143200e-01
1.691579004804062980e-01
1.691492958168580585e-01
1.691303986239659773e-01
1.691013161369183393e-01
1.690621555909034290e-01
1.690130242211096978e-01
1.689540292627252915e-01
1.688852779509386892e-01
1.688068775209381200e-01
1.687189352079118965e-01
1.686215582470484142e-01
1.685148538735359025e-01
1.683989293225627570e-01
1.682738918293172625e-01
1.681398486289877037e-01
1.679969069567624484e-01
1.678451740478298371e-01
1.676847571373780987e-01
1.675157634605956569e-01
1.673383002526707686e-01
1.671524747487917739e-01
1.669583941841469577e-01
1.667561657939247155e-01
1.665458968133133044e-01
1.663276944775010369e-01
1.661016660216763086e-01
1.658679186810273487e-01
1.656265596907425530e-01
1.653776962860101507e-01
1.651214357020185375e-01
1.648578851739560258e-01
1.645871519370109004e-01
1.643093432263715292e-01
1.640245662772261970e-01
1.637329283247631884e-01
1.634345366041708991e-01
1.631294983506375862e-01
1.628179207993516175e-01
1.624999111855013056e-01
1.621755767442749352e-01
1.618450247108608464e-01
1.615083623204474073e-01
1.611656968082228469e-01
1.608171354093755057e-01
1.604627853590937514e-01
1.601027538925658689e-01
1.597371482449801705e-01
1.593660756515250521e-01
1.589896433473887705e-01
1.586079585677596104e-01
1.582211285478259122e-01
1.578292605227760437e-01
1.574324617277982619e-01
1.570308393980809625e-01
1.566245007688123747e-01
1.562135530751809220e-01
1.557981035523748337e-01
1.553782594355824498e-01
1.549541279599921384e-01
1.545258163607921287e-01
1.540934318731708441e-01
1.536570817323165139e-01
1.532168731734175615e-01
1.527729134316621884e-01
1.523253097422387903e-01
1.518741693403356519e-01
1.514195994611411134e-01
1.509617073398434872e-01
1.505006002116310859e-01
1.500363853116922497e-01
1.495691698752153187e-01
1.490990611373885499e-01
1.486261663334002836e-01
1.481505926984388599e-01
1.476724474676925913e-01
1.471918378763497626e-01
1.467088711595987416e-01
1.462236545526278686e-01
1.457362952906254006e-01
1.452469006087796499e-01
1.447555777422790124e-01
1.442624339263117172e-01
1.437675763960661601e-01
1.432711123867306258e-01
1.427731491334934821e-01
1.422737938715429584e-01
1.417731538360674226e-01
1.412713362622551871e-01
1.407684483852945923e-01
1.402645974403739504e-01
1.397598906626815185e-01
1.392544352874057201e-01
1.387483385497348676e-01
1.382417076848571902e-01
1.377346499279610559e-01
1.372272725142347771e-01
1.367196826788666941e-01
1.362119876570451471e-01
1.357042946839583930e-01
1.351967109947947998e-01
1.346893438247426245e-01
1.341823004089902627e-01
1.336756879827259992e-01
1.331696137811381464e-01
1.326641850394150446e-01
1.321595089927449784e-01
1.316556928763163714e-01
1.311528439253173972e-01
1.306510693749364516e-01
1.301504764603618192e-01
1.296511724167818680e-01
1.291532644793848827e-01
1.286568598833592314e-01
1.281620658638931709e-01
1.276689896561750970e-01
1.271777384953932388e-01
1.266884196167359367e-01
1.262011402553915584e-01
1.257160076465483889e-01
1.252331290253947682e-01
1.247526116271189395e-01
1.242745626869093400e-01
1.237990894399542269e-01
1.233262991214419263e-01
1.228562989665607785e-01
1.223891962104991377e-01
1.219250980884452051e-01
1.214641118355873350e-01
1.210063446871139092e-01
1.205519038782132263e-01
1.201008966440735709e-01
1.196534302198833111e-01
1.192096118408307176e-01
1.187695487421041307e-01
1.183333481588918906e-01
1.179011173263823098e-01
1.174729634797636729e-01
1.170489938542243341e-01
1.166293156849526336e-01
1.162140362071369115e-01
1.158032626559653555e-01
1.153971022666263890e-01
1.149956622743082829e-01
1.145990499141993912e-01
1.142073724214880404e-01
1.138207370313625288e-01
1.134392509790111969e-01
1.130630214996223432e-01
1.126921558283842661e-01
1.123267612004853339e-01
1.119669448511139004e-01
1.116128140154581533e-01
1.112644759287065299e-01
1.109220378260473150e-01
1.105856069426688765e-01
1.102552905137594019e-01
1.099311957745073148e-01
1.096134299601009138e-01
1.093021003057284973e-01
1.089973140465784057e-01
1.086991784178389514e-01
1.084078006546984746e-01
1.081232879923452739e-01
1.078457476659676756e-01
1.075752869107539922e-01
1.073120129618925500e-01
1.070560330545716754e-01
1.068074544239796531e-01
1.065663843053048648e-01
1.063329299337356232e-01
1.061071985444601573e-01
1.058892973726668768e-01
1.056759028482458923e-01
1.054622846201169334e-01
1.052484287228734189e-01
1.050343528391745190e-01
1.048200746516794596e-01
1.046056118430474940e-01
1.043909820959378482e-01
1.041762030930097199e-01
1.039612925169223628e-01
1.037462680503349888e-01
1.035311473759068374e-01
1.033159481762971621e-01
1.031006881341651332e-01
1.028853849321700042e-01
1.026700562529709870e-01
1.024547197792273212e-01
1.022393931935982325e-01
1.020240941787429606e-01
1.018088404173207312e-01
1.015936495919907423e-01
1.013785393854122474e-01
1.011635274802444584e-01
1.009486315591466149e-01
1.007338693047779427e-01
1.005192583997976535e-01
1.003048165268650149e-01
1.000905613686392387e-01
9.987651060777952283e-02
9.966268192694507921e-02
9.944909300879517522e-02
9.923576153598905047e-02
9.902270519118587522e-02
9.880994165704494459e-02
9.859748861622541494e-02
9.838536375138658141e-02
9.817358474518764200e-02
9.796216928028779469e-02
9.775113503934630688e-02
9.754049970502239042e-02
9.733028095997527107e-02
9.712049648686421621e-02
9.691116396834836832e-02
9.670230108708703642e-02
9.649392552573939075e-02
9.628605496696465704e-02
9.607870709342210269e-02
9.587189958777095344e-02
9.566565013267039341e-02
9.545997641077970386e-02
9.525489610475806890e-02
9.505042689726471428e-02
9.484658647095890738e-02
9.464339250849984619e-02
9.444086269254674260e-02
9.423901470575887784e-02
9.403786623079543605e-02
9.383743495031565685e-02
9.363773854697875210e-02
9.343879470344394755e-02
9.324062110237049672e-02
9.304323542641759759e-02
9.284665535824450366e-02
9.265089858051042682e-02
9.245598277587459279e-02
9.226192562699625510e-02
9.206874481653458397e-02
9.187645802714887455e-02
9.168508294149829707e-02
9.149463724224210504e-02
9.130513861203953807e-02
9.111660473354980805e-02
9.092905328943212684e-02
9.074250196234573407e-02
9.055696843494988324e-02
9.037247038990375847e-02
9.018902550986658551e-02
9.000665147749763173e-02
8.982536597545610901e-02
8.964518668640121535e-02
8.946613129299221812e-02
8.928821747788832919e-02
8.911146292374874656e-02
8.893588531323273760e-02
8.876150232899952808e-02
8.858833165370835760e-02
8.841639097001839642e-02
8.824569796058891191e-02
8.807627030807911594e-02
8.790812569514823427e-02
8.774128180445549263e-02
8.757575631866013066e-02
8.741156692042138798e-02
8.724873129239846259e-02
8.708726711725060798e-02
8.692719207763703604e-02
8.676852385621697250e-02
8.661128013564962924e-02
8.645547859859427364e-02
8.630113692771010370e-02
8.614827280565635903e-02
8.599690391509223764e-02
8.584704793867700690e-02
8.569872255906986480e-02
8.555194545893006486e-02
8.540673432091680506e-02
8.526310682768933891e-02
8.512108066190686440e-02
8.498067350622863503e-02
8.484190304331386268e-02
8.470478695582177309e-02
8.456934292641161977e-02
8.443558863774258683e-02
8.430354177247391390e-02
8.417322001326485448e-02
8.404464104277464820e-02
8.391782254366245142e-02
8.379278219858755927e-02
8.366953769020915588e-02
8.354810670118648086e-02
8.342850691417875997e-02
8.331075601184523283e-02
8.319487167684509743e-02
8.308087159183762116e-02
8.296877343948201589e-02
8.285859490243750736e-02
8.275035366336332132e-02
8.264406740491865577e-02
8.253975380976277809e-02
8.243743056055491403e-02
8.233711533995427545e-02
8.223882583062008811e-02
8.214257971521157775e-02
8.204839467638798400e-02
8.195628839680851874e-02
8.186627855913243546e-02
8.177838284601890440e-02
8.169261894012720682e-02
8.160900452411658235e-02
8.152755728064618734e-02
8.144829489237531694e-02
8.137123504196315527e-02
8.129639541206895581e-02
8.122379368535191657e-02
8.115344754447131881e-02
8.108537467208633276e-02
8.101959275085622580e-02
8.095611946344018206e-02
8.089497249249745503e-02
8.083616952068727046e-02
8.077972823066885411e-02
8.072566630510141783e-02
8.067400142664422902e-02
8.062475127795648566e-02
8.057793354169741351e-02
8.053356590052623831e-02
8.049166603710221357e-02
8.045225163408452340e-02
8.041534037413243519e-02
8.038094993990514692e-02
8.034909801406188434e-02
8.031980227926190097e-02
8.029308041816439478e-02
8.026895011342861930e-02
8.024742904771380025e-02
8.022853490367913565e-02
8.021228536398387898e-02
8.019869811128724213e-02
8.018779082824847859e-02
8.017958119752678636e-02
8.017408690178139119e-02
8.017132562367154658e-02
8.017200182029893263e-02
8.018027915754002977e-02
8.019677460472474095e-02
8.022139057381028060e-02
8.025402947675389087e-02
8.029459372551280005e-02
8.034298573204425031e-02
8.039910790830545606e-02
8.046286266625364558e-02
8.053415241784604717e-02
8.061287957503991686e-02
8.069894654979245519e-02
8.079225575406090432e-02
8.089270959980252029e-02
8.100021049897450365e-02
8.111466086353408267e-02
8.123596310543847177e-02
8.136401963664495474e-02
8.149873286911071824e-02
8.164000521479301831e-02
8.178773908564906936e-02
8.194183689363612744e-02
8.210220105071137919e-02
8.226873396883209455e-02
8.244133805995547404e-02
8.261991573603878758e-02
8.280436940903923571e-02
8.299460149091403283e-02
8.319051439362044886e-02
8.339201052911569823e-02
8.359899230935695369e-02
8.381136214630156844e-02
8.402902245190667363e-02
8.425187563812955305e-02
8.447982411692742111e-02
8.471277030025750610e-02
8.495061660007702242e-02
8.519326542834321225e-02
8.544061919701333163e-02
8.569258031804458109e-02
8.594905120339420279e-02
8.620993426501941115e-02
8.647513191487743445e-02
8.674454656492554261e-02
8.701808062712093617e-02
8.729563651342080177e-02
8.757711663578246486e-02
8.786242340616309821e-02
8.815145923651995785e-02
8.844412653881024433e-02
8.874032772499122756e-02
8.903996520702012196e-02
8.934294139685412806e-02
8.964915870645050189e-02
8.995851954776648562e-02
9.027092633275927980e-02
9.058628147338612657e-02
9.090448738160428199e-02
9.122544646937094659e-02
9.154906114864336253e-02
9.187523383137868871e-02
9.220386692953430607e-02
9.253486285506734577e-02
9.286812401993506383e-02
9.320355283609466079e-02
9.354105171550342046e-02
9.388052307011852948e-02
9.422186931189721615e-02
9.456499285279675038e-02
9.490979610477433270e-02
9.525618147978719141e-02
9.560405138979258255e-02
9.595330824674772052e-02
9.630385446260981974e-02
9.665559244933606686e-02
9.700842461888381507e-02
9.736225338321023715e-02
9.771698115427254749e-02
9.807251034402798828e-02
9.842874336443378780e-02
9.878558262744718821e-02
9.914293054502540392e-02
9.950068952912567710e-02
9.985876199170522216e-02
1.002170503447212813e-01
1.005754570001310966e-01
1.009338843698918686e-01
1.012922348659608535e-01
1.016504109002952794e-01
1.020083148848523191e-01
1.023658492315892704e-01
1.027229163524633893e-01
1.030794186594318623e-01
1.034352585644519179e-01
1.037903384794807843e-01
1.041445608164757036e-01
1.044978279873938903e-01
1.048500424041926143e-01
1.052011064788290623e-01
1.055509226232604764e-01
1.058993932494440848e-01
1.062464207693371576e-01
1.065919075948968814e-01
1.069357561380804289e-01
1.072778688108451534e-01
1.076181480251482553e-01
1.079564961929469213e-01
1.082928157261984076e-01
1.086270090368599561e-01
1.089589785368887676e-01
1.092886266382421118e-01
1.096158557528771477e-01
1.099405682927511729e-01
1.102626666698214158e-01
1.105820532960450631e-01
1.108986305833793706e-01
1.112123009437815946e-01
1.115229667892089077e-01
1.118305305316185244e-01
1.121348945829678256e-01
1.124359613552138731e-01
1.127336332603139785e-01
1.130278127102253838e-01
1.133184021169052896e-01
1.136053038923109104e-01
1.138884204483995161e-01
1.141676541971282932e-01
1.144429075504545534e-01
1.147140829203354140e-01
1.149810827187281725e-01
1.152438093575900713e-01
1.155021652488782968e-01
1.157560528045501191e-01
1.160053744365626555e-01
1.162500325568733561e-01
1.164899295774392829e-01
1.167249679102177196e-01
1.169550499671659083e-01
1.171800781602409941e-01
1.173999549014003441e-01
1.176145826026011032e-01
1.178238636758005137e-01
1.180277005329558038e-01
1.182259955860242018e-01
1.184186512469629637e-01
1.186055699277292902e-01
1.187866540402804094e-01
1.189618059965735775e-01
1.191309282085660087e-01
1.192939230882149454e-01
1.194506930474776435e-01
1.196011404983112619e-01
1.197451678526730706e-01
1.198826775225203117e-01
1.200135719198102274e-01
1.201377534564999905e-01
1.202551245445469263e-01
1.203655875959081384e-01
1.204690450225409382e-01
1.205653992364025540e-01
1.206545526494502418e-01
1.207364076736411468e-01
1.208108667209325388e-01
1.208778322032816738e-01
1.209372065326457801e-01
1.209888921209820306e-01
1.210327913802477784e-01
1.210688067224001407e-01
1.210968405593963182e-01
1.211167953031936778e-01
1.211285733657493369e-01
1.211320997508835567e-01
1.211313884092620613e-01
1.211294572610970149e-01
1.211263168185508499e-01
1.211219775937860538e-01
1.211164500989650866e-01
1.211097448462504222e-01
1.211018723478044790e-01
1.210928431157897445e-01
1.210826676623687065e-01
1.210713564997037972e-01
1.210589201399575043e-01
1.210453690952922462e-01
1.210307138778704689e-01
1.210149649998547156e-01
1.209981329734073907e-01
1.209802283106909543e-01
1.209612615238678801e-01
1.209412431251006143e-01
1.209201836265516722e-01
1.208980935403834306e-01
1.208749833787584327e-01
1.208508636538390690e-01
1.208257448777878412e-01
1.207996375627672092e-01
1.207725522209396052e-01
1.207444993644675446e-01
1.207154895055134181e-01
1.206855331562397410e-01
1.206546408288089317e-01
1.206228230353835335e-01
1.205900902881259090e-01
1.205564530991985461e-01
1.205219219807639602e-01
1.204865074449845419e-01
1.204502200040228066e-01
1.204130701700411588e-01
1.203750684552021138e-01
1.203362253716681179e-01
1.202965514316016310e-01
1.202560571471650575e-01
1.202147530305209544e-01
1.201726495938317263e-01
1.201297573492598608e-01
1.200860868089677902e-01
1.200416484851179882e-01
1.199964528898729288e-01
1.199505105353950440e-01
1.199038319338468078e-01
1.198564275973906940e-01
1.198083080381891763e-01
1.197594837684046593e-01
1.197099653001996444e-01
1.196597631457365918e-01
1.196088878171779751e-01
1.195573498266862128e-01
1.195051596864238203e-01
1.194523279085532158e-01
1.193988650052368594e-01
1.193447814886372527e-01
1.192900878709168139e-01
1.192347946642380307e-01
1.191789123807633494e-01
1.191224515326552158e-01
1.190654226320761594e-01
1.190078361911885707e-01
1.189497027221549375e-01
1.188910327371376779e-01
1.188318367482993493e-01
1.187721252678023004e-01
1.187119088078091023e-01
1.186511978804821177e-01
1.185900029979838760e-01
1.185283346724767817e-01
1.184662034161233501e-01
1.184036197410860136e-01
1.183405941595272459e-01
1.182771371836095209e-01
1.182132593254952291e-01
1.181489710973469137e-01
1.180842830113270209e-01
1.180192055795979689e-01
1.179537493143222593e-01
1.178879247276623105e-01
1.178217423317806378e-01
1.177552126388396736e-01
1.176883461610018916e-01
1.176211534104297241e-01
1.175536448992856448e-01
1.174858311397321137e-01
1.174177226439316324e-01
1.173493299240466053e-01
1.172806634922395341e-01
1.172117338606728787e-01
1.171425515415090435e-01
1.170731270469105578e-01
1.170034708890398401e-01
1.169335935800593640e-01
1.168635056321315757e-01
1.167932175574189907e-01
1.167227398680839995e-01
1.166520830762891314e-01
1.165812576941968048e-01
1.165102742339694797e-01
1.164391432077696159e-01
1.163678751277596735e-01
1.162964805061021678e-01
1.162249698549594895e-01
1.161533536864941124e-01
1.160816425128685242e-01
1.160098468462451987e-01
1.159379771987865265e-01
1.158660440826550647e-01
1.157940580100131622e-01
1.157220294930233623e-01
1.156499690438481387e-01
1.155778871746498820e-01
1.155057943975911217e-01
1.154337012248342620e-01
1.153616181685417907e-01
1.152895557408761679e-01
1.152175244539998672e-01
1.151455348200753487e-01
1.150735973512650168e-01
1.150017225597314147e-01
1.149299209576369468e-01
1.148582030571441148e-01
1.147865793704153231e-01
1.147150604096130871e-01
1.146436566868998391e-01
1.145723787144380806e-01
1.145012370043902022e-01
1.144302420689187055e-01
1.143594044201860782e-01
1.142887345703547247e-01
1.142182430315871466e-01
1.141479403160457901e-01
1.140778369358931427e-01
1.140079434032916228e-01
1.139382702304036904e-01
1.138688279293918609e-01
1.137996270124185527e-01
1.137306779916462396e-01
1.136619913792373537e-01
1.135935776873543829e-01
1.135254474281598008e-01
1.134576111138160537e-01
1.133900792564855875e-01
1.133228623683309039e-01
1.132559709615144350e-01
1.131894155481986269e-01
1.131232066405459535e-01
1.130573547507189164e-01
1.129918703908798921e-01
1.129267640731914379e-01
1.128620463098159443e-01
1.127977276129158990e-01
1.127338184946537619e-01
1.126703294671920069e-01
1.126072710426930662e-01
1.125446537333193997e-01
1.124824880512334951e-01
1.124207845085978125e-01
1.123595536175747978e-01
1.122988058903268971e-01
1.122385518390166120e-01
1.121788019758063887e-01
1.121195668128586731e-01
1.120608568623359252e-01
1.120026826364006328e-01
1.119450546472152280e-01
1.118879834069421986e-01
1.118311870886323639e-01
1.117737157933306469e-01
1.117155068224753717e-01
1.116565728818038339e-01
1.115969266770533014e-01
1.115365809139610420e-01
1.114755482982643375e-01
1.114138415357004835e-01
1.113514733320067202e-01
1.112884563929203569e-01
1.112248034241786476e-01
1.111605271315188881e-01
1.110956402206783183e-01
1.110301553973942479e-01
1.109640853674039446e-01
1.108974428364446763e-01
1.108302405102537247e-01
1.107624910945683855e-01
1.106942072951258987e-01
1.106254018176635739e-01
1.105560873679186512e-01
1.104862766516284261e-01
1.104159823745301666e-01
1.103452172423611821e-01
1.102739939608587127e-01
1.102023252357600402e-01
1.101302237728024463e-01
1.100577022777231989e-01
1.099847734562595936e-01
1.099114500141488843e-01
1.098377446571283667e-01
1.097636700909352808e-01
1.096892390213069501e-01
1.096144641539806147e-01
1.095393581946935840e-01
1.094639338491831121e-01
1.093882038231864667e-01
1.093121808224409436e-01
1.092358775526837966e-01
1.091593067196523353e-01
1.090824810290837998e-01
1.090054131867154857e-01
1.089281158982846609e-01
1.088506018695286071e-01
1.087728838061845921e-01
1.086949744139898977e-01
1.086168863986818195e-01
1.085386324659975976e-01
1.084602253216745277e-01
1.083816776714498914e-01
1.083030022210609566e-01
1.082242116762449774e-01
1.081453187427392632e-01
1.080663361262811095e-01
1.079872765326077289e-01
1.079081526674564306e-01
1.078289772365644966e-01
1.077497629456691947e-01
1.076705225005078065e-01
1.075912686068176000e-01
1.075120139703358568e-01
1.074327712967998449e-01
1.073535532919468322e-01
1.072743726615141280e-01
1.071952421112389864e-01
1.071161743468586891e-01
1.070371820741105040e-01
1.069582779987317128e-01
1.068794748264595973e-01
1.068007852630314392e-01
1.067222220141844785e-01
1.066437977856560249e-01
1.065655252831833322e-01
1.064874172125036961e-01
1.064094862793543983e-01
1.063317451894726928e-01
1.062542066485958614e-01
1.061768833624611996e-01
1.060997880368059337e-01
1.060229333773674010e-01
1.059463320898828276e-01
1.058699968800895230e-01
1.057939404537247829e-01
1.057181755165258197e-01
1.056427147742299288e-01
1.055675709325744338e-01
1.054927566972965608e-01
1.054182847741335916e-01
1.053441678688228217e-01
1.052704186871015191e-01
1.051970499347069515e-01
1.051240743173764008e-01
1.050515045408471487e-01
1.049793533108564769e-01
1.049076333331416394e-01
1.048363573134399040e-01
1.047655379574885803e-01
1.046951879710249361e-01
1.046253200597862532e-01
1.045559469295097993e-01
1.044870812859328146e-01
1.044187358347926226e-01
1.043509232818264909e-01
1.042836563327716737e-01
1.042169476933654804e-01
1.041508100693451511e-01
1.040852561664479814e-01
1.040202986904112392e-01
1.039559503469722201e-01
1.038922238418681920e-01
1.038291318808364089e-01
1.037666871696141940e-01
1.037049024139387737e-01
1.036437903195474297e-01
1.035833635921774715e-01
1.035236349375661530e-01
1.034646170614507421e-01
1.034063226695685345e-01
1.033487644676567840e-01
1.032919551614527864e-01
1.032359074566937956e-01
1.031806340591171073e-01
1.031261476744600170e-01
1.030724610084597648e-01
1.030195867668536186e-01
1.029675376553789018e-01
1.029163263797728545e-01
1.028659656457727584e-01
1.028164681591158813e-01
1.027678466255395329e-01
1.027201137507809392e-01
1.026732822405774098e-01
1.026273648006662265e-01
1.025823741367846431e-01
1.025383229546699554e-01
1.024952239600594311e-01
1.024530898586903244e-01
1.024119333562999445e-01
1.023717671586255595e-01
1.023326039714044372e-01
1.022944565003738315e-01
1.022573374512710936e-01
1.022212595298334081e-01
1.021862354417981122e-01
1.021522778929024322e-01
1.021193995888837053e-01
1.020876132354791854e-01
1.020569315384260989e-01
1.020273672034617968e-01
1.019989329363235053e-01
1.019716414427485202e-01
1.019455054284741091e-01
1.019205375992375678e-01
1.018967506607761503e-01
1.018741573188271243e-01
1.018527702791277717e-01
1.018326022474154019e-01
1.018136659294272411e-01
1.017959740309006128e-01
1.017795392575727570e-01
1.017643743151809693e-01
1.017504919094625176e-01
1.017379047461546837e-01
1.017266255309947492e-01
1.017166669697199682e-01
1.017080417680676224e-01
1.017007626317750074e-01
1.016948422665793772e-01
1.016902933782180135e-01
1.016871286724282120e-01
1.016853608549472265e-01
1.016853027840502049e-01
1.016937013619446245e-01
1.017132927428949091e-01
1.017440139959540357e-01
1.017858021901750093e-01
1.018385943946107791e-01
1.019023276783143500e-01
1.019769391103386574e-01
1.020623657597367201e-01
1.021585446955615012e-01
1.022654129868659639e-01
1.023829077027031131e-01
1.025109659121258981e-01
1.026495246841873238e-01
1.027985210879403394e-01
1.029578921924379498e-01
1.031275750667331181e-01
1.033075067798788216e-01
1.034976244009280372e-01
1.036978649989337420e-01
1.039081656429489131e-01
1.041284634020264721e-01
1.043586953452195071e-01
1.045987985415809535e-01
1.048487100601637606e-01
1.051083669700209611e-01
1.053777063402054764e-01
1.056566652397702977e-01
1.059451807377684157e-01
1.062431899032527799e-01
1.065506298052764089e-01
1.068674375128922521e-01
1.071935500951533005e-01
1.075289046211125171e-01
1.078734381598228792e-01
1.082270877803373915e-01
1.085897905517090034e-01
1.089614835429906919e-01
1.093421038232354620e-01
1.097315884614962628e-01
1.101298745268260715e-01
1.105368990882778929e-01
1.109525992149046764e-01
1.113769119757594128e-01
1.118097744398950655e-01
1.122511236763646669e-01
1.127008967542211110e-01
1.131590307425174302e-01
1.136254627103065601e-01
1.141001297266415332e-01
1.145829688605751462e-01
1.150739171811606953e-01
1.155729117574509357e-01
1.160798896584989554e-01
1.165947879533576481e-01
1.171175437110800466e-01
1.176480940007190862e-01
1.181863758913277440e-01
1.187323264519590388e-01
1.192858827516659198e-01
1.198469818595013503e-01
1.204155608445183212e-01
1.209915567757698512e-01
1.215749067223088481e-01
1.221655477531883582e-01
1.227634169374613171e-01
1.233684513441806879e-01
1.239805880423994616e-01
1.245997641011706153e-01
1.252259165895471538e-01
1.258589825765820125e-01
1.264988991313282518e-01
1.271456033228387239e-01
1.277990322201664752e-01
1.284591228923645245e-01
1.291258124084857517e-01
1.297990378375832032e-01
1.304787362487098423e-01
1.311648447109186322e-01
1.318573002932625637e-01
1.325560400647944059e-01
1.332610010945675383e-01
1.339721204516347575e-01
1.346893352050490267e-01
1.354125824238633369e-01
1.361417991771306235e-01
1.368769225339039053e-01
1.376178895632361177e-01
1.383646373341802793e-01
1.391171029157893813e-01
1.398752233771163589e-01
1.406389357872142309e-01
1.414081772151359051e-01
1.421828847299344278e-01
1.429629954006627346e-01
1.437484462963738441e-01
1.445391744861206917e-01
1.453351170389562408e-01
1.461362110239335377e-01
1.469423935101055179e-01
1.477536015665251723e-01
1.485697722622454642e-01
1.493908426663193567e-01
1.502167498477998409e-01
1.510474308757399353e-01
1.518828228191926033e-01
1.527228627472107247e-01
1.535674877288474016e-01
1.544166348331555694e-01
1.552702411291879137e-01
1.561282436859979805e-01
1.569905795726384556e-01
1.578571858581623300e-01
1.587279996116225667e-01
1.596029579020721567e-01
1.604819977985640633e-01
1.613650563701513052e-01
1.622520706858868178e-01
1.631429778148235643e-01
1.640377148260145357e-01
1.649362187885128062e-01
1.658384267713712001e-01
1.667442758436427641e-01
1.676537030743804890e-01
1.685666455326373658e-01
1.694830402874663022e-01
1.704028244079203169e-01
1.713259349630524009e-01
1.722523090219155451e-01
1.731818836535626849e-01
1.741145959270467836e-01
1.750503829114208598e-01
1.759891816757379324e-01
1.769309292890508811e-01
1.778755628204126971e-01
1.788230193388764266e-01
1.797732359134950331e-01
1.807261496133214518e-01
1.816816975074083407e-01
1.826398166648093846e-01
1.836004441545771582e-01
1.845635170457646801e-01
1.855289724074248858e-01
1.864967473086108218e-01
1.874667788183754513e-01
1.884390040057716820e-01
1.894133599398525603e-01
1.903897836896710216e-01
1.913682123242801403e-01
1.923485829127327684e-01
1.933308325240819248e-01
1.943148982273806280e-01
1.953007170916818136e-01
1.962882261860384725e-01
1.972773625795035402e-01
1.982680633411300630e-01
1.992602655399710043e-01
2.002539062450792717e-01
2.012489225255079672e-01
2.022452514503099708e-01
2.032428300885382455e-01
2.042415955092458379e-01
2.052414847814857390e-01
2.062424349743108565e-01
2.072443831567741812e-01
2.082472663979287042e-01
2.092510217668274441e-01
2.102555863325229757e-01
2.112608971640689837e-01
2.122668913305180982e-01
2.132735059009233103e-01
2.142806779443375831e-01
2.152948850455428942e-01
2.163281880958813075e-01
2.173807522686500571e-01
2.184524704532195272e-01
2.195432355389601575e-01
2.206529404152423046e-01
2.217814779714364082e-01
2.229287410969128247e-01
2.240946226810419939e-01
2.252790156131943555e-01
2.264818127827401273e-01
2.277029070790498877e-01
2.289421913914940210e-01
2.301995586094429669e-01
2.314749016222668598e-01
2.327681133193364171e-01
2.340790865900218842e-01
2.354077143236937841e-01
2.367538894097223068e-01
2.381175047374779752e-01
2.394984531963312846e-01
2.408966276756525082e-01
2.423119210648119470e-01
2.437442262531802906e-01
2.451934361301276732e-01
2.466594435850241740e-01
2.481421415072410930e-01
2.496414227861482871e-01
2.511571803111162793e-01
2.526893069715154261e-01
2.542376956567161117e-01
2.558022392560887481e-01
2.573828306590038029e-01
2.589793627548314658e-01
2.605917284329423156e-01
2.622198205827067641e-01
2.638635320934951123e-01
2.655227558546777722e-01
2.671973847556252668e-01
2.688873116857078971e-01
2.705924295342961305e-01
2.723126311907601571e-01
2.740478095444706108e-01
2.757978574847979036e-01
2.775626679011122810e-01
2.793421336827840995e-01
2.811361477191840486e-01
2.829446028996822626e-01
2.847673921136492092e-01
2.866044082504553558e-01
2.884555441994710034e-01
2.903206928500666750e-01
2.921997470916127271e-01
2.940925998134794050e-01
2.959991439050367323e-01
2.979192722556561201e-01
2.998528777547075919e-01
3.017998532915612819e-01
3.037600917555878799e-01
3.057334860361575202e-01
3.077199290226407258e-01
3.097193136044079087e-01
3.117315326708294809e-01
3.137564791112757989e-01
3.157940458151172747e-01
3.178441256717242647e-01
3.199066115704672919e-01
3.219813964007166018e-01
3.240683730518427175e-01
3.261674344132159953e-01
3.282784733742068473e-01
3.304013828241855744e-01
3.325360556525227551e-01
3.346823847485886905e-01
3.368402630017537924e-01
3.390095833013883619e-01
3.411902385368629775e-01
3.433821215975479402e-01
3.455851253728136618e-01
3.477991427520306100e-01
3.500240666245690857e-01
3.522597898797995009e-01
3.545062054070922675e-01
3.567632060958170759e-01
3.590306848353457814e-01
3.613085345150481298e-01
3.635966480242944221e-01
3.658949182524550148e-01
3.682032380889004308e-01
3.705215004230009157e-01
3.728495981441270479e-01
3.751874241416491285e-01
3.775348713049376248e-01
3.798918325233628379e-01
3.822582006862952908e-01
3.846338686831052289e-01
3.870187294031632308e-01
3.894126757358395419e-01
3.918156005705045741e-01
3.942273967965287951e-01
3.966479573032826722e-01
3.990771749801364510e-01
4.015149427164607099e-01
4.039611534016256389e-01
4.064156999250017610e-01
4.088784751759594882e-01
4.113493720438691215e-01
4.138282834181011838e-01
4.163151021880259761e-01
4.188097212430140215e-01
4.213120334724356764e-01
4.238219317656610752e-01
4.263393090120601858e-01
4.288640581010050856e-01
4.313960719218649098e-01
4.339352433640103479e-01
4.364814653168118674e-01
4.390346306696396028e-01
4.415946323118642436e-01
4.441613631328559242e-01
4.467347160219853341e-01
4.493145838686226634e-01
4.519008595621384350e-01
4.544934359919028943e-01
4.570922060472865645e-01
4.596970626176598018e-01
4.623078985923931850e-01
4.649246068608567373e-01
4.675470803124212038e-01
4.701752118364567745e-01
4.728088943223339724e-01
4.754480206594230429e-01
4.780924837370946756e-01
4.807421764447190604e-01
4.833969916716665538e-01
4.860568223073076788e-01
4.887215612410127918e-01
4.913911013621523050e-01
4.940653355600964636e-01
4.967441567242160128e-01
4.994274577438810869e-01
5.021151315084620981e-01
5.048070709073285700e-01
5.075031688298528021e-01
5.102033181654042071e-01
5.129074118033530860e-01
5.156153426330701839e-01
5.183270035439254686e-01
5.210422874252896852e-01
5.237610871665330237e-01
5.264832956570258959e-01
5.292088057861389361e-01
5.319375104432422230e-01
5.346693025177062797e-01
5.374040748989016292e-01
5.401417204761985724e-01
5.428821321389675214e-01
5.456252027765787771e-01
5.483708252784027515e-01
5.511188925338100786e-01
5.538692974321709483e-01
5.566219328628557728e-01
5.593766917152351859e-01
5.621334668786791555e-01
5.648921512425584268e-01
5.676526376962433007e-01
5.704148191291040781e-01
5.731785884305112821e-01
5.759438384898353247e-01
5.787104621964467288e-01
5.814783524397154624e-01
5.842480596647124935e-01
5.870252285250761037e-01
5.898112385204087316e-01
5.926061650769646194e-01
5.954100836209971215e-01
5.982230695787602581e-01
6.010451983765074946e-01
6.038765454404928512e-01
6.067171861969699043e-01
6.095671960721922300e-01
6.124266504924139598e-01
6.152956248838885589e-01
6.181741946728698256e-01
6.210624352856115582e-01
6.239604221483674440e-01
6.268682306873911703e-01
6.297859363289366463e-01
6.327136144992572264e-01
6.356513406246071529e-01
6.385991901312397800e-01
6.415572384454090171e-01
6.445255609933685514e-01
6.475042332013722923e-01
6.504933304956737050e-01
6.534929283025265878e-01
6.565031020481849611e-01
6.595239271589021790e-01
6.625554790609321509e-01
6.655978331805286752e-01
6.686510649439444398e-01
6.717152497774350195e-01
6.747904631072534354e-01
6.778767803596532637e-01
6.809742769608884139e-01
6.840830283372122400e-01
6.872031099148787625e-01
6.903345971201416686e-01
6.934775653792548678e-01
6.966320901184717140e-01
6.997982467640463389e-01
7.029761107422323185e-01
7.061657574792832293e-01
7.093672624014529804e-01
7.125807009349953702e-01
7.158061485061641971e-01
7.190436805412129262e-01
7.222933724663953559e-01
7.255552997079652844e-01
7.288295376921766211e-01
7.321161618452828312e-01
7.354152475935377131e-01
7.387268703631953981e-01
7.420511055805089073e-01
7.453880286717324832e-01
7.487377150631197020e-01
7.521002401809244731e-01
7.554756794514003726e-01
7.588641083008010879e-01
7.622656021553794181e-01
7.656802364413910489e-01
7.691080865850890014e-01
7.725492280127266298e-01
7.760037361505579545e-01
7.794716864248365518e-01
7.829531542618163309e-01
7.864482150877507571e-01
7.899569443288937398e-01
7.934794174114990772e-01
7.970157097618203457e-01
8.005658968061114544e-01
8.041300539706260908e-01
8.077082566816178311e-01
8.113005803653405845e-01
8.149071004480481495e-01
8.185278923559939912e-01
8.221630315154320190e-01
8.258125933526160312e-01
8.294766532937998260e-01
8.331552867652369798e-01
8.368485691931810688e-01
8.405565760038861134e-01
8.442793826236058008e-01
8.480170644785939293e-01
8.517696969951040753e-01
8.555373555993901480e-01
8.593201157177056126e-01
8.631180527763044896e-01
8.669312422014403552e-01
8.707597594193658974e-01
8.746036798563370240e-01
8.784630789386064231e-01
8.823380320924280040e-01
8.862286147440551209e-01
8.901349023197417942e-01
8.940569702457416001e-01
8.979948939483084480e-01
9.019487488536958031e-01
9.059186103881579077e-01
9.099045539779478942e-01
9.139066550493197827e-01
9.179249890285277047e-01
9.219596313418245703e-01
9.260106574154647330e-01
9.300781426757016579e-01
9.341621625487891434e-01
9.382627924609810988e-01
9.423801078385311003e-01
9.465141841076928353e-01
9.506650966947201020e-01
9.548329210258666988e-01
9.590177325273864239e-01
9.632196066255327427e-01
9.674386187465595643e-01
9.716748443167207983e-01
9.759283587622696876e-01
9.801992375094605858e-01
9.844875559845467361e-01
9.887933896137810486e-01
9.931168138234193199e-01
9.974579040397143492e-01
1.001816735688919824e+00
1.006193384197289431e+00
1.010587924991076747e+00
1.015000433496535681e+00
1.019430985139920365e+00
1.023879655347484041e+00
1.028346519545480175e+00
1.032831653160163121e+00
1.037335131617786566e+00
1.041857030344603974e+00
1.046397424766868811e+00
1.050956390310835653e+00
1.055534002402757521e+00
1.060130336468888324e+00
1.064745467935481749e+00
1.069379472228791927e+00
1.074032424775072103e+00
1.078704401000576629e+00
1.083395476331558527e+00
1.088105726194271927e+00
1.092835226014970296e+00
1.097584051219907986e+00
1.102352277235338018e+00
1.107139979487514525e+00
1.111947233402690971e+00
1.116774114407121710e+00
1.121620697927058208e+00
1.126487059388757483e+00
1.131373274218472114e+00
1.136279417842455119e+00
1.141205565686961076e+00
1.146151793178243450e+00
1.151118175742555483e+00
1.156104788806151307e+00
1.161111707795284609e+00
1.166139008136209299e+00
1.171186765255179285e+00
1.176255054578447590e+00
1.181343951532268344e+00
1.186453531542895234e+00
1.191583870036582171e+00
1.196735042439582841e+00
1.201907124178150710e+00
1.207100190678539908e+00
1.212314317367004346e+00
1.217549579669796822e+00
1.222806053013171912e+00
1.228083812823383303e+00
1.233382934526684460e+00
1.238703493549328627e+00
1.244045565317570823e+00
1.249409225257663625e+00
1.254869782471367490e+00
1.260501548232694002e+00
1.266302165526678181e+00
1.272269277016928157e+00
1.278400525367058282e+00
1.284693553240676911e+00
1.291146003301394396e+00
1.297755518212821091e+00
1.304519740638567127e+00
1.311436313242242857e+00
1.318502878687458413e+00
1.325717079637824369e+00
1.333076558756950636e+00
1.340578958708448010e+00
1.348221922155926400e+00
1.356003091762996160e+00
1.363920110193267643e+00
1.371970620110350980e+00
1.380152264177856969e+00
1.388462685059395074e+00
1.396899525418576538e+00
1.405460427919010824e+00
1.414143035224308731e+00
1.422944989998080167e+00
1.431863934903935709e+00
1.440897512605485709e+00
1.450043365766340075e+00
1.459299137050109607e+00
1.468662469120403991e+00
1.478131004640834245e+00
1.487702386275010058e+00
1.497374256686541560e+00
1.507144258539039772e+00
1.517010034496111492e+00
1.526969227221373515e+00
1.537019479378432418e+00
1.547158433630898777e+00
1.557383732642382945e+00
1.567693019076495053e+00
1.578083935596845899e+00
1.588554124867045170e+00
1.599101229550703440e+00
1.609722892311431064e+00
1.620416755812838172e+00
1.631180462718535118e+00
1.642011655692131811e+00
1.652907977397239492e+00
1.663867070497467404e+00
1.674886577656426567e+00
1.685964141537727112e+00
1.697097404804978948e+00
1.708284010121792429e+00
1.719521600151778573e+00
1.730807817558546624e+00
1.742140305005707601e+00
1.753516705156871858e+00
1.764934660675649525e+00
1.776391814225650290e+00
1.787885808470485616e+00
1.799414286073764524e+00
1.810974889699097812e+00
1.822565262010096276e+00
1.834183045670365830e+00
1.845825883343524376e+00
1.857491417693178271e+00
1.869177291382938533e+00
1.880881147076415072e+00
1.892600627437217797e+00
1.904333375128957506e+00
1.916077032815243886e+00
1.927829243159688177e+00
1.939587648825899846e+00
1.951349892477489467e+00
1.963113616778067172e+00
1.974876464391243758e+00
1.986636077980628912e+00
1.998390100209833209e+00
2.010136173742466781e+00
2.021871941242140647e+00
2.033595045372464050e+00
2.045303128797047343e+00
2.056993834179501768e+00
2.068664804183436345e+00
2.080313681472463205e+00
2.091938108710190480e+00
2.103535728560229856e+00
2.115104183686191242e+00
2.126641116751684990e+00
2.138144170420321011e+00
2.149610987355709657e+00
2.161039210221462170e+00
2.172426481681184018e+00
2.183770444398493549e+00
2.195068741036997118e+00
2.206319014260304634e+00
2.217518906732026895e+00
2.228666061115774255e+00
2.239758120075157066e+00
2.250792726273784794e+00
2.261767522375268236e+00
2.272680151043217744e+00
2.283528254941244118e+00
2.294309476732957265e+00
2.305021459081967095e+00
2.315661844651883516e+00
2.326228276106318216e+00
2.336718396108880658e+00
2.347129847323180751e+00
2.357460272412829738e+00
2.367707314041436639e+00
2.377868614872613140e+00
2.387941817569969150e+00
2.397924564797113689e+00
2.407814499217658888e+00
2.417609263495214211e+00
2.427306500293389124e+00
2.436903852275795757e+00
2.446398962106042685e+00
2.455789472447741595e+00
2.465073025964501063e+00
2.474247265319930555e+00
2.483309833177644865e+00
2.492258372201251237e+00
2.501090525054360469e+00
2.509803934400582470e+00
2.518396242903528481e+00
2.526865093226807080e+00
2.535208128034030839e+00
2.543422989988807448e+00
2.551507321754749480e+00
2.559458765995466401e+00
2.567274965374567675e+00
2.574953562555664544e+00
2.582492200202367361e+00
2.589888520978285591e+00
2.597140167547030476e+00
2.604244782572211037e+00
2.611200008717438514e+00
2.618003488646323706e+00
2.624652865022476966e+00
2.631145780509506427e+00
2.637479877771025105e+00
2.643652799470641135e+00
2.649662188271965757e+00
2.655505686838609325e+00
2.661180937834182192e+00
2.666685583922293823e+00
2.672017267766555904e+00
2.677173632030577011e+00
2.682152319377969718e+00
2.686950972472340382e+00
2.691567233977303797e+00
2.695998746556469428e+00
2.700243152873445851e+00
2.704298095591843420e+00
2.708161217375272933e+00
2.711830160887345187e+00
2.715302568791669202e+00
2.718576083751856665e+00
2.721648348431518372e+00
2.724517005494262456e+00
2.727179697603700603e+00
2.729634067423441834e+00
2.731877757617099167e+00
2.733908410848279846e+00
2.735723669780594669e+00
2.737321177077657097e+00
2.738698575403073487e+00
2.739853507420455969e+00
2.740783615793414452e+00
2.741486543185558400e+00
2.741998556785969487e+00
2.742488029494408952e+00
2.742974876273771567e+00
2.743459094198903880e+00
2.743940680344651106e+00
2.744419631785858016e+00
2.744895945597371156e+00
2.745369618854034854e+00
2.745840648630694769e+00
2.746309032002196560e+00
2.746774766043385441e+00
2.747237847829106183e+00
2.747698274434204446e+00
2.748156042933526333e+00
2.748611150401916614e+00
2.749063593914220061e+00
2.749513370545283220e+00
2.749960477369950418e+00
2.750404911463067759e+00
2.750846669899480457e+00
2.751285749754033283e+00
2.751722148101572341e+00
2.752155862016942844e+00
2.752586888574989565e+00
2.753015224850559051e+00
2.753440867918495183e+00
2.753863814853644509e+00
2.754284062730851357e+00
2.754701608624962272e+00
2.755116449610821583e+00
2.755528582763274947e+00
2.755938005157168469e+00
2.756344713867346030e+00
2.756748705968654622e+00
2.757149978535939017e+00
2.757548528644043984e+00
2.757944353367814738e+00
2.758337449782097828e+00
2.758727814961738023e+00
2.759115445981580539e+00
2.759500339916470590e+00
2.759882493841254281e+00
2.760261904830775936e+00
2.760638569959881661e+00
2.761012486303416669e+00
2.761383650936226619e+00
2.761752060933155839e+00
2.762117713369050875e+00
2.762480605318756055e+00
2.762840733857117925e+00
2.763198096058980813e+00
2.763552688999190377e+00
2.763904509752592276e+00
2.764253555394031281e+00
2.764599822998353496e+00
2.764943309640403690e+00
2.765284012395027524e+00
2.765621928337070212e+00
2.765957054541377413e+00
2.766289388082793899e+00
2.766618926036165327e+00
2.766945665476337357e+00
2.767269603478155204e+00
2.767590737116464084e+00
2.767909063466108766e+00
2.768224579601936242e+00
2.768537282598789950e+00
2.768847169531516883e+00
2.769154237474960922e+00
2.769458483503969060e+00
2.769759904693385177e+00
2.770058498118055379e+00
2.770354260852825323e+00
2.770647189972539781e+00
2.770937282552043968e+00
2.771224535666183542e+00
2.771508946389804606e+00
2.771790511797750600e+00
2.772069228964868515e+00
2.772345094966004009e+00
2.772618106876000965e+00
2.772888261769705487e+00
2.773155556721963677e+00
2.773419988807619863e+00
2.773681555101518814e+00
2.773940252678507967e+00
2.774196078613430316e+00
2.774449029981132853e+00
2.774699103856460791e+00
2.774946297314258903e+00
2.775190607429372847e+00
2.775432031276647837e+00
2.775670565930929978e+00
2.775906208467063596e+00
2.776138955959894350e+00
2.776368805484267455e+00
2.776595754115029457e+00
2.776819798927023797e+00
2.777040936995097020e+00
2.777259165394094342e+00
2.777474481198861422e+00
2.777686881484243031e+00
2.777896363325084828e+00
2.778102923796232027e+00
2.778306559972529843e+00
2.778507268928824381e+00
2.778705047739960854e+00
2.778899893480783145e+00
2.779091803226138246e+00
2.779280774050870928e+00
2.779466803029826849e+00
2.779649887237850781e+00
2.779830023749788825e+00
2.780007209640486199e+00
2.780181441984787227e+00
2.780352717857538458e+00
2.780521034333585106e+00
2.780686388487772387e+00
2.780848777394945515e+00
2.781008198129949260e+00
2.781164647767630171e+00
2.781318123382833019e+00
2.781468622050402573e+00
2.781616140845185381e+00
2.781760676842026658e+00
2.781902227115770732e+00
2.782040788741263704e+00
2.782176358793350790e+00
2.782308934346877649e+00
2.782438512476689052e+00
2.782565090257631546e+00
2.782688664764548570e+00
2.782809233072286670e+00
2.782926792255691506e+00
2.783041339389607849e+00
2.783152871548880913e+00
2.783261385808357247e+00
2.783366879242880731e+00
2.783469348927296583e+00
2.783568791936451348e+00
2.783665205345191129e+00
2.783758586228358922e+00
2.783848931660801274e+00
2.783936238717364287e+00
2.784020504472892288e+00
2.784101726002230048e+00
2.784179900380225003e+00
2.784255024681720592e+00
2.784327095981562916e+00
2.784396111354597192e+00
2.784462067875669522e+00
2.784524962619624233e+00
2.784584792661307429e+00
2.784641555075563879e+00
2.784695246937239244e+00
2.784745865321178737e+00
2.784793407302228019e+00
2.784837869955231859e+00
2.784879250355036362e+00
2.784917545576486297e+00
2.784952752694427325e+00
2.784984868783704659e+00
2.785013890919163959e+00
2.785039816175650440e+00
2.785062641628009761e+00
2.785082364351086692e+00
2.785098981419726449e+00
2.785112489908775135e+00
2.785122886893077077e+00
2.785130169447478821e+00
2.785134334646825138e+00
2.785132945160382789e+00
2.785012756443830284e+00
2.784713439595008388e+00
2.784236978831096998e+00
2.783585358369276896e+00
2.782760562426727091e+00
2.781764575220628366e+00
2.780599380968161061e+00
2.779266963886505071e+00
2.777769308192839848e+00
2.776108398104346620e+00
2.774286217838204394e+00
2.772304751611595286e+00
2.770165983641696972e+00
2.767871898145690679e+00
2.765424479340756747e+00
2.762825711444074628e+00
2.760077578672825105e+00
2.757182065244188074e+00
2.754141155375342986e+00
2.750956833283471514e+00
2.747631083185752665e+00
2.744165889299366334e+00
2.740563235841493306e+00
2.736825107029313919e+00
2.732953487080007182e+00
2.728950360210754322e+00
2.724817710638735235e+00
2.720557522581129373e+00
2.716171780255117518e+00
2.711662467877879568e+00
2.707031569666595416e+00
2.702281069838446292e+00
2.697412952610611203e+00
2.692429202200269600e+00
2.687331802824603599e+00
2.682122738700791764e+00
2.676803994046014878e+00
2.671377553077453282e+00
2.665845400012285982e+00
2.660209519067694206e+00
2.654471894460857850e+00
2.648634510408959031e+00
2.642699351129173646e+00
2.636668400838683812e+00
2.630543643754669869e+00
2.624327064094312156e+00
2.618020646074789681e+00
2.611626373913284116e+00
2.605146231826974912e+00
2.598582204033041521e+00
2.591936274748664726e+00
2.585210428191024867e+00
2.578406648577301841e+00
2.571526920124675542e+00
2.564573227050326754e+00
2.557547553571434484e+00
2.550451883905179518e+00
2.543288202268742637e+00
2.536058492879302850e+00
2.528764739954040053e+00
2.521408927710135472e+00
2.513993040364769449e+00
2.506519062135120546e+00
2.498988977238370879e+00
2.491404769891698567e+00
2.483768424312284395e+00
2.476081924717309590e+00
2.468347255323952716e+00
2.460566400349395000e+00
2.452741344010816338e+00
2.444874070525398402e+00
2.436966564110317979e+00
2.429020808982756297e+00
2.421038789359893695e+00
2.413022489458910957e+00
2.404973893496987980e+00
2.396894985691304658e+00
2.388787750259041331e+00
2.380654171417377896e+00
2.372496233383494246e+00
2.364315920374571167e+00
2.356115216607788554e+00
2.347896106300326302e+00
2.339660573669364307e+00
2.331410602932082909e+00
2.323148178305663336e+00
2.314875284007284151e+00
2.306593904254126137e+00
2.298306023263369635e+00
2.290013625252193652e+00
2.281718694437779860e+00
2.273423215037307266e+00
2.265129171267956654e+00
2.256838547346907919e+00
2.248553327491340514e+00
2.240275495918435666e+00
2.232007036845373271e+00
2.223749934489333224e+00
2.215506173067494977e+00
2.207277736797042422e+00
2.199066609895150126e+00
2.190874776579000205e+00
2.182704221065773886e+00
2.174556927572649734e+00
2.166434880316808975e+00
2.158340063515431950e+00
2.150274461385698554e+00
2.142240058144787795e+00
2.134238838009881789e+00
2.126272785198158655e+00
2.118343883926800064e+00
2.110454118412985469e+00
2.102605472873894765e+00
2.094799931526708292e+00
2.087039478588606389e+00
2.079326098276769397e+00
2.071661774808376766e+00
2.064048492400608836e+00
2.056488235270645948e+00
2.048982987635668440e+00
2.041534733712855765e+00
2.034145457719388261e+00
2.026817143872446714e+00
2.019551776389210129e+00
2.012351339486859292e+00
2.005217817382574097e+00
1.998153194293535329e+00
1.991159454436922438e+00
1.984238582029917319e+00
1.977392561289696982e+00
1.970623376433442875e+00
1.963933011678335117e+00
1.957323451241554046e+00
1.950796679340279782e+00
1.944354680191692664e+00
1.937999438012972364e+00
1.931732937021298779e+00
1.925557161433853137e+00
1.919474095467814445e+00
1.913485723340363487e+00
1.907594029268679936e+00
1.901800997469944132e+00
1.896108612161336637e+00
1.890518857560036459e+00
1.885033717883225490e+00
1.879655177348081851e+00
1.874385220171786770e+00
1.869225830571520364e+00
1.864178992764462528e+00
1.859246690967792937e+00
1.854430909398693039e+00
1.849733632274341399e+00
1.845156843811919023e+00
1.840702528228606472e+00
1.836372669741582531e+00
1.832169252568028650e+00
1.828094260925124281e+00
1.824149679030049542e+00
1.820337491099985439e+00
1.816659681352111422e+00
1.813118234003605833e+00
1.809715133271651233e+00
1.806452363373427072e+00
1.803331908526113248e+00
1.800355752946890098e+00
1.797525880852937519e+00
1.794844276461435850e+00
1.792312923989564988e+00
1.789933807654505271e+00
1.787708911673437262e+00
1.785640220263539746e+00
1.783691069085366454e+00
1.781767513687134707e+00
1.779865019196967157e+00
1.777983369557200488e+00
1.776122348710171606e+00
1.774281740598217194e+00
1.772461329163674604e+00
1.770660898348880519e+00
1.768880232096171845e+00
1.767119114347885489e+00
1.765377329046358579e+00
1.763654660133927354e+00
1.761950891552929610e+00
1.760265807245701808e+00
1.758599191154580854e+00
1.756950827221903433e+00
1.755320499390007560e+00
1.753707991601228811e+00
1.752113087797904312e+00
1.750535571922371636e+00
1.748975227916967023e+00
1.747431839724028046e+00
1.745905191285890501e+00
1.744395066544892625e+00
1.742901249443370437e+00
1.741423523923661287e+00
1.739961673928101860e+00
1.738515483399029282e+00
1.737084736278780017e+00
1.735669216509691637e+00
1.734268708034100381e+00
1.732882994794343601e+00
1.731511860732757979e+00
1.730155089791680867e+00
1.728812465913448726e+00
1.727483773040398018e+00
1.726168795114866983e+00
1.724867316079191415e+00
1.723579119875708221e+00
1.722303990446754973e+00
1.721041711734668134e+00
1.719792067681785053e+00
1.718554842230441970e+00
1.717329819322976237e+00
1.716116782901724758e+00
1.714915516909024440e+00
1.713725805287211967e+00
1.712547431978624468e+00
1.711380180925598626e+00
1.710223836070471348e+00
1.709078181355579984e+00
1.707943000723260774e+00
1.706818078115851289e+00
1.705703197475687993e+00
1.704598142745108236e+00
1.703502697866448257e+00
1.702416646782045628e+00
1.701339773434236813e+00
1.700271861765358938e+00
1.699212695717748911e+00
1.698162059233743859e+00
1.697119736255680023e+00
1.696085510725894530e+00
1.695059166586725174e+00
1.694040487780507531e+00
1.693029258249579394e+00
1.692025261936277447e+00
1.691028282782938374e+00
1.690038104731899526e+00
1.689054511725497365e+00
1.688077287706069241e+00
1.687106216615951615e+00
1.686141082397481616e+00
1.685181668992996151e+00
1.684227760344832570e+00
1.683279140395327111e+00
1.682335593086816461e+00
1.681396902361638412e+00
1.680462852162129206e+00
1.679533226430625970e+00
1.678607809109465610e+00
1.677686384140985254e+00
1.676768735467521365e+00
1.675854647031411293e+00
1.674943902774991500e+00
1.674036286640599336e+00
1.673131582570571485e+00
1.672229574507244854e+00
1.671330046392956570e+00
1.670432782170043096e+00
1.669537565780841781e+00
1.668644181167689089e+00
1.667752412272922369e+00
1.666862043038878305e+00
1.665972857407894026e+00
1.665084639322306215e+00
1.664197172724451557e+00
1.663310241556667624e+00
1.662423629761290877e+00
1.661537121280658003e+00
1.660650500057106571e+00
1.659763550032973045e+00
1.658876055150594109e+00
1.657987799352307334e+00
1.657098566580449406e+00
1.656208140777357007e+00
1.655316305885366601e+00
1.654422845846815981e+00
1.653527544604041832e+00
1.652630186099380838e+00
1.651730554275169682e+00
1.650828433073745938e+00
1.649923606437446066e+00
1.649015858308606974e+00
1.648104972629566234e+00
1.647190733342659641e+00
1.646272924390224768e+00
1.645351329714598521e+00
1.644425733258117805e+00
1.643495918963119085e+00
1.642561670771939930e+00
1.641622772626916804e+00
1.640679008470386835e+00
1.639730162244686706e+00
1.638776017892153547e+00
1.637816359355124263e+00
1.636850970575935316e+00
1.635879635496924500e+00
1.634902138060428056e+00
1.633918262208782668e+00
1.632927791884326130e+00
1.631930511029394459e+00
1.630926203586325229e+00
1.629914653497455346e+00
1.628895644705121049e+00
1.627868961151659466e+00
1.626834386779407948e+00
1.625791705530703402e+00
1.624740701347882066e+00
1.623681158173281069e+00
1.622612859949237984e+00
1.621535590618089051e+00
1.620449134122171175e+00
1.619353274403821707e+00
1.618247795405377332e+00
1.617132481069174732e+00
1.616007115337550815e+00
1.614871482152843374e+00
1.613725365457388206e+00
1.612568549193522882e+00
1.611400817303583866e+00
1.610221953729908284e+00
1.609031742414833044e+00
1.607829967300695273e+00
1.606616412329831434e+00
1.605390861444578654e+00
1.604153098587273840e+00
1.602902907700254120e+00
1.601640072725856179e+00
1.600364377606416699e+00
1.599075606284273032e+00
1.597773542701761862e+00
1.596457970801220538e+00
1.595128674524985080e+00
1.593785437815393058e+00
1.592428044614780935e+00
1.591056278865486062e+00
1.589669924509845123e+00
1.588268765490195022e+00
1.586852585748872668e+00
1.585421169228215410e+00
1.583974972015691485e+00
1.582522604230090169e+00
1.581066725885962310e+00
1.579607305211735424e+00
1.578144310435838360e+00
1.576677709786699300e+00
1.575207471492745981e+00
1.573733563782406586e+00
1.572255954884109297e+00
1.570774613026282740e+00
1.569289506437354209e+00
1.567800603345752553e+00
1.566307871979905286e+00
1.564811280568241258e+00
1.563310797339188207e+00
1.561806390521174315e+00
1.560298028342627763e+00
1.558785679031976734e+00
1.557269310817649188e+00
1.555748891928073308e+00
1.554224390591677496e+00
1.552695775036890602e+00
1.551163013492139031e+00
1.549626074185851854e+00
1.548084925346456808e+00
1.546539535202382964e+00
1.544989871982058061e+00
1.543435903913909613e+00
1.541877599226366247e+00
1.540314926147856145e+00
1.538747852906807490e+00
1.537176347731648240e+00
1.535600378850806580e+00
1.534019914492711134e+00
1.532434922885789197e+00
1.530845372258469395e+00
1.529251230839180131e+00
1.527652466856348923e+00
1.526049048538404396e+00
1.524440944113774510e+00
1.522828121810887669e+00
1.521210549858171168e+00
1.519588196484054077e+00
1.517961029916964355e+00
1.516329018385329741e+00
1.514692130117579083e+00
1.513050333342139897e+00
1.511403596287440587e+00
1.509751887181909114e+00
1.508095174253973658e+00
1.506433425732063291e+00
1.504766609844604419e+00
1.503094694820026556e+00
1.501417648886756995e+00
1.499735440273224363e+00
1.498048037207856842e+00
1.496355407919082392e+00
1.494657520635329195e+00
1.492954343585025434e+00
1.491245844996599512e+00
1.489531993098478946e+00
1.487812756119092361e+00
1.486088102286867718e+00
1.484357999830232977e+00
1.482622416977616764e+00
1.480881321957447039e+00
1.479134682998151984e+00
1.477382468328159559e+00
1.475624646175897947e+00
1.473861184769795329e+00
1.472092052338279888e+00
1.470317217109779584e+00
1.468536647312722820e+00
1.466750311175537780e+00
1.464958176926652422e+00
1.463160212794494930e+00
1.461356387007493263e+00
1.459546667794076269e+00
1.457731023382671243e+00
1.455909422001707254e+00
1.454081831879611375e+00
1.452248221244812232e+00
1.450408558325738007e+00
1.448562811350816437e+00
1.446710948548476594e+00
1.444852938147145993e+00
1.442988748375252817e+00
1.441118347461225246e+00
1.439241703633491243e+00
1.437358785120478988e+00
1.435469560150617108e+00
1.433573996952333562e+00
1.431672063754056090e+00
1.429763728784213539e+00
1.427848960271233203e+00
1.425927726443543708e+00
1.423999995529573015e+00
1.422065735757749527e+00
1.420124915356501205e+00
1.418177502554256453e+00
1.416223465579443230e+00
1.414262772660489276e+00
1.412295392025823437e+00
1.410321291903873231e+00
1.408340440523067283e+00
1.406352806111833553e+00
1.404358356898600224e+00
1.402357061111795478e+00
1.400348886979847940e+00
1.398333802731184461e+00
1.396311776594233889e+00
1.394282776797424628e+00
1.392246771569184860e+00
1.390203729137942101e+00
1.388153617732124978e+00
1.386096405580161228e+00
1.384032060910479700e+00
1.381960551951507910e+00
1.379881846931674483e+00
1.377795914079407158e+00
1.375702721623134339e+00
1.373602237791283764e+00
1.371494430812284060e+00
1.369379268914563186e+00
1.367256720326549102e+00
1.365126753276670435e+00
1.362989335993354922e+00
1.360844436705030969e+00
1.358692023640126312e+00
1.356532065027069578e+00
1.354364529094288505e+00
1.352189384070211498e+00
1.350006598183266515e+00
1.347816139661882184e+00
1.345617976734486021e+00
1.343412077629506429e+00
1.341198410575371591e+00
1.338976943800509467e+00
1.336747645533349349e+00
1.334510484002317643e+00
1.332265427435843197e+00
1.330012444062353971e+00
1.327751502110278592e+00
1.325482569808044575e+00
1.323205615384080769e+00
1.320920607066814911e+00
1.318627513084675407e+00
1.316326301666089771e+00
1.314016941039486852e+00
1.311699399433294611e+00
1.309373645075940784e+00
1.307039646195853999e+00
1.304697371021462438e+00
1.302346787781194282e+00
1.299987864703476825e+00
1.297620570016739139e+00
1.295244871949408960e+00
1.292860738729914694e+00
1.290468138586684299e+00
1.288067039748146181e+00
1.285657410442727855e+00
1.283239218898858169e+00
1.280812433344964640e+00
1.278377022009476116e+00
1.275932953120819890e+00
1.273480194907424812e+00
1.271018715597719062e+00
1.268548483420131046e+00
1.266069466603087612e+00
1.263581633375017610e+00
1.261084951964349221e+00
1.258579390599511072e+00
1.256039143868513452e+00
1.253429403938231212e+00
1.250750949487005714e+00
1.248004775380727072e+00
1.245191876485286064e+00
1.242313247666573250e+00
1.239369883790478299e+00
1.236362779722892435e+00
1.233292930329705772e+00
1.230161330476808645e+00
1.226968975030091391e+00
1.223716858855444789e+00
1.220405976818758953e+00
1.217037323785924885e+00
1.213611894622832255e+00
1.210130684195371842e+00
1.206594687369433982e+00
1.203004899010909456e+00
1.199362313985688155e+00
1.195667927159660637e+00
1.191922733398717682e+00
1.188127727568749403e+00
1.184283904535646137e+00
1.180392259165298885e+00
1.176453786323598649e+00
1.172469480876433767e+00
1.168440337689695907e+00
1.164367351629275182e+00
1.160251517561060597e+00
1.156093830350947371e+00
1.151895284864820068e+00
1.147656875968574131e+00
1.143379598528095231e+00
1.139064447409278813e+00
1.134712417478009883e+00
1.130324503600184771e+00
1.125901700641687819e+00
1.121445003468415136e+00
1.116955406946251950e+00
1.112433905941094370e+00
1.107881495318829179e+00
1.103299169945344493e+00
1.098687924686536643e+00
1.094048754408289970e+00
1.089382653976500581e+00
1.084690618257053707e+00
1.079973642115845012e+00
1.075232720418759280e+00
1.070468848031693065e+00
1.065683019820530486e+00
1.060876230651167651e+00
1.056049475389490011e+00
1.051203748901393231e+00
1.046340046052761652e+00
1.041459361709492049e+00
1.036562690737468984e+00
1.031651028002588566e+00
1.026725368370735358e+00
1.021786706707805692e+00
1.016836037879684129e+00
1.011874356752266779e+00
1.006902658191438427e+00
1.001921937063095625e+00
9.969331882331222694e-01
9.919374065674153584e-01
9.869355869318588992e-01
9.819287241923492227e-01
9.769178132147713356e-01
9.719038488650211249e-01
9.668878260089863730e-01
9.618707395125541959e-01
9.568535842416214798e-01
9.518373550620720103e-01
9.468230468398027844e-01
9.418116544406979207e-01
9.368041727306538613e-01
9.318015965755550578e-01
9.268049208412983964e-01
9.218151403937676625e-01
9.168332500988594091e-01
9.118602448224583101e-01
9.068971194304605854e-01
9.019448687887504645e-01
8.970044877632251668e-01
8.920769712197682555e-01
8.871633140242766169e-01
8.822645110426345916e-01
8.773815571407383995e-01
8.725154471844727144e-01
8.676671760397340893e-01
8.628377385724066428e-01
8.580281296483870390e-01
8.532393441335593964e-01
8.484723768938203792e-01
8.437282227950543279e-01
8.390078767031577955e-01
8.343123334840152339e-01
8.296425880035229738e-01
8.249996351275680206e-01
8.203844697220386006e-01
8.157980866528306008e-01
8.112414807858286947e-01
8.067156469869292135e-01
8.022215801220168307e-01
7.977602750569871004e-01
7.933327266577258063e-01
7.889399297901281694e-01
7.845828793200794182e-01
7.802625701134753289e-01
7.759799970362011301e-01
7.717361549541524868e-01
7.675320387332140726e-01
7.633686432392823296e-01
7.592469633382420424e-01
7.551679938959889871e-01
7.511327297784085033e-01
7.471421658513959230e-01
7.431972969808362528e-01
7.392991180326258238e-01
7.354486238726495317e-01
7.316468093668028194e-01
7.278946693809712487e-01
7.241931987810501514e-01
7.205433924329247564e-01
7.169462452024910615e-01
7.134027519556338515e-01
7.099139075582490133e-01
7.064807068762241071e-01
7.031041447754478035e-01
6.997852161218141021e-01
6.965249157812101188e-01
6.933242386195300755e-01
6.901841795026600890e-01
6.871057332964950470e-01
6.840898948669210666e-01
6.811376590798325914e-01
6.782500208011160714e-01
6.754279748966659502e-01
6.726725162323685669e-01
6.699846396741185872e-01
6.673653400878025721e-01
6.648156123393142991e-01
6.623364512945408844e-01
6.599288518193762165e-01
6.575938087797073006e-01
6.553323170414276921e-01
6.531453714704249514e-01
6.510339669325923007e-01
6.489990982938173003e-01
6.470417604199933947e-01
6.451629481770081442e-01
6.433636564307544381e-01
6.416448800471205027e-01
6.400076138919988944e-01
6.384528528312779505e-01
6.369815917308500053e-01
6.355948254566047284e-01
6.342935488744313455e-01
6.330787568502223017e-01
6.319514442498666007e-01
6.309126059392553554e-01
6.299632367842785685e-01
6.291043316508274641e-01
6.283368854047911567e-01
6.276618929120612034e-01
6.270803490385277179e-01
6.265932486500810361e-01
6.262015866126112718e-01
6.259063577920096488e-01
6.257085570541661701e-01
6.256091792649708383e-01
6.255984398555958226e-01
6.256122196459105167e-01
6.256396243657923462e-01
6.256804922146894654e-01
6.257346613920502509e-01
6.258019700973226351e-01
6.258822565299548835e-01
6.259753588893952614e-01
6.260811153750919233e-01
6.261993641864929128e-01
6.263299435230464951e-01
6.264726915842010468e-01
6.266274465694043894e-01
6.267940466781050102e-01
6.269723301097508417e-01
6.271621350637902603e-01
6.273632997396713096e-01
6.275756623368423659e-01
6.277990610547514727e-01
6.280333340928468955e-01
6.282783196505765666e-01
6.285338559273889736e-01
6.287997811227319378e-01
6.290759334360541688e-01
6.293621510668032659e-01
6.296582722144279387e-01
6.299641350783760085e-01
6.302795778580959629e-01
6.306044387530355122e-01
6.309385559626433659e-01
6.312817676863672345e-01
6.316339121236556053e-01
6.319948274739566330e-01
6.323643519367184718e-01
6.327423237113891652e-01
6.331285809974170897e-01
6.335229619942501778e-01
6.339253049013370278e-01
6.343354479181252392e-01
6.347532292440636326e-01
6.351784870785999182e-01
6.356110596211825836e-01
6.360507850712594502e-01
6.364975016282787834e-01
6.369510474916894038e-01
6.374112608609384667e-01
6.378779799354750146e-01
6.383510429147467580e-01
6.388302879982020732e-01
6.393155533852890038e-01
6.398066772754559262e-01
6.403034978681506617e-01
6.408058533628218090e-01
6.413135819589171893e-01
6.418265218558855123e-01
6.423445112531742662e-01
6.428673883502322717e-01
6.433949913465070169e-01
6.439271584414474336e-01
6.444637278345010101e-01
6.450045377251166778e-01
6.455494263127418142e-01
6.460982317968252397e-01
6.466507923768146648e-01
6.472069462521589100e-01
6.477665316223052416e-01
6.483293866867027022e-01
6.488953496447988911e-01
6.494642586960424069e-01
6.500359520398809599e-01
6.506102678757633706e-01
6.511870444031371274e-01
6.517661198214509399e-01
6.523473323301526294e-01
6.529305201286904614e-01
6.535155214165129234e-01
6.541021743930676147e-01
6.546903172578036889e-01
6.552797882101681903e-01
6.558704254496100505e-01
6.564620671755769798e-01
6.570545515875177989e-01
6.576477168848798849e-01
6.582414012671121695e-01
6.588354429336621410e-01
6.594296800839786199e-01
6.600239509175092056e-01
6.606180936337027187e-01
6.612119464320066475e-01
6.618053475118698126e-01
6.623981350727397022e-01
6.629901473140653589e-01
6.635812224352940492e-01
6.641711986358748154e-01
6.647599141152550350e-01
6.653472070728836396e-01
6.659329157082081174e-01
6.665168782206772891e-01
6.670989328097387538e-01
6.676789176748413324e-01
6.682566710154324019e-01
6.688320310309611161e-01
6.694048359208745191e-01
6.699749238846214316e-01
6.705421331216505632e-01
6.711063018314089579e-01
6.716672682133458805e-01
6.722248704669084862e-01
6.727789467915460397e-01
6.733293353867056963e-01
6.738758744518363875e-01
6.744184021863857126e-01
6.749567567898026033e-01
6.754907764615342147e-01
6.760202994010298116e-01
6.765451638077366603e-01
6.770652078811036922e-01
6.775802698205783958e-01
6.780901878256097026e-01
6.785948000956449899e-01
6.790939448301331893e-01
6.795874602285216781e-01
6.800751844902594989e-01
6.805569558147941400e-01
6.810326124015744220e-01
6.815019924500476112e-01
6.819649341596629721e-01
6.824212757298678822e-01
6.828708553601110509e-01
6.833135112498400776e-01
6.837490815985037829e-01
6.841774046055497660e-01
6.845983184704265145e-01
6.850116613925824050e-01
6.854172715714650366e-01
6.858149872065233410e-01
6.862046464972048065e-01
6.865860876429581428e-01
6.869591488432311710e-01
6.873236682974723788e-01
6.876794842051295875e-01
6.880264347656511736e-01
6.883643581784854026e-01
6.886930926430803179e-01
6.890124763588839629e-01
6.893223475253450472e-01
6.896225443419110590e-01
6.899129050080308190e-01
6.901932677231520374e-01
6.904634706867232019e-01
6.907233520981922448e-01
6.909727501570075425e-01
6.912115030626170276e-01
6.914394490144691874e-01
6.916564262120121764e-01
6.918622728546940381e-01
6.920568271419628159e-01
6.922399272732669973e-01
6.924114114480546256e-01
6.925711178657738554e-01
6.927188847258728410e-01
6.928545502277997370e-01
6.929779525710030308e-01
6.930889299549305438e-01
6.931873205790307635e-01
6.932729626427515113e-01
6.933456943455412747e-01
6.934053538868480970e-01
6.934517794661200218e-01
6.934848092828056476e-01
6.935042815363527957e-01
6.935099200529939445e-01
6.934828381895421501e-01
6.934096895550803108e-01
6.932909368296136243e-01
6.931270426931476214e-01
6.929184698256872776e-01
6.926656809072383458e-01
6.923691386178056906e-01
6.920293056373949536e-01
6.916466446460112216e-01
6.912216183236600253e-01
6.907546893503463403e-01
6.902463204060760305e-01
6.896969741708537383e-01
6.891071133246853275e-01
6.884772005475756629e-01
6.878076985195306081e-01
6.870990699205548058e-01
6.863517774306543417e-01
6.855662837298339696e-01
6.847430514980986649e-01
6.838825434154549576e-01
6.829852221619067132e-01
6.820515504174604615e-01
6.810819908621205121e-01
6.800770061758930618e-01
6.790370590387824201e-01
6.779626121307953390e-01
6.768541281319354619e-01
6.757120697222095407e-01
6.745368995816215518e-01
6.733290803901784694e-01
6.720890748278837146e-01
6.708173455747443725e-01
6.695143553107640866e-01
6.681805667159498308e-01
6.668164424703052484e-01
6.654224452538373136e-01
6.639990377465496696e-01
6.625466826284494015e-01
6.610658425795399307e-01
6.595569802798284531e-01
6.580205584093185012e-01
6.564570396480170489e-01
6.548668866759277396e-01
6.532505621730576584e-01
6.516085288194102265e-01
6.499412492949928621e-01
6.482491862798095417e-01
6.465328024538649077e-01
6.447925604971661562e-01
6.430289230897165975e-01
6.412423529115234277e-01
6.394333126425899572e-01
6.376022649629240480e-01
6.357496725525280112e-01
6.338759980914101533e-01
6.319817042595730072e-01
6.300672537370245463e-01
6.281331092037675257e-01
6.261797333398095855e-01
6.242075888251539251e-01
6.222171383398078515e-01
6.202088445637746750e-01
6.181831701770619247e-01
6.161405778596723559e-01
6.140815302916140528e-01
6.120064901528894374e-01
6.099159201235068162e-01
6.078102828834685001e-01
6.056900411127827955e-01
6.035556574914519024e-01
6.014075946994843491e-01
5.992463154168822248e-01
5.970722823236539467e-01
5.948859580998020480e-01
5.926878054253342798e-01
5.904782869802549516e-01
5.882578654445677069e-01
5.860270034982808518e-01
5.837861638213968085e-01
5.815358090939236613e-01
5.792764019958639432e-01
5.770084052072257386e-01
5.747322814080116915e-01
5.724484932782296642e-01
5.701575034978824119e-01
5.678597747469779078e-01
5.655557697055187960e-01
5.632459510535130498e-01
5.609307814709632023e-01
5.586107236378774488e-01
5.562862402342582113e-01
5.539577939401136852e-01
5.516258474354461816e-01
5.492908634002641177e-01
5.469533045145696937e-01
5.446136334583713268e-01
5.422723129116712171e-01
5.399298055544776709e-01
5.375865740667934434e-01
5.352430811286259527e-01
5.328997894199783980e-01
5.305571616208586416e-01
5.282156604112689946e-01
5.258757484712178742e-01
5.235378884807090349e-01
5.212025431197463421e-01
5.188701750683381020e-01
5.165412470064865147e-01
5.142162216142001085e-01
5.118955615714809726e-01
5.095797295583375242e-01
5.072691882547721853e-01
5.049644003407929294e-01
5.026658284964024004e-01
5.003739354016087937e-01
4.980891837364144203e-01
4.958120361808275867e-01
4.935429554148507147e-01
4.912824041184918333e-01
4.890308449717535311e-01
4.867887406546440032e-01
4.845565538471656164e-01
4.823347472293265104e-01
4.801237834811291627e-01
4.779241252825818798e-01
4.757362353136870836e-01
4.735605762544527475e-01
4.713976107848815156e-01
4.692478015849814721e-01
4.671116113347550391e-01
4.649895027142104675e-01
4.628819384033502904e-01
4.607893810821824809e-01
4.587122934307096278e-01
4.566511381289398153e-01
4.546063778568769087e-01
4.525784752945248290e-01
4.505678931218917715e-01
4.485750940189803249e-01
4.466005406657984067e-01
4.446446957423486057e-01
4.427080219286388951e-01
4.407909819046721966e-01
4.388940383504561504e-01
4.370176539459936227e-01
4.351622913712924201e-01
4.333284133063553534e-01
4.315164824311901182e-01
4.297269614257999137e-01
4.279603129701920472e-01
4.262169997443696623e-01
4.244974844283402882e-01
4.228022297021071796e-01
4.211316982456776992e-01
4.194863527390550462e-01
4.178666558622465277e-01
4.162730702952555650e-01
4.147060587180894098e-01
4.131660838107513722e-01
4.116536082532488150e-01
4.101690947255849928e-01
4.087130059077671018e-01
4.072858044797987298e-01
4.058879531216869063e-01
4.045199145134362184e-01
4.031821513350508090e-01
4.018751262665378188e-01
4.005993019879010575e-01
3.993551411791471661e-01
3.981431065202802322e-01
3.969575391905382777e-01
3.957788217309610168e-01
3.946054059982196383e-01
3.934372558643088880e-01
3.922743352012264539e-01
3.911166078809671931e-01
3.899640377755287934e-01
3.888165887569058898e-01
3.876742246970963368e-01
3.865369094680947692e-01
3.854046069418988751e-01
3.842772809905035669e-01
3.831548954859064215e-01
3.820374143001021849e-01
3.809248013050886006e-01
3.798170203728604699e-01
3.787140353754153144e-01
3.776158101847481019e-01
3.765223086728564095e-01
3.754334947117350940e-01
3.743493321733817325e-01
3.732697849297911263e-01
3.721948168529609635e-01
3.711243918148867671e-01
3.700584736875640046e-01
3.689970263429903641e-01
3.679400136531607024e-01
3.668873994900725966e-01
3.658391477257209035e-01
3.647952222321032001e-01
3.637555868812143989e-01
3.627202055450520213e-01
3.616890420956109242e-01
3.606620604048887957e-01
3.596392243448804926e-01
3.586204977875834254e-01
3.576058446049927286e-01
3.565952286691058126e-01
3.555886138519175899e-01
3.545859640254256373e-01
3.535872430616248119e-01
3.525924148325127461e-01
3.516014432100842968e-01
3.506142920663369300e-01
3.496309252732657802e-01
3.486513067028682022e-01
3.476754002271391641e-01
3.467031697180761873e-01
3.457345790476741842e-01
3.447695920879307319e-01
3.438081727108407981e-01
3.428502847884017379e-01
3.418958921926092409e-01
3.409449587954589966e-01
3.399974484689483045e-01
3.390533250850722990e-01
3.381125525158283351e-01
3.371750946332114363e-01
3.362409153092191239e-01
3.353099784158463104e-01
3.343822478250905172e-01
3.334576874089468235e-01
3.325362610394124729e-01
3.316179325884826001e-01
3.307026659281545600e-01
3.297904249304235424e-01
3.288811734672867915e-01
3.279748754107394970e-01
3.270714946327789585e-01
3.261709950054002549e-01
3.252733404006008522e-01
3.243784946903757183e-01
3.234864217467222636e-01
3.225970854416355671e-01
3.217104496471129838e-01
3.208264782351496480e-01
3.199451350777430259e-01
3.190663840468879742e-01
3.181901890145819589e-01
3.173165138528201701e-01
3.164453224335998516e-01
3.155765786289166375e-01
3.147102463107663839e-01
3.138462893511462237e-01
3.129846716220513470e-01
3.121253569954791085e-01
3.112683093434246984e-01
3.104134925378853049e-01
3.095608704508560627e-01
3.087104069543344376e-01
3.078620659203155641e-01
3.070158112207965195e-01
3.061716067277726605e-01
3.053294163132412309e-01
3.044892038491974762e-01
3.036509332076385292e-01
3.028145682605595801e-01
3.019800728799580392e-01
3.011474109378290409e-01
3.003165463061697738e-01
2.994874428569754832e-01
2.986600644622434686e-01
2.978343749939688645e-01
2.970103383241489703e-01
2.961879183247789760e-01
2.953670788678560699e-01
2.945477838253755531e-01
2.937299970693346141e-01
2.929136824717284981e-01
2.920988039045544493e-01
2.912853252398081572e-01
2.904732103494853113e-01
2.896624231055832666e-01
2.888529273800971575e-01
2.880446870450241725e-01
2.872376659723596681e-01
2.864318280341008327e-01
2.856271371022428007e-01
2.848235570487828716e-01
2.840210517457162354e-01
2.832195850650401914e-01
2.824191208787499296e-01
2.816196230588426386e-01
2.808210554773136192e-01
2.800233820061600598e-01
2.792265665173771505e-01
2.784305728829621351e-01
2.776353649749102592e-01
2.768409066652188777e-01
2.760471618258829585e-01
2.752540943288999120e-01
2.744616680462648728e-01
2.736698468499751957e-01
2.728785946120260708e-01
2.720878752044146309e-01
2.712976524991360661e-01
2.705078903681877867e-01
2.697185526835649272e-01
2.689296033172647316e-01
2.681410061412828894e-01
2.673527250276150902e-01
2.665647238482586889e-01
2.657769664752088756e-01
2.649894167804627831e-01
2.642020386360157125e-01
2.634147959138649076e-01
2.626276524860056139e-01
2.618405722244349643e-01
2.610535190011482598e-01
2.602664566881427444e-01
2.594793491574134969e-01
2.586921602809579279e-01
2.579048539307712828e-01
2.571173939788505280e-01
2.563297442971912421e-01
2.555418687577903913e-01
2.547537312326432768e-01
2.539652955937471424e-01
2.531765257130972335e-01
2.523873854626907942e-01
2.515978387145229589e-01
2.508078493405909715e-01
2.500173812128901885e-01
2.492263982034177150e-01
2.484348641841688243e-01
2.476427430271407049e-01
2.468499986043286576e-01
2.460565947877298432e-01
2.452624954493400067e-01
2.444676644611548377e-01
2.436720656951716080e-01
2.428755902558649427e-01
2.420766410424865789e-01
2.412746321948323336e-01
2.404696358987507832e-01
2.396617243400885333e-01
2.388509697046941882e-01
2.380374441784144091e-01
2.372212199470977168e-01
2.364023691965906893e-01
2.355809641127420140e-01
2.347570768813982689e-01
2.339307796884081136e-01
2.331021447196179319e-01
2.322712441608765499e-01
2.314381501980304623e-01
2.306029350169283842e-01
2.297656708034167827e-01
2.289264297433442896e-01
2.280852840225575384e-01
2.272423058269051888e-01
2.263975673422337631e-01
2.255511407543918656e-01
2.247030982492261020e-01
2.238535120125851041e-01
2.230024542303154222e-01
2.221499970882657160e-01
2.212962127722825079e-01
2.204411734682145407e-01
2.195849513619088367e-01
2.187276186392123900e-01
2.178692474859739991e-01
2.170099100880400755e-01
2.161496786312593898e-01
2.152886253014784645e-01
2.144268222845459038e-01
2.135643417663083132e-01
2.127012559326142971e-01
2.118376369693104055e-01
2.109735570622453538e-01
2.101090883972656365e-01
2.092443031602199410e-01
2.083792735369547622e-01
2.075140717133188706e-01
2.066487698751586777e-01
2.057834402083229264e-01
2.049181548986581392e-01
2.040529861320129756e-01
2.031880060942339583e-01
2.023232869711697468e-01
2.014589009486669469e-01
2.005949202125741904e-01
1.997314169487379443e-01
1.988684633430069515e-01
1.980061315812277623e-01
1.971444938492490084e-01
1.962836223329172403e-01
1.954235892180810896e-01
1.945644666905876619e-01
1.937063269362840345e-01
1.928492421410188673e-01
1.919932844906386271e-01
1.911385261709921124e-01
1.902850393679257901e-01
1.894328962672882921e-01
1.885821690549261964e-01
1.877329299166881627e-01
1.868852510384207410e-01
1.860392046059725912e-01
1.851948628051902357e-01
1.843522978219223063e-01
1.835115818420154921e-01
1.826727870513182861e-01
1.818359856356772664e-01
1.810012497809412035e-01
1.801686516729564813e-01
1.793382634975718704e-01
1.785101574406339209e-01
1.776844056879912370e-01
1.768610804254903413e-01
1.760402538389800042e-01
1.752219981143066374e-01
1.744063854373189559e-01
1.735934879938635655e-01
1.727833779697890426e-01
1.719761275509419374e-01
1.711718089231709927e-01
1.703704942723231475e-01
1.695722557842456180e-01
1.687771656447869528e-01
1.679852960397937578e-01
1.671967191551146648e-01
1.664115071765962517e-01
1.656297322900870950e-01
1.648514666814338836e-01
1.640767825364851107e-01
1.633057520410874375e-01
1.625384473810894681e-01
1.617749407423378361e-01
1.610153043106810344e-01
1.602596102719657523e-01
1.595079308120405659e-01
1.587603381167521088e-01
1.580169043719489297e-01
1.572777017634777175e-01
1.565428024771869375e-01
1.558122786989233344e-01
1.550862026145353734e-01
1.543646464098697713e-01
1.536476822707750767e-01
1.529353823830979786e-01
1.522278189326868869e-01
1.515250641053886016e-01
1.508271900870515880e-01
1.501342690635225630e-01
1.494463732206499917e-01
1.487635747442810630e-01
1.480859458202629098e-01
1.474135586344440529e-01
1.467464853726711815e-01
1.460847982207928164e-01
1.454285693646556743e-01
1.447778709901081373e-01
1.441327752829970610e-01
1.434933544291708551e-01
1.428596806144762921e-01
1.422318260247617816e-01
1.416098628458741515e-01
1.409938632636617284e-01
1.403838994639713400e-01
1.397800436326515072e-01
1.391823679555488913e-01
1.385909446185119298e-01
1.380058458073874228e-01
1.374271437080238079e-01
1.368549105062678850e-01
1.362892183879679808e-01
1.357301395389709786e-01
1.351777461451252604e-01
1.346321103922776541e-01
1.340933044662764306e-01
1.335614005529686121e-01
1.330364708382023864e-01
1.325185875078246922e-01
1.320078227476838562e-01
1.315042487436270668e-01
1.310079376815016794e-01
1.305189617471558816e-01
1.300373931264367233e-01
1.295633040051923091e-01
1.290967665692697164e-01
1.286378530045171331e-01
1.281866354967815258e-01
1.277431862319111655e-01
1.273075773957530188e-01
1.268798811741552734e-01
1.264601697529649238e-01
1.260485153180302131e-01
1.256449900551981080e-01
1.252496661503167963e-01
1.248626157892333555e-01
1.244839111577958762e-01
1.241136244418514917e-01
1.237518278272482647e-01
1.233985934998333284e-01
1.230539936454547872e-01
1.227181004499597328e-01
1.223909860991962140e-01
1.220727227790114472e-01
1.217633826752534121e-01
1.214630379737693389e-01
1.211717608604071933e-01
1.208896235210142056e-01
1.206144625330230202e-01
1.203421993059389794e-01
1.200727184153507210e-01
1.198059916798060176e-01
1.195419909178520868e-01
1.192806879480367149e-01
1.190220545889071335e-01
1.187660626590110735e-01
1.185126839768957663e-01
1.182618903611089983e-01
1.180136536301980010e-01
1.177679456027104915e-01
1.175247380971937566e-01
1.172840029321955413e-01
1.170457119262630630e-01
1.168098368979440804e-01
1.165763496657858250e-01
1.163452220483360833e-01
1.161164258641420310e-01
1.158899329317515381e-01
1.156657150697116970e-01
1.154437440965703776e-01
1.152239918308747418e-01
1.150064300911726178e-01
1.147910306960111537e-01
1.145777654639381776e-01
1.143666062135008654e-01
1.141575247632470591e-01
1.139504929317238791e-01
1.137454825374792089e-01
1.135424653990603078e-01
1.133414133350146291e-01
1.131422981638898206e-01
1.129450917042332109e-01
1.127497657745925447e-01
1.125562921935150118e-01
1.123646427795484265e-01
1.121747893512399785e-01
1.119867037271374127e-01
1.118003577257880299e-01
1.116157231657395471e-01
1.114327718655391819e-01
1.112514756437347069e-01
1.110718063188733812e-01
1.108937357095029219e-01
1.107172356341706160e-01
1.105422779114241527e-01
1.103688343598108190e-01
1.101968767978783598e-01
1.100263770441739786e-01
1.098573069172454758e-01
1.096896382356400829e-01
1.095233428179055168e-01
1.093583924825890785e-01
1.091947590482384295e-01
1.090324143334009122e-01
1.088713301566242020e-01
1.087114783364555998e-01
1.085528306914427810e-01
1.083953590401331574e-01
1.082390352010741408e-01
1.080838309928134067e-01
1.079297182338982419e-01
1.077766687428763498e-01
1.076246543382950588e-01
1.074736468387020305e-01
1.073236180626445657e-01
1.071745398286703538e-01
1.070263839553267232e-01
1.068791222611613217e-01
1.067327265647214779e-01
1.065871686845549088e-01
1.064424204392088458e-01
1.062984536472310476e-01
1.061552401271687596e-01
1.060127516975697404e-01
1.058709601769812075e-01
1.057298373839509198e-01
1.055893551370261224e-01
1.054494852547545741e-01
1.053101995556835341e-01
1.051714698583606916e-01
1.050332679813333475e-01
1.048955657431492050e-01
1.047583349623555649e-01
1.046215474575001025e-01
1.044851750471301327e-01
1.043491895497933447e-01
1.042135627840370393e-01
1.040782665684089059e-01
1.039432727214563285e-01
1.038085530617267466e-01
1.036740794077677941e-01
1.035398235781268134e-01
1.034057573913515216e-01
1.032718526659891500e-01
1.031380812205874020e-01
1.030044148736936199e-01
1.028708254438555070e-01
1.027372847496202807e-01
1.026037646095356859e-01
1.024702368421490650e-01
1.023366732660080103e-01
1.022030456996599196e-01
1.020693259616524129e-01
1.019354858705328326e-01
1.018014972448488542e-01
1.016673319031477785e-01
1.015329616639772947e-01
1.013983583458847176e-01
1.012634937674177088e-01
1.011283397471236245e-01
1.009928681035500569e-01
1.008570506552444457e-01
1.007208592207543552e-01
1.005842656186271694e-01
1.004472416674105084e-01
1.003097591856517562e-01
1.001717899918985327e-01
1.000333059046982637e-01
9.989427874259836082e-02
9.975468032414648578e-02
9.961448246788995320e-02
9.947365699237648018e-02
9.933217571615332586e-02
9.919001045776817960e-02
9.904713303576839767e-02
9.890351526870161392e-02
9.875912897511518462e-02
9.861394597355672975e-02
9.846793808257360558e-02
9.832107712071348760e-02
9.817333490652366268e-02
9.802468325855183406e-02
9.787509399534530252e-02
9.772453893545174353e-02
9.757298989741849948e-02
9.742041869979320423e-02
9.726679716112324181e-02
9.711209709995620443e-02
9.695629033483946224e-02
9.679934868432066297e-02
9.664124396694714902e-02
9.648194800126656812e-02
9.632143260582627653e-02
9.615966959917390811e-02
9.599663079985677749e-02
9.583228802642260180e-02
9.566661309741876507e-02
9.549957783139267908e-02
9.533115404689200545e-02
9.516131356246405881e-02
9.499002819665651465e-02
9.481726976801670148e-02
9.464301009509232254e-02
9.446722099643062309e-02
9.428987429057936187e-02
9.411094179608575638e-02
9.393039533149759313e-02
9.374820671536210348e-02
9.356434776622701843e-02
9.337879030263959712e-02
9.319150614314757053e-02
9.300246710629822555e-02
9.281164501063922379e-02
9.261901167471793539e-02
9.242453891708200808e-02
9.222819855627871488e-02
9.202996241085577289e-02
9.182980229936049676e-02
9.162769004034060361e-02
9.142341457160529927e-02
9.121542442473115631e-02
9.100342275441619666e-02
9.078747128926492604e-02
9.056763175788137832e-02
9.034396588887010082e-02
9.011653541083521068e-02
8.988540205238083891e-02
8.965062754211156060e-02
8.941227360863135409e-02
8.917040198054478062e-02
8.892507438645581852e-02
8.867635255496905677e-02
8.842429821468843210e-02
8.816897309421854734e-02
8.791043892216335309e-02
8.764875742712746609e-02
8.738399033771482305e-02
8.711619938253001294e-02
8.684544629017697248e-02
8.657179278926033228e-02
8.629530060838402905e-02
8.601603147615266565e-02
8.573404712117015103e-02
8.544940927204114356e-02
8.516217965736955220e-02
8.487242000575999368e-02
8.458019204581639083e-02
8.428555750614338815e-02
8.398857811534489459e-02
8.368931560202552689e-02
8.338783169478920787e-02
8.308418812224058203e-02
8.277844661298354445e-02
8.247066889562275349e-02
8.216091669876228465e-02
8.184925175100619954e-02
8.153573578095919816e-02
8.122043051722514784e-02
8.090339768840872081e-02
8.058469902311377053e-02
8.026439624994499700e-02
7.994255109750625365e-02
7.961922529440222662e-02
7.929448056923675547e-02
7.896837865061458184e-02
7.864098126713951753e-02
7.831235014741627642e-02
7.798254702004869809e-02
7.765163361364148253e-02
7.731967165679849707e-02
7.698672287812440007e-02
7.665284900622307274e-02
7.631811176969921506e-02
7.598257289715662499e-02
7.564629411720007190e-02
7.530933715843338150e-02
7.497176374946123989e-02
7.463363561888747277e-02
7.429501449531682178e-02
7.395596210735312648e-02
7.361654018360107299e-02
7.327681045266450088e-02
7.293683464314813791e-02
7.259667448365601794e-02
7.225639170279221646e-02
7.191604802916143346e-02
7.157570519136749465e-02
7.123542491801512777e-02
7.089526893770817240e-02
7.055529897905132852e-02
7.021557677064842184e-02
6.987616404110416624e-02
6.953712251902244290e-02
6.919851393300789633e-02
6.886040001166440772e-02
6.852284248359664931e-02
6.818590307740850232e-02
6.784964352170466673e-02
6.751412554508892661e-02
6.717941087616606521e-02
6.684556124353988049e-02
6.651263837581510019e-02
6.618070400159553612e-02
6.584981984948591605e-02
6.552004764809007953e-02
6.519144912601271269e-02
6.486408601185768286e-02
6.453802003422969003e-02
6.421331292173257377e-02
6.389002640297102020e-02
6.356822220654891054e-02
6.324796206107090313e-02
6.292930769514108735e-02
6.261232083736351095e-02
6.229706321634286698e-02
6.198359656068303664e-02
6.167198259898867829e-02
6.136228305986368009e-02
6.105455967191269345e-02
6.074887416373959959e-02
6.044528826394908461e-02
6.014386370114500197e-02
5.984466220393204472e-02
5.954774550091410101e-02
5.925317532069578758e-02
5.896101339188103418e-02
5.867132144307447839e-02
5.838416120288002914e-02
5.809959439990230318e-02
5.781768276274523721e-02
5.753848802001344798e-02
5.726207190031086525e-02
5.698849613224211963e-02
5.671782244441110621e-02
5.645011256542248335e-02
5.618542822388015306e-02
5.592383114838873209e-02
5.566538306755217103e-02
5.541014570997505884e-02
5.515818080426136000e-02
5.490955007901565654e-02
5.466431526284205866e-02
5.442253808434468348e-02
5.418428027212814080e-02
5.394960355479637426e-02
5.371856966095394509e-02
5.349124031920487327e-02
5.326767725815369225e-02
5.304794220640440122e-02
5.283209689256153363e-02
5.262020304522910252e-02
5.241232239301166218e-02
5.220851666451321177e-02
5.200884758833827087e-02
5.181337689309088723e-02
5.162216630737556655e-02
5.143527755979633576e-02
5.125277237895771443e-02
5.107471249346372255e-02
5.090115963191889359e-02
5.073217552292724752e-02
5.056782189509329700e-02
5.040816047702110364e-02
5.025325299731513151e-02
5.010316118457947693e-02
4.995794676741858314e-02
4.981767147443653954e-02
4.968239703423780323e-02
4.955218517542647749e-02
4.942709762660701944e-02
4.930719611638351152e-02
4.919254237336040392e-02
4.908319812614186928e-02
4.897922510333214269e-02
4.888068503353559802e-02
4.878763964535641484e-02
4.870015066739896009e-02
4.861827982826742028e-02
4.854208885656615541e-02
4.847163948089935198e-02
4.840699342987136999e-02
4.834821243208637515e-02
4.829535821614874824e-02
4.824849251066269662e-02
4.820767704423253863e-02
4.817297354546250243e-02
4.814444374295689250e-02
4.812214936531998555e-02
4.810615214115603056e-02
4.809651379906929730e-02
4.809329607271407847e-02
4.809776755397605907e-02
4.811108642734111124e-02
4.813316372342382049e-02
4.816391047283871685e-02
4.820323770620039278e-02
4.825105645412337135e-02
4.830727774722225198e-02
4.837181261611154387e-02
4.844457209140588111e-02
4.852546720371971045e-02
4.861440898366767294e-02
4.871130846186436797e-02
4.881607666892423536e-02
4.892862463546197166e-02
4.904886339209198892e-02
4.917670396942901145e-02
4.931205739808741662e-02
4.945483470868195647e-02
4.960494693182698756e-02
4.976230509813726888e-02
4.992682023822717086e-02
5.009840338271145249e-02
5.027696556220446339e-02
5.046241780732097643e-02
5.065467114867532039e-02
5.085363661688229592e-02
5.105922524255622486e-02
5.127134805631192171e-02
5.148991608876365977e-02
5.171484037052629518e-02
5.194603193221409426e-02
5.218340180444192011e-02
5.242686101782401825e-02
5.267632060297525176e-02
5.293169159050988698e-02
5.319288501104278699e-02
5.345981189518819038e-02
5.373238327356098104e-02
5.401051017677539756e-02
5.429410363544615731e-02
5.458307468018799846e-02
5.487733434161511797e-02
5.517679365034244832e-02
5.548136363698417950e-02
5.579095533215524400e-02
5.610547976646982488e-02
5.642484797054286155e-02
5.674897097498850934e-02
5.707775981042174929e-02
5.741112550745672283e-02
5.774897909670841795e-02
5.809123160879094833e-02
5.843779407431932277e-02
5.878857752390765495e-02
5.914349298817093981e-02
5.950245149772331876e-02
5.986536408317976593e-02
6.023214177515440887e-02
6.060269560426225638e-02
6.097693660111742908e-02
6.135477579633490802e-02
6.173612422052880688e-02
6.212089290431416916e-02
6.250899287830506690e-02
6.290033517311655054e-02
6.329483081936265743e-02
6.369239084765848657e-02
6.409292628861806840e-02
6.449634817285623822e-02
6.490256753098778975e-02
6.531149539362675338e-02
6.572304279138825589e-02
6.613712075488629993e-02
6.655364031473598452e-02
6.697251250155132618e-02
6.739364834594741005e-02
6.781695887853829430e-02
6.824235512993905017e-02
6.866974813076370809e-02
6.909904891162736706e-02
6.953016850314402975e-02
6.996301793592882290e-02
7.039750824059574918e-02
7.083355044775990761e-02
7.127105558803531471e-02
7.170993469203709725e-02
7.215009879037924401e-02
7.259145891367688175e-02
7.303392609254399925e-02
7.347741135759570941e-02
7.392182573944602875e-02
7.436708026871007016e-02
7.481308597600183630e-02
7.525975389193645393e-02
7.570699504712788408e-02
7.615472047219130902e-02
7.660284119774066203e-02
7.705126825439083393e-02
7.749991267275664619e-02
7.794868548345210146e-02
7.839749771709229875e-02
7.884626040429125460e-02
7.929488457566410964e-02
7.974328126182483878e-02
8.019136149338855490e-02
8.063903630096927455e-02
8.108621671518208285e-02
8.153281376664102409e-02
8.197873848596121116e-02
8.242390190375661896e-02
8.286821505064238813e-02
8.331158895723250746e-02
8.375393465414210370e-02
8.419516317198517952e-02
8.463518554137683392e-02
8.507391279293109732e-02
8.551125595726305484e-02
8.594712606498673690e-02
8.638143414671724252e-02
8.681409123306858822e-02
8.724500835465588688e-02
8.767409654209309955e-02
8.810126682599542236e-02
8.852643023697677471e-02
8.894949780565233888e-02
8.937038056263608976e-02
8.978898953854286269e-02
9.020523576398752075e-02
9.061903026958403884e-02
9.103028408594750209e-02
9.143890824369199644e-02
9.184481377343256536e-02
9.224791170578326704e-02
9.264811307135915885e-02
9.304532890077432672e-02
9.343947022464378638e-02
9.383044807358160988e-02
9.421817347820286848e-02
9.460255746912163421e-02
9.498351107695295059e-02
9.536094533231087578e-02
9.573477126581046714e-02
9.610489990806579674e-02
9.647124228969188031e-02
9.683370944130288704e-02
9.719221239351372166e-02
9.754666217693856722e-02
9.789696982219243948e-02
9.824304635988938272e-02
9.858480282064448208e-02
9.892215023507179572e-02
9.925499963378635326e-02
9.958326204740225451e-02
9.990684850653451521e-02
1.002256700417972629e-01
1.005396376838052636e-01
1.008486624631732970e-01
1.011526554105154629e-01
1.014515275564468189e-01
1.017451899315814229e-01
1.020335535665342908e-01
1.023165294919195639e-01
1.025940287383522165e-01
1.028659623364464037e-01
1.031322413168170582e-01
1.033927767100784045e-01
1.036474795468453058e-01
1.038962608577320146e-01
1.041390316733534077e-01
1.043757030243237655e-01
1.046061859412578954e-01
1.048315998134371346e-01
1.050571149295798784e-01
1.052833103463768349e-01
1.055101623907209879e-01
1.057376473895048907e-01
1.059657416696215548e-01
1.061944215579635059e-01
1.064236633814237554e-01
1.066534434668948012e-01
1.068837381412697102e-01
1.071145237314409249e-01
1.073457765643015399e-01
1.075774729667440116e-01
1.078095892656614346e-01
1.080421017879462375e-01
1.082749868604913485e-01
1.085082208101897094e-01
1.087417799639337490e-01
1.089756406486165757e-01
1.092097791911306320e-01
1.094441719183689987e-01
1.096787951572241460e-01
1.099136252345891268e-01
1.101486384773564253e-01
1.103838112124190807e-01
1.106191197666696047e-01
1.108545404670010226e-01
1.110900496403058463e-01
1.113256236134770871e-01
1.115612387134072847e-01
1.117968712669894366e-01
1.120324976011160822e-01
1.122680940426802193e-01
1.125036369185743734e-01
1.127391025556915560e-01
1.129744672809242650e-01
1.132097074211656090e-01
1.134447993033079610e-01
1.136797192542444851e-01
1.139144436008675682e-01
1.141489486700703881e-01
1.143832107887453042e-01
1.146172062837854111e-01
1.148509114820831928e-01
1.150843027105315636e-01
1.153173562960234655e-01
1.155500485654513410e-01
1.157823558457082291e-01
1.160142544636866418e-01
1.162457207462796599e-01
1.164767310203797257e-01
1.167072616128799062e-01
1.169372888506726299e-01
1.171667890606510332e-01
1.173957385697075723e-01
1.176241137047353003e-01
1.178518907926266596e-01
1.180790461602747587e-01
1.183055561345720402e-01
1.185313970424116126e-01
1.187565452106858765e-01
1.189809769662879685e-01
1.192046686361103169e-01
1.194275965470459749e-01
1.196497370259874821e-01
1.198710663998277942e-01
1.200915609954595203e-01
1.203111971397756164e-01
1.205299511596685941e-01
1.207477993820314788e-01
1.209647181337568378e-01
1.211806837417376270e-01
1.213956725328663444e-01
1.216096608340360014e-01
1.218226249721393872e-01
1.220345412740690277e-01
1.222453860667179898e-01
1.224551356769787436e-01
1.226637664317443699e-01
1.228712546579072973e-01
1.230775766823606204e-01
1.232827088319967956e-01
1.234866274337089037e-01
1.236893088143894426e-01
1.238907293009313820e-01
1.240908652202273033e-01
1.242896928991701899e-01
1.244871886646525816e-01
1.246833288435674619e-01
1.248780897628073844e-01
1.250714477492653742e-01
1.252633791298339294e-01
1.254538602314060336e-01
1.256428673808742680e-01
1.258303769051316023e-01
1.260163651310705901e-01
1.262008083855842566e-01
1.263836829955650720e-01
1.265649652879060338e-01
1.267446315894997788e-01
1.269226582272391934e-01
1.270990215280168867e-01
1.272736978187257173e-01
1.274466634262585996e-01
1.276178946775080036e-01
1.277873678993669826e-01
1.279550594187280899e-01
1.281209455624842397e-01
1.282850026575280133e-01
1.284472070307524361e-01
1.286075350090500891e-01
1.287659629193138311e-01
1.289224670884362989e-01
1.290770238433104899e-01
1.292296095108289300e-01
1.293802004178845888e-01
1.295287728913700198e-01
1.296753032581782483e-01
1.298197678452017723e-01
1.299621429793336169e-01
1.301024049874662802e-01
1.302405301964928430e-01
1.303764949333057754e-01
1.305102755247981028e-01
1.306418482978623230e-01
1.307711895793914614e-01
1.308982756962780991e-01
1.310230829754151782e-01
1.311455877436952799e-01
1.312657663280112907e-01
1.313835950552559029e-01
1.314990502523219196e-01
1.316121082461022274e-01
1.317227453634893797e-01
1.318309379313763463e-01
1.319366622766556807e-01
1.320398947262204081e-01
1.321406116069630265e-01
1.322387892457765335e-01
1.323344039695535379e-01
1.324274321051869541e-01
1.325178499795693909e-01
1.326056339195937350e-01
1.326907602521526508e-01
1.327732053041390248e-01
1.328529454024455214e-01
1.329299568739649995e-01
1.330042160455901235e-01
1.330756992442137798e-01
1.331443827967286331e-01
1.332102430300275420e-01
1.332732562710031987e-01
1.333333988465483788e-01
1.333906470835558855e-01
1.334449773089184943e-01
1.334963658495289529e-01
1.335447890322800091e-01
1.335902231840644105e-01
1.336326446317750438e-01
1.336720297023045179e-01
1.337083547225457469e-01
1.337415960193913955e-01
1.337717299197342946e-01
1.337987327504671919e-01
1.338225808384828353e-01
1.338432505106740000e-01
1.338607180939334895e-01
1.338749599151540515e-01
1.338859523012284058e-01
1.338936715790493837e-01
1.338980940755097604e-01
1.338990067244147097e-01
1.338879744529240245e-01
1.338606048973953466e-01
1.338170846559759430e-01
1.337576003268129421e-01
1.336823385080536941e-01
1.335914857978452164e-01
1.334852287943349425e-01
1.333637540956698619e-01
1.332272482999973251e-01
1.330758980054644602e-01
1.329098898102185899e-01
1.327294103124067315e-01
1.325346461101763462e-01
1.323257838016743682e-01
1.321030099850482864e-01
1.318665112584450072e-01
1.316164742200120474e-01
1.313530854678965076e-01
1.310765316002453496e-01
1.307869992152061733e-01
1.304846749109257742e-01
1.301697452855518633e-01
1.298423969372311249e-01
1.295028164641112423e-01
1.291511904643389830e-01
1.287877055360619749e-01
1.284125482774270133e-01
1.280259052865817537e-01
1.276279631616729360e-01
1.272189085008482434e-01
1.267989279022543880e-01
1.263682079640390810e-01
1.259269352843490064e-01
1.254752964613319866e-01
1.250134780931345391e-01
1.245416667779045417e-01
1.240600491137886091e-01
1.235688116989345220e-01
1.230681411314888674e-01
1.225582240095995090e-01
1.220392469314130202e-01
1.215113964950772368e-01
1.209748592987387183e-01
1.204298219405453702e-01
1.198764710186436405e-01
1.193149931311815320e-01
1.187455748763058122e-01
1.181684028521634150e-01
1.175836636569022181e-01
1.169915438886687115e-01
1.163922301456108421e-01
1.157859090258750723e-01
1.151727671276093629e-01
1.145529910489601622e-01
1.139267673880754173e-01
1.132942827431016181e-01
1.126557237121867533e-01
1.120112768934771880e-01
1.113611288851209941e-01
1.107054662852644950e-01
1.100444756920558043e-01
1.093783437036412176e-01
1.087072569181688486e-01
1.080314019337850207e-01
1.073509653486378196e-01
1.066661337608735965e-01
1.059770937686404096e-01
1.052840319700845823e-01
1.045871349633542141e-01
1.038865893465956425e-01
1.031825817179569671e-01
1.024752986755844975e-01
1.017649268176263194e-01
1.010516527422287564e-01
1.003356630475399219e-01
9.961714433170612559e-02
9.889628319287548097e-02
9.817326622919471391e-02
9.744828003881063350e-02
9.672151121987131173e-02
9.599314637052305810e-02
9.526337208891401398e-02
9.453237497319043336e-02
9.380034162150047150e-02
9.306745863199042401e-02
9.233391260280840451e-02
9.159989013210070863e-02
9.086557781801544997e-02
9.013116225869892417e-02
8.939683005229928647e-02
8.866276779696277699e-02
8.792916209083756485e-02
8.719619953206993179e-02
8.646406671880799144e-02
8.573295024919805329e-02
8.500303672138821709e-02
8.427451273352479233e-02
8.354756488375589263e-02
8.282237977022784137e-02
8.209914399108872440e-02
8.137804414448486512e-02
8.065926682856436325e-02
7.994299864147354218e-02
7.922942618136047388e-02
7.851873604637150950e-02
7.781111483465473488e-02
7.710674914435690364e-02
7.640582557362481098e-02
7.570853072060650113e-02
7.501505118344838074e-02
7.432557356029843854e-02
7.364028444930308115e-02
7.295937044861036669e-02
7.228301815636664629e-02
7.161141417071995030e-02
7.094474508981667149e-02
7.028319751180486796e-02
6.962695803483086310e-02
6.897621325704275663e-02
6.833114977658691358e-02
6.769195419161133653e-02
6.705881310026244602e-02
6.643191310068825850e-02
6.581144079103515288e-02
6.519758276945117337e-02
6.459052563408274050e-02
6.399045598307780136e-02
6.339756041458280422e-02
6.281202552674575168e-02
6.223403791771307120e-02
6.166378418563271679e-02
6.110145092865117838e-02
6.054722474491638223e-02
6.000129223257483907e-02
5.946383998977441271e-02
5.893505461466198164e-02
5.841512270538444518e-02
5.790423086008967407e-02
5.740256567692418599e-02
5.691031375403587944e-02
5.642766168957131373e-02
5.595479608167829022e-02
5.549190352850344454e-02
5.503917062819457112e-02
5.459678397889831947e-02
5.416493017876240074e-02
5.374379582593352689e-02
5.333356751855944378e-02
5.293443185478683560e-02
5.254657543276337189e-02
5.217018485063579930e-02
5.180544670655183592e-02
5.145254759865819372e-02
5.111167412510251445e-02
5.078301288403160724e-02
5.046675047359308608e-02
5.016307349193377396e-02
4.987216853720122939e-02
4.959422220754232391e-02
4.932942110110463685e-02
4.907795181603492873e-02
4.884000095048086909e-02
4.861575510258928784e-02
4.840540087050770185e-02
4.820912485238318390e-02
4.802711364636276514e-02
4.785955385059398326e-02
4.770663206322377919e-02
4.756853488239951022e-02
4.744544890626833239e-02
4.733756073297749889e-02
4.724100077323652863e-02
4.714604100944056603e-02
4.705223549947250977e-02
4.695957248753050706e-02
4.686804021781248997e-02
4.677762693451660569e-02
4.668832088184077939e-02
4.660011030398316517e-02
4.651298344514170208e-02
4.642692854951453035e-02
4.634193386129958903e-02
4.625798762469501141e-02
4.617507808389874346e-02
4.609319348310893238e-02
4.601232206652349638e-02
4.593245207834059651e-02
4.585357176275817181e-02
4.577566936397434172e-02
4.569873312618707301e-02
4.562275129359448511e-02
4.554771211039453788e-02
4.547360382078534380e-02
4.540041466896491823e-02
4.532813289913124183e-02
4.525674675548244791e-02
4.518624448221649631e-02
4.511661432353149953e-02
4.504784452362541741e-02
4.497992332669638327e-02
4.491283897694234306e-02
4.484657971856141623e-02
4.478113379575158343e-02
4.471648945271093634e-02
4.465263493363746256e-02
4.458955848272925376e-02
4.452724834418429062e-02
4.446569276220069256e-02
4.440487998097640554e-02
4.434479824470955595e-02
4.428543579759811055e-02
4.422678088384018186e-02
4.416882174763372970e-02
4.411154663317688740e-02
4.405494378466760091e-02
4.399900144630398274e-02
4.394370786228402048e-02
4.388905127680580581e-02
4.383501993406731939e-02
4.378160207826665290e-02
4.372878595360180781e-02
4.367655980427086887e-02
4.362491187447185143e-02
4.357383040840276389e-02
4.352330365026169795e-02
4.347331984424664814e-02
4.342386723455570613e-02
4.337493406538685953e-02
4.332650858093818613e-02
4.327857902540769436e-02
4.323113364299346895e-02
4.318416067789349055e-02
4.313764837430587168e-02
4.309158497642857216e-02
4.304595872845971144e-02
4.300075787459724935e-02
4.295597065903929840e-02
4.291158532598384617e-02
4.286759011962897742e-02
4.282397328417267973e-02
4.278072306381305173e-02
4.273782770274807408e-02
4.269527544517583845e-02
4.265305453529434632e-02
4.261115321730167549e-02
4.256955973539581356e-02
4.252826233377485915e-02
4.248724925663679985e-02
4.244650874817972735e-02
4.240602905260162925e-02
4.236579841410059027e-02
4.232580507687463273e-02
4.228603728512177889e-02
4.224648328304011352e-02
4.220713131482759645e-02
4.216796962468236792e-02
4.212898645680238086e-02
4.209017005538574774e-02
4.205150866463045617e-02
4.201299052873457701e-02
4.197460389189610480e-02
4.193633699831314510e-02
4.189817809218369937e-02
4.186011541770581074e-02
4.182213721907750842e-02
4.178423174049687716e-02
4.174638722616189068e-02
4.170859192027065454e-02
4.167083406702115633e-02
4.163310191061147386e-02
4.159538369523960860e-02
4.155766766510365917e-02
4.151994206440158541e-02
4.148219513733151370e-02
4.144441512809141082e-02
4.140659028087937538e-02
4.136870883989339498e-02
4.133075904933155437e-02
4.129272915339184807e-02
4.125460739627237472e-02
4.121638202217113578e-02
4.117804127528614661e-02
4.113957339981551969e-02
4.110096663995722183e-02
4.106220923990933774e-02
4.102328944386987586e-02
4.098419549603691397e-02
4.094491564060846051e-02
4.090543812178259325e-02
4.086575118375728594e-02
4.082584307073064411e-02
4.078570202690066232e-02
4.074531629646543918e-02
4.070467412362293452e-02
4.066376375257126086e-02
4.062257342750840577e-02
4.058109139263245402e-02
4.053930589214138624e-02
4.049720517023331495e-02
4.045477747110621386e-02
4.041201103895818159e-02
4.036889411798720573e-02
4.032541495239137103e-02
4.028156178636867896e-02
4.023732286411721426e-02
4.019268642983495066e-02
4.014764072772000064e-02
4.010217400197034487e-02
4.005627449678407503e-02
4.000993045635918566e-02
3.996313012489375455e-02
3.991586174658581093e-02
3.986811356563335629e-02
3.981987382623448229e-02
3.977113077258719043e-02
3.972187264888957237e-02
3.967208769933960183e-02
3.962176416813537050e-02
3.957089029947487291e-02
3.951945433755622850e-02
3.946744452657737628e-02
3.941484911073642877e-02
3.936165633423138049e-02
3.930785444126033007e-02
3.925343167602123040e-02
3.919837628271220786e-02
3.914267650553124311e-02
3.908632058867642783e-02
3.902929677634574268e-02
3.897159331273730015e-02
3.891319844204904621e-02
3.885410040847912111e-02
3.879428745622547081e-02
3.873374782948621475e-02
3.867246977245933359e-02
3.861044152934292595e-02
3.854765134433496554e-02
3.848408746163355793e-02
3.841973812543668376e-02
3.835459157994243473e-02
3.828863606934884006e-02
3.822185983785386654e-02
3.815420419526232426e-02
3.808506922255845001e-02
3.801429430129213416e-02
3.794190355286603672e-02
3.786792109868301198e-02
3.779237106014574077e-02
3.771527755865706349e-02
3.763666471561966098e-02
3.755655665243638058e-02
3.747497749050988924e-02
3.739195135124304126e-02
3.730750235603851744e-02
3.722165462629916516e-02
3.713443228342763747e-02
3.704585944882682336e-02
3.695596024389936202e-02
3.686475879004812162e-02
3.677227920867576216e-02
3.667854562118515876e-02
3.658358214897894367e-02
3.648741291346000587e-02
3.639006203603099843e-02
3.629155363809476870e-02
3.619191184105400444e-02
3.609116076631155995e-02
3.598932453527007441e-02
3.588642726933245763e-02
3.578249308990136962e-02
3.567754611837953976e-02
3.557161047616984317e-02
3.546471028467492598e-02
3.535686966529766329e-02
3.524811273944069429e-02
3.513846362850691490e-02
3.502794645389892964e-02
3.491658533701968298e-02
3.480440439927176555e-02
3.469142776205807327e-02
3.457767954678125921e-02
3.446318387484418461e-02
3.434796486764950252e-02
3.423204664660010887e-02
3.411545333309861511e-02
3.399820904854792408e-02
3.388033791435066805e-02
3.376186405190973600e-02
3.364281158262776017e-02
3.352320462790764344e-02
3.340306730915199723e-02
3.328242374776373136e-02
3.316129806514546419e-02
3.303971438270009858e-02
3.291769682183025292e-02
3.279526950393883006e-02
3.267245655042845531e-02
3.254928208270203155e-02
3.242577022216223959e-02
3.230194509021178106e-02
3.217783080825355885e-02
3.205345149769019131e-02
3.192883127992458131e-02
3.180399427635934029e-02
3.167896460839739192e-02
3.155376639744134071e-02
3.142842376489409645e-02
3.130296083215826364e-02
3.117740172063676596e-02
3.105177055173221484e-02
3.092609144684751316e-02
3.080038852738527927e-02
3.067468591474842993e-02
3.054900773033956268e-02
3.042337809556160469e-02
3.029782113181715350e-02
3.017236096050913280e-02
3.004702170304015055e-02
2.992182748081311655e-02
2.979680241523063530e-02
2.967197062769563742e-02
2.954735623961070312e-02
2.942298337237878383e-02
2.929887614740245977e-02
2.917505868608466502e-02
2.905155510982799713e-02
2.892838954003537633e-02
2.880558609810947301e-02
2.868316890545299230e-02
2.856116208346884053e-02
2.843958975355962912e-02
2.831847603712826442e-02
2.819784505557735785e-02
2.807772093030983310e-02
2.795812778272829119e-02
2.783908973423564887e-02
2.772063090623451409e-02
2.760277542012780361e-02
2.748554739731812538e-02
2.736897095920839268e-02
2.725307022720121347e-02
2.713786932269950103e-02
2.702339236710587719e-02
2.690966348182322401e-02
2.679670678825419802e-02
2.668454640780167780e-02
2.657320646186827479e-02
2.646271107185691612e-02
2.635308435917021672e-02
2.624435044521106902e-02
2.613653345138209835e-02
2.602965749908621104e-02
2.592374670972602546e-02
2.581882520470444101e-02
2.571491710542408646e-02
2.561204653328785080e-02
2.551023760969843915e-02
2.540951445605853232e-02
2.530990119377104011e-02
2.521142194423858438e-02
2.511410082886406103e-02
2.501796196905010233e-02
2.492302948619959380e-02
2.482932750171517808e-02
2.473688013699973029e-02
2.464571151345589656e-02
2.455584575248655893e-02
2.446730697549435660e-02
2.438011930388217507e-02
2.429430685905265702e-02
2.420989376240867755e-02
2.412690413535289319e-02
2.404536209928816171e-02
2.396529177561715004e-02
2.388671728574271597e-02
2.380966275106752641e-02
2.373415229299443222e-02
2.366021003292610725e-02
2.358786009226540581e-02
2.351712659241500178e-02
2.344803365477773210e-02
2.338060540075628801e-02
2.331486595175350299e-02
2.325083942917207172e-02
2.318854995441482075e-02
2.312802164888447948e-02
2.306927863398376688e-02
2.301234503111552684e-02
2.295724496168244366e-02
2.290400254708734387e-02
2.285264190873293952e-02
2.280318716802203285e-02
2.275566244635733940e-02
2.271009186514168221e-02
2.266649954577775947e-02
2.262490960966839076e-02
2.258534617821627774e-02
2.254783337282423999e-02
2.251239531489498957e-02
2.247905612583133914e-02
2.244783992703599726e-02
2.241877083991176620e-02
2.239187298586137881e-02
2.236717048628762347e-02
2.234468746259323652e-02
2.232444803618101326e-02
2.230647632845367268e-02
2.229079646081401009e-02
2.227743255466476877e-02
2.226640873140872667e-02
2.225774911244862014e-02
2.225147781918724102e-02
2.224761897302732563e-02
2.224619669537165195e-02
2.224670418908945152e-02
2.224842343374919262e-02
2.225133625339639418e-02
2.225542840281301629e-02
2.226068563678100173e-02
2.226709371008231061e-02
2.227463837749888570e-02
2.228330539381268363e-02
2.229308051380565411e-02
2.230394949225974685e-02
2.231589808395690808e-02
2.232891204367910484e-02
2.234297712620826257e-02
2.235807908632635871e-02
2.237420367881532562e-02
2.239133665845712343e-02
2.240946378003369488e-02
2.242857079832700704e-02
2.244864346811898531e-02
2.246966754419161064e-02
2.249162878132680843e-02
2.251451293430654574e-02
2.253830575791275839e-02
2.256299300692742038e-02
2.258856043613245365e-02
2.261499380030983566e-02
2.264227885424149531e-02
2.267040135270941004e-02
2.269934705049549140e-02
2.272910170238173419e-02
2.275965106315005690e-02
2.279098088758241270e-02
2.282307693046078598e-02
2.285592494656708482e-02
2.288951069068329708e-02
2.292381991759133431e-02
2.295883838207319130e-02
2.299455183891077614e-02
2.303094604288608016e-02
2.306800674878101143e-02
2.310571971137757169e-02
2.314407068545765167e-02
2.318304542580326352e-02
2.322262968719630491e-02
2.326280922441877758e-02
2.330356979225257225e-02
2.334489714547970454e-02
2.338677703888206866e-02
2.342919522724166634e-02
2.347213746534039872e-02
2.351558950796026753e-02
2.355953710988316352e-02
2.360396602589110576e-02
2.364886201076598152e-02
2.369421081928979947e-02
2.373999820624445034e-02
2.378620992641194976e-02
2.383283173457418150e-02
2.387984938551316466e-02
2.392724863401078650e-02
2.397501523484902100e-02
2.402313494280986297e-02
2.407159351267518926e-02
2.412037669922702243e-02
2.416947025724724626e-02
2.421885994151787985e-02
2.426853150682080004e-02
2.431847070793803287e-02
2.436866329965145517e-02
2.441909503674308604e-02
2.446975167399481968e-02
2.452061896618866130e-02
2.457168266810649815e-02
2.462292853453035280e-02
2.467434232024210555e-02
2.472590978002376857e-02
2.477761666865724299e-02
2.482944874092452708e-02
2.488139175160751504e-02
2.493343145548822595e-02
2.498555360734853667e-02
2.503774396197046975e-02
2.508998827413591245e-02
2.514227229862687693e-02
2.519458179022525043e-02
2.524690250371304512e-02
2.529922019387215171e-02
2.535152061548458582e-02
2.540378952333222778e-02
2.545601267219707239e-02
2.550817581686109364e-02
2.556026471210617879e-02
2.561226511271434692e-02
2.566416277346747488e-02
2.571594344914759217e-02
2.576759289453657911e-02
2.581909686441644786e-02
2.587044111356908913e-02
2.592161139677651160e-02
2.597259346882060949e-02
2.602337308448339839e-02
2.607393599854675864e-02
2.612426796579271279e-02
2.617435474100313769e-02
2.622418207896005243e-02
2.627373573444535468e-02
2.632300146224104617e-02
2.637196501712901417e-02
2.642061215389128123e-02
2.646892862730973114e-02
2.651690019216636912e-02
2.656451260324309976e-02
2.661175161532192829e-02
2.665860298318473848e-02
2.670505246161354942e-02
2.675108580539024838e-02
2.679668876929685098e-02
2.684184710811524446e-02
2.688654657662741324e-02
2.693077292961533128e-02
2.697451192186088934e-02
2.701774930814610648e-02
2.706047084325286997e-02
2.710266228196318850e-02
2.714430937905896318e-02
2.718539788932217843e-02
2.722591356753475966e-02
2.726584216847869821e-02
2.730516944693588133e-02
2.734388115768832811e-02
2.738196305551793275e-02
2.741940089520669699e-02
2.745618043153652543e-02
2.749228741928940942e-02
2.752770761324725701e-02
2.756242676819206303e-02
2.759643063890573900e-02
2.762970498017027279e-02
2.766223554676757942e-02
2.769400809347964676e-02
2.772500837508838634e-02
2.775522214637578949e-02
2.778463516212376777e-02
2.781323317711430557e-02
2.784100194612932483e-02
2.786792722395080996e-02
2.789399476536067596e-02
2.791919032514088642e-02
2.794349965807341532e-02
2.796690851894018115e-02
2.798940266252316136e-02
2.801096784360428138e-02
2.803158981696551519e-02
2.805125433738879168e-02
2.806994715965608483e-02
2.808765403854932008e-02
2.810436072885048181e-02
2.812005298534148504e-02
2.813471656280430375e-02
2.814833721602088071e-02
2.816090069977316909e-02
2.817239276884311514e-02
2.818279917801267895e-02
2.819210568206380330e-02
2.820029803577844829e-02
2.820736199393854282e-02
2.821328331132606781e-02
2.821804774272295216e-02
2.822164104291115597e-02
2.822404896667263241e-02
2.822525726878933119e-02
2.822524187688797703e-02
2.822394090457331847e-02
2.822135697539477836e-02
2.821750335271319687e-02
2.821239329988940378e-02
2.820604008028423926e-02
2.819845695725852960e-02
2.818965719417313234e-02
2.817965405438887724e-02
2.816846080126659754e-02
2.815609069816712995e-02
2.814255700845131464e-02
2.812787299547998485e-02
2.811205192261399810e-02
2.809510705321416682e-02
2.807705165064134159e-02
2.805789897825634177e-02
2.803766229942003529e-02
2.801635487749323111e-02
2.799398997583679369e-02
2.797058085781153197e-02
2.794614078677831043e-02
2.792068302609794148e-02
2.789422083913128958e-02
2.786676748923915328e-02
2.783833623978241786e-02
2.780894035412187493e-02
2.777859309561840628e-02
2.774730772763280354e-02
2.771509751352594850e-02
2.768197571665863971e-02
2.764795560039174857e-02
2.761305042808607710e-02
2.757727346310250363e-02
2.754063796880184406e-02
2.750315720854491428e-02
2.746484444569259609e-02
2.742571294360568110e-02
2.738577596564504765e-02
2.734504677517149776e-02
2.730353863554590629e-02
2.726126481012906833e-02
2.721823856228186914e-02
2.717447315536509339e-02
2.712998185273963331e-02
2.708477791776627008e-02
2.703887461380589941e-02
2.699228520421929900e-02
2.694502295236736802e-02
2.689710112161087727e-02
2.684853297531073629e-02
2.679933177682770895e-02
2.674951078952270481e-02
2.669908327675649118e-02
2.664806250188997416e-02
2.659646172828392455e-02
2.654429421929924496e-02
2.649157323829670271e-02
2.643831204863721432e-02
2.638452391368153321e-02
2.633022209679058284e-02
2.627541986132511664e-02
2.622013047064604765e-02
2.616436718811417789e-02
2.610814327709031282e-02
2.605147200093535162e-02
2.599436662301007200e-02
2.593684040667537660e-02
2.587890661529203273e-02
2.582057851222094649e-02
2.576186936082288520e-02
2.570279242445876189e-02
2.564336096648933694e-02
2.558358825027551992e-02
2.552348753917808161e-02
2.546307209655793158e-02
2.540235518577582327e-02
2.534135007019268360e-02
2.528007001316926253e-02
2.521852827806647657e-02
2.515673812824508956e-02
2.509471282706601802e-02
2.503246563789001192e-02
2.497000982407799816e-02
2.490735864899072671e-02
2.484452537598912450e-02
2.478152326843394149e-02
2.471836558968609071e-02
2.465506560310633949e-02
2.459163657205560086e-02
2.452809175989463519e-02
2.446444442998435206e-02
2.440070784568551879e-02
2.433689527035904493e-02
2.427301996736573597e-02
2.420909520006638005e-02
2.414513423182189714e-02
2.408115032599304761e-02
2.401715674594075492e-02
2.395316675502576209e-02
2.388919361660899951e-02
2.382525059405121368e-02
2.376135095071333497e-02
2.369750794995610643e-02
2.363373485514045150e-02
2.357004492962713402e-02
2.350645143677706356e-02
2.344296763995100050e-02
2.337960680250986134e-02
2.331638218781440300e-02
2.325330705922554198e-02
2.319039468010404212e-02
2.312765831381081300e-02
2.306511122370661498e-02
2.300276667315236806e-02
2.294063792550883260e-02
2.287873824413691123e-02
2.281708089239737475e-02
2.275567913365113618e-02
2.269454623125895590e-02
2.263369544858175042e-02
2.257314004898027318e-02
2.251289329581544763e-02
2.245296845244806189e-02
2.239337878223892145e-02
2.233413754854894281e-02
2.227525801473888289e-02
2.221675344416965819e-02
2.215863710020202562e-02
2.210092224619690515e-02
2.204362214551505370e-02
2.198675006151738429e-02
2.193031925756466771e-02
2.187434299701779619e-02
2.181883454323754745e-02
2.176380715958483800e-02
2.170927410942042474e-02
2.165524865610521030e-02
2.160174406299997241e-02
2.154877359346561022e-02
2.149635051086290147e-02
2.144448807855274183e-02
2.139319955989591251e-02
2.134249821825330573e-02
2.129239731698569921e-02
2.124291011945399557e-02
2.119404988901896214e-02
2.114582988904150848e-02
2.109826338288240885e-02
2.105136363390255547e-02
2.100514390546272953e-02
2.095961746092382672e-02
2.091479756364665599e-02
2.087069747699202282e-02
2.082733046432082638e-02
2.078470978899385133e-02
2.074284871437197600e-02
2.070176050381600241e-02
2.066145842068680197e-02
2.062195572834517321e-02
2.058326569015200488e-02
2.054540156946807819e-02
2.050837662965427841e-02
2.047220413407140061e-02
2.043689734608032660e-02
2.040246952904184799e-02
2.036893394631685006e-02
2.033630386126612094e-02
2.030459253725054244e-02
2.027381323763091658e-02
2.024397922576811129e-02
2.021509982556399243e-02
2.018659260557591553e-02
2.015803578676567120e-02
2.012943191847588187e-02
2.010078355004911443e-02
2.007209323082801561e-02
2.004336351015514536e-02
2.001459693737313653e-02
1.998579606182456642e-02
1.995696343285206786e-02
1.992810159979821819e-02
1.989921311200560511e-02
1.987030051881687187e-02
1.984136636957458191e-02
1.981241321362136806e-02
1.978344360029979723e-02
1.975446007895251266e-02
1.972546519892207778e-02
1.969646150955112543e-02
1.966745156018222598e-02
1.963843790015801921e-02
1.960942307882106161e-02
1.958040964551400337e-02
1.955140014957940098e-02
1.952239714035989421e-02
1.949340316719805344e-02
1.946442077943651150e-02
1.943545252641783877e-02
1.940650095748466114e-02
1.937756862197955940e-02
1.934865806924516290e-02
1.931977184862404204e-02
1.929091250945882963e-02
1.926208260109208911e-02
1.923328467286647067e-02
1.920452127412452734e-02
1.917579495420890581e-02
1.914710826246216607e-02
1.911846374822694788e-02
1.908986396084583204e-02
1.906131144966140972e-02
1.903280876401631030e-02
1.900435845325310416e-02
1.897596306671443106e-02
1.894762515374285097e-02
1.891934726368100367e-02
1.889113194587145605e-02
1.886298174965684790e-02
1.883489922437974265e-02
1.880688691938277660e-02
1.877894738400851318e-02
1.875108316759959912e-02
1.872329681949859090e-02
1.869559088904813177e-02
1.866796792559079210e-02
1.864043047846919432e-02
1.861298109702591921e-02
1.858562233060359614e-02
1.855835672854479548e-02
1.853118684019215007e-02
1.850411521488823027e-02
1.847714440197567240e-02
1.845027695079704683e-02
1.842351541069497597e-02
1.839686233101204410e-02
1.837032026109088056e-02
1.834389175027404534e-02
1.831757934790418860e-02
1.829138560332388766e-02
1.826531306587571984e-02
1.823936428490233186e-02
1.821354180974629061e-02
1.818784818975022893e-02
1.816228597425671373e-02
1.813685771260838478e-02
1.811156595414780551e-02
1.808641324821760876e-02
1.806140214416037532e-02
1.803653519131872759e-02
1.801181493903523945e-02
1.798724393665254370e-02
1.796282473351321074e-02
1.793855987895987686e-02
1.791445192233510550e-02
1.789050341298153643e-02
1.786671690024173656e-02
1.784309493345833872e-02
1.781964006197391676e-02
1.779635483513110350e-02
1.777324180227246239e-02
1.775030351274063320e-02
1.772754251587818630e-02
1.770496136102775106e-02
1.768256259753190132e-02
1.766034877473326992e-02
1.763832244197442722e-02
1.761648614859799913e-02
1.759484244394658378e-02
1.757339387736275849e-02
1.755214299818915955e-02
1.753109235576836081e-02
1.751024449944298816e-02
1.748960197855561546e-02
1.746916734244887554e-02
1.744894314046533876e-02
1.742893192194764143e-02
1.740913623623835046e-02
1.738955863268009869e-02
1.737020166061545995e-02
1.735106786938706014e-02
1.733215980833747658e-02
1.731348002680933862e-02
1.729503107414522359e-02
1.727681549968775390e-02
1.725883585277950688e-02
1.724109468276311535e-02
1.722359453898114970e-02
1.720633797077623581e-02
1.718932752749095447e-02
1.717256575846793157e-02
1.715605521304974443e-02
1.713979844057901547e-02
1.712379799039832895e-02
1.710805641185030382e-02
1.709257625427752433e-02
1.707736006702260945e-02
1.706241039942814688e-02
1.704772980083674866e-02
1.703332082059100944e-02
1.701918600803353082e-02
1.700532791250692483e-02
1.699174908335377224e-02
1.697845206991669895e-02
1.696543942153828574e-02
1.695271368756115504e-02
1.694027741732789111e-02
1.692813316018110942e-02
1.691628346546339423e-02
1.690473088251736797e-02
1.689347796068561489e-02
1.688252724931075047e-02
1.687188129773536244e-02
1.686154265530206975e-02
1.685151387135345666e-02
1.684179749523213865e-02
1.683239607628070345e-02
1.682331216384177347e-02
1.681454830725792951e-02
1.680610705587178358e-02
1.679799095902593728e-02
1.679020256606299569e-02
1.678274442632554306e-02
1.677561908915620528e-02
1.676882910389756662e-02
1.676237701989223908e-02
1.675626538648281386e-02
1.675049675301190991e-02
1.674507366882211148e-02
1.673999868325602366e-02
1.673527434565626193e-02
1.673090320536540707e-02
1.672688781172607803e-02
1.672323071408086254e-02
1.671993446177237955e-02
1.671700160414321679e-02
1.671443469053597586e-02
1.671223627029326531e-02
1.671040889275768673e-02
1.670895510727183828e-02
1.670787746317832848e-02
1.670717850981974853e-02
1.670686079653870698e-02
1.670697835423772676e-02
1.670769452090734020e-02
1.670901616262509409e-02
1.671093766905193748e-02
1.671345342984882978e-02
1.671655783467670964e-02
1.672024527319652953e-02
1.672451013506922810e-02
1.672934680995576476e-02
1.673474968751707814e-02
1.674071315741412422e-02
1.674723160930784854e-02
1.675429943285919668e-02
1.676191101772911765e-02
1.677006075357855702e-02
1.677874303006847076e-02
1.678795223685979748e-02
1.679768276361349663e-02
1.680792899999049989e-02
1.681868533565177362e-02
1.682994616025825299e-02
1.684170586347089049e-02
1.685395883495063168e-02
1.686669946435842907e-02
1.687992214135522126e-02
1.689362125560197117e-02
1.690779119675961395e-02
1.692242635448910557e-02
1.693752111845138464e-02
1.695306987830741061e-02
1.696906702371812209e-02
1.698550694434447506e-02
1.700238402984740813e-02
1.701969266988788074e-02
1.703742725412682457e-02
1.705558217222521294e-02
1.707415181384396366e-02
1.709313056864405350e-02
1.711251282628640374e-02
1.713229297643198770e-02
1.715246540874173012e-02
1.717302451287660084e-02
1.719396467849752461e-02
1.721528029526546086e-02
1.723696575284137250e-02
1.725901544088618081e-02
1.728142374906085910e-02
1.730418506702632864e-02
1.732729378444356969e-02
1.735074429097349311e-02
1.737453097627708609e-02
1.739864823001525604e-02
1.742309044184899014e-02
1.744785200143919926e-02
1.747292729844686712e-02
1.749831072253291153e-02
1.752399666335830233e-02
1.754997951058396774e-02
1.757625365387088107e-02
1.760281348287996012e-02
1.762965338727218861e-02
1.765676775670847395e-02
1.768415098084979986e-02
1.771179744935708414e-02
1.773970155189131051e-02
1.776785767811338290e-02
1.779626021768429892e-02
1.782490356026495554e-02
1.785378209551634690e-02
1.788289021309938040e-02
1.791222230267503976e-02
1.794177275390424278e-02
1.797153595644794891e-02
1.800150629996712798e-02
1.803167817412268739e-02
1.806204596857561781e-02
1.809260407298682663e-02
1.812334687701729757e-02
1.815426877032794498e-02
1.818536414257975256e-02
1.821662738343363119e-02
1.824805288255056807e-02
1.827963502959146710e-02
1.831136821421732591e-02
1.834324682608903800e-02
1.837526525486760445e-02
1.840741789021392918e-02
1.843969912178899939e-02
1.847210333925371900e-02
1.850462493226908561e-02
1.853725829049599622e-02
1.856999780359544841e-02
1.860283786122834959e-02
1.863577285305567655e-02
1.866879716873835054e-02
1.870190519793735184e-02
1.873509133031359131e-02
1.876834995552805613e-02
1.880167546324165370e-02
1.883506224311537816e-02
1.886850468481012649e-02
1.890199717798686854e-02
1.893553411230658803e-02
1.896910987743017155e-02
1.900271886301862015e-02
1.903635545873283777e-02
1.907001405423381854e-02
1.910368903918245945e-02
1.913737480323975462e-02
1.917106573606661146e-02
1.920475622732401716e-02
1.923844066667287911e-02
1.927211344377419144e-02
1.930576894828885462e-02
1.933940156987785930e-02
1.937300569820211288e-02
1.940657572292260949e-02
1.944010603370024612e-02
1.947359102019602037e-02
1.950702507207083269e-02
1.954040257898567723e-02
1.957371793060146137e-02
1.960696551657916537e-02
1.964013972657970702e-02
1.967323495026406660e-02
1.970624557729316190e-02
1.973916599732797317e-02
1.977199060002940781e-02
1.980471377505845648e-02
1.983732991207603005e-02
1.986983340074308796e-02
1.990221863072060698e-02
1.993447999166949106e-02
1.996661187325073084e-02
1.999860866512523025e-02
2.003046475695398343e-02
2.006217453839788736e-02
2.009373239911794312e-02
2.012513272877504422e-02
2.015636991703019520e-02
2.018743835354429653e-02
2.021833242797832844e-02
2.024904652999321569e-02
2.027957504924992813e-02
2.030991237540938701e-02
2.034005289813257608e-02
2.036999100708039925e-02
2.039972109191385066e-02
2.042923754229383770e-02
2.045853474788134063e-02
2.048760709833728072e-02
2.051644898332263475e-02
2.054505479249831360e-02
2.057341891552530791e-02
2.060153574206452509e-02
2.062939966177694887e-02
2.065700506432349357e-02
2.068434633936513944e-02
2.071141787656280431e-02
2.073821406557745106e-02
2.076472929607004261e-02
2.079095795770150371e-02
2.081689444013279724e-02
2.084253313302484797e-02
2.086786842603864309e-02
2.089289470883508651e-02
2.091760637107516890e-02
2.094199780241980113e-02
2.096606339252995999e-02
2.098979753106656326e-02
2.101319460769059469e-02
2.103626687689828453e-02
2.105938804507599335e-02
2.108270637201346137e-02
2.110621793648936179e-02
2.112991881728231228e-02
2.115380509317099644e-02
2.117787284293402503e-02
2.120211814535007122e-02
2.122653707919775964e-02
2.125112572325576349e-02
2.127588015630269350e-02
2.130079645711723674e-02
2.132587070447800395e-02
2.135109897716367527e-02
2.137647735395286144e-02
2.140200191362424953e-02
2.142766873495645027e-02
2.145347389672813687e-02
2.147941347771793047e-02
2.150548355670448691e-02
2.153168021246647940e-02
2.155799952378251866e-02
2.158443756943127442e-02
2.161099042819137825e-02
2.163765417884149639e-02
2.166442490016024305e-02
2.169129867092630531e-02
2.171827156991829391e-02
2.174533967591488551e-02
2.177249906769469084e-02
2.179974582403640393e-02
2.182707602371862510e-02
2.185448574552004142e-02
2.188197106821926016e-02
2.190952807059497187e-02
2.193715283142577688e-02
2.196484142949035878e-02
2.199258994356733873e-02
2.202039445243538993e-02
2.204825103487313004e-02
2.207615576965923226e-02
2.210410473557231775e-02
2.213209401139106317e-02
2.216011967589407924e-02
2.218817780786005306e-02
2.221626448606759188e-02
2.224437578929537931e-02
2.227250779632202263e-02
2.230065658592619501e-02
2.232881823688655232e-02
2.235698882798171222e-02
2.238516443799035485e-02
2.241334114569109096e-02
2.244151502986259719e-02
2.246968216928349471e-02
2.249783864273246017e-02
2.252598052898810779e-02
2.255410390682911423e-02
2.258220485503409716e-02
2.261027945238173326e-02
2.263832377765064713e-02
2.266633390961949809e-02
2.269430592706691771e-02
2.272223590877157570e-02
2.275011993351209322e-02
2.277795408006713998e-02
2.280573442721534408e-02
2.283345705373536830e-02
2.286111803840584419e-02
2.288871346000543802e-02
2.291623939731276746e-02
2.294369192910651611e-02
2.297106713416529125e-02
2.299836109126777647e-02
2.302556987919258599e-02
2.305268957671840341e-02
2.307971626262383252e-02
2.310664601568754306e-02
2.313347491468819433e-02
2.316019903840440750e-02
2.318681446561485573e-02
2.321331727509815326e-02
2.323970354563298368e-02
2.326596935599795427e-02
2.329211078497175208e-02
2.331812391133298787e-02
2.334400481386033829e-02
2.336974957133242797e-02
2.339535426252791969e-02
2.342081496622544154e-02
2.344612776120366324e-02
2.347128872624120940e-02
2.349629394011674977e-02
2.352113948160890200e-02
2.354582142949634971e-02
2.357033586255770016e-02
2.359467885957163003e-02
2.361884649931676738e-02
2.364283486057177849e-02
2.366664002211528103e-02
2.369025806272595860e-02
2.371368506118242542e-02
2.373691709626335467e-02
2.375995024674736056e-02
2.378278059141313017e-02
2.380540420903927423e-02
2.382781717840445207e-02
2.385001557828732993e-02
2.387199548746652203e-02
2.389375298472070502e-02
2.391528414882849313e-02
2.393658505856857688e-02
2.395765179271955314e-02
2.397848043006010899e-02
2.399906704936886209e-02
2.401940772942448565e-02
2.403949854900560429e-02
2.405933558689088425e-02
2.407891492185894322e-02
2.409823263268846480e-02
2.411728479815806320e-02
2.413606749704641508e-02
2.415457680813213465e-02
2.417280881019389857e-02
2.419075958201033147e-02
2.420842520236009959e-02
2.422580175002182756e-02
2.424288530377418510e-02
2.425967194239579683e-02
2.427615774466532900e-02
2.429233878936140970e-02
2.430821115526270865e-02
2.432377092114784700e-02
2.433901416579549795e-02
2.435393696798428612e-02
2.436853540649286040e-02
2.438280556009988706e-02
2.439674350758399418e-02
2.441034532772383761e-02
2.442360709929804891e-02
2.443652490108530473e-02
2.444909481186421582e-02
2.446131291041345884e-02
2.447317527551167923e-02
2.448467798593749814e-02
2.449581712046957141e-02
2.450658875788655489e-02
2.451698897696710094e-02
2.452701385648984114e-02
2.453665947523342439e-02
2.454592191197649959e-02
2.455479724549773646e-02
2.456328155457573534e-02
2.457137091798918330e-02
2.457906141451670148e-02
2.458634912293696309e-02
2.459323012202858927e-02
2.459970049057023586e-02
2.460575630734054831e-02
2.461139365111818245e-02
2.461660860068177678e-02
2.462139723480998021e-02
2.462575563228143125e-02
2.462967987187479266e-02
2.463316603236869948e-02
2.463621019254180408e-02
2.463880843117274150e-02
2.464095682704018145e-02
2.464265145892274855e-02
2.464388840559909866e-02
2.464466374584787720e-02
2.464497355844774001e-02
2.464497966566646728e-02
2.464497966386869354e-02
2.464497965854603456e-02
2.464497964778150987e-02
2.464497962965813554e-02
2.464497960225893458e-02
2.464497956366691611e-02
2.464497951196510661e-02
2.464497944523651868e-02
2.464497936156417185e-02
2.464497925903107872e-02
2.464497913572026577e-02
2.464497898971474213e-02
2.464497881909753080e-02
2.464497862195164785e-02
2.464497839636011281e-02
2.464497814040593829e-02
2.464497785217214729e-02
2.464497752974175240e-02
2.464497717119778011e-02
2.464497677462323608e-02
2.464497633810114677e-02
2.464497585971452825e-02
2.464497533754639660e-02
2.464497476967977135e-02
2.464497415419766510e-02
2.464497348918310085e-02
2.464497277271909467e-02
2.464497200288866610e-02
2.464497117777482774e-02
2.464497029546060258e-02
2.464496935402900671e-02
2.464496835156305271e-02
2.464496728614576707e-02
2.464496615586016237e-02
2.464496495878925816e-02
2.464496369301606704e-02
2.464496235662361548e-02
2.464496094769490914e-02
2.464495946431298143e-02
2.464495790456083454e-02
2.464495626652149843e-02
2.464495454827797874e-02
2.464495274791330542e-02
2.464495086351049108e-02
2.464494889315254830e-02
2.464494683492250010e-02
2.464494468690336601e-02
2.464494244717815863e-02
2.464494011382989749e-02
2.464493768494160214e-02
2.464493515859628517e-02
2.464493253287697305e-02
2.464492980586667492e-02
2.464492697564841031e-02
2.464492404030520223e-02
2.464492099792006327e-02
2.464491784657601298e-02
2.464491458435606741e-02
2.464491120934324264e-02
2.464490771962056168e-02
2.464490411327103711e-02
2.464490038837768848e-02
2.464489654302353533e-02
2.464489257529159372e-02
2.464488848326488318e-02
2.464488426502641980e-02
2.464487991865921615e-02
2.464487544224629872e-02
2.464487083387067665e-02
2.464486609161537639e-02
2.464486121356341056e-02
2.464485619779779521e-02
2.464485104240155336e-02
2.464484574545769760e-02
2.464484030504925094e-02
2.464483471925922597e-02
2.464482898617063877e-02
2.464482310386651581e-02
2.464481707042986622e-02
2.464481088394370953e-02
2.464480454249106528e-02
2.464479804415495648e-02
2.464479138701838878e-02
2.464478456916438520e-02
2.464477758867596527e-02
2.464477044363614852e-02
2.464476313212794756e-02
2.464475565223438192e-02
2.464474800203847113e-02
2.464474017962322780e-02
2.464473218307167493e-02
2.464472401046682512e-02
2.464471565989170138e-02
2.464470712942931976e-02
2.464469841716269982e-02
2.464468952117485068e-02
2.464468043954880228e-02
2.464467117036756028e-02
2.464466171171415115e-02
2.464465206167158751e-02
2.464464221832288887e-02
2.464463217975107479e-02
2.464462194403915785e-02
2.464461150927016106e-02
2.464460087352710049e-02
2.464459003489299568e-02
2.464457899145085923e-02
2.464456774128371067e-02
2.464455628247456953e-02
2.464454461310645536e-02
2.464453273126237728e-02
2.464452063502536178e-02
2.464450832247842144e-02
2.464449579170457927e-02
2.464448304078684440e-02
2.464447006780824331e-02
2.464445687085178860e-02
2.464444344800050327e-02
2.464442979733739297e-02
2.464441591694548767e-02
2.464440180490779994e-02
2.464438745930735281e-02
2.464437287822715192e-02
2.464435805975022376e-02
2.464434300195959132e-02
2.464432770293826028e-02
2.464431216076925016e-02
2.464429637353558744e-02
2.464428033932028125e-02
2.464426405620635460e-02
2.464424752227682355e-02
2.464423073561470418e-02
2.464421369430301254e-02
2.464419639642477164e-02
2.464417884006299408e-02
2.464416102330070288e-02
2.464414294422090715e-02
2.464412460090663337e-02
2.464410599144089761e-02
2.464408711390671594e-02
2.464406796638710442e-02
2.464404854696507913e-02
2.464402885372366306e-02
2.464400888474587228e-02
2.464398863811472287e-02
2.464396811191323436e-02
2.464394730422442281e-02
2.464392621313130777e-02
2.464390483671690529e-02
2.464388317306423146e-02
2.464386122025630579e-02
2.464383897637614784e-02
2.464381643950677367e-02
2.464379360773119587e-02
2.464377047913244440e-02
2.464374705179352490e-02
2.464372332379746039e-02
2.464369929322726693e-02
2.464367495816596060e-02
2.464365031669656439e-02
2.464362536690209438e-02
2.464360010686556315e-02
2.464357453466999720e-02
2.464354864839840564e-02
2.464352244613381149e-02
2.464349592595922733e-02
2.464346908595767618e-02
2.464344192421217064e-02
2.464341443880573371e-02
2.464338662782138145e-02
2.464335848934212994e-02
2.464333002145099871e-02
2.464330122223100036e-02
2.464327208976516137e-02
2.464324262213649086e-02
2.464321281742800837e-02
2.464318267372273691e-02
2.464315218910368907e-02
2.464312136165388439e-02
2.464309018945634241e-02
2.464305867059407573e-02
2.464302680315010388e-02
2.464299458520744640e-02
2.464296201484912283e-02
2.464292909015814229e-02
2.464289580921753472e-02
2.464286217011030580e-02
2.464282817091948199e-02
2.464279380972807590e-02
2.464275908461910705e-02
2.464272399367559499e-02
2.464268853498054884e-02
2.464265270661700202e-02
2.464261650666795672e-02
2.464257993321643594e-02
2.464254298434545923e-02
2.464250565813804611e-02
2.464246795267720919e-02
2.464242986604596800e-02
2.464239139632734207e-02
2.464235254160434749e-02
2.464231329996000031e-02
2.464227366947732006e-02
2.464223364823932283e-02
2.464219323432902814e-02
2.464215242582945206e-02
2.464211122082361413e-02
2.464206961739453389e-02
2.464202761362522739e-02
2.464198520759870725e-02
2.464194239739799647e-02
2.464189918110610764e-02
2.464185555680606723e-02
2.464181152258088786e-02
2.464176707651358211e-02
2.464172221668717647e-02
2.464167694118468352e-02
2.464163124808912281e-02
2.464158513548350693e-02
2.464153860145086236e-02
2.464149164407420170e-02
2.464144426143654448e-02
2.464139645162090678e-02
2.464134821271030812e-02
2.464129954278776111e-02
2.464125043993628875e-02
2.464120090223890711e-02
2.464115092777863225e-02
2.464110051463848372e-02
2.464104966090147758e-02
2.464099836465063684e-02
2.464094662396897062e-02
2.464089443693950193e-02
2.464084180164524684e-02
2.464078871616922836e-02
2.464073517859445214e-02
2.464068118700394813e-02
2.464062673948072893e-02
2.464057183410780713e-02
2.464051646896821268e-02
2.464046064214495124e-02
2.464040435172104582e-02
2.464034759577951594e-02
2.464029037240337422e-02
2.464023267967564365e-02
2.464017451567933684e-02
2.464011587849747331e-02
2.464005676621307261e-02
2.463999717690914734e-02
2.463993710866872397e-02
2.463987655957481510e-02
2.463981552771043679e-02
2.463975401115860511e-02
2.463969200800234655e-02
2.463962951632467022e-02
2.463956653420859566e-02
2.463950305973714242e-02
2.463943909099332655e-02
2.463937462606016759e-02
2.463930966302068162e-02
2.463924419995788817e-02
2.463917823495479983e-02
2.463911176609443962e-02
2.463904479145982360e-02
2.463897730913397130e-02
2.463890931719989533e-02
2.463884081374061868e-02
2.463877179683915744e-02
2.463870226457852419e-02
2.463863221504174195e-02
2.463856164631183024e-02
2.463849055647180167e-02
2.463841894360467924e-02
2.463834680579347555e-02
2.463827414112121014e-02
2.463820094767089908e-02
2.463812722352556536e-02
2.463805296676822160e-02
2.463797817548188385e-02
2.463790284774957512e-02
2.463782698165430801e-02
2.463775057527910553e-02
2.463767362670698374e-02
2.463759613402095872e-02
2.463751809530404999e-02
2.463743950863927015e-02
2.463736037210964222e-02
2.463728068379818226e-02
2.463720044178790980e-02
2.463711964416183398e-02
2.463703828900298820e-02
2.463695637439437466e-02
2.463687389841901984e-02
2.463679085915993633e-02
2.463670725470014713e-02
2.463662308312266833e-02
2.463653834251051250e-02
2.463645303094670266e-02
2.463636714651425835e-02
2.463628068729618870e-02
2.463619365137552017e-02
2.463610603683526537e-02
2.463601784175844731e-02
2.463592906422807510e-02
2.463583970232717177e-02
2.463574975413875684e-02
2.463565921774584291e-02
2.463556809123144953e-02
2.463547637267859622e-02
2.463538406017029905e-02
2.463529115178957757e-02
2.463519764561944783e-02
2.463510353974292591e-02
2.463500883224303481e-02
2.463491352120278366e-02
2.463481760470519547e-02
2.463472108083328976e-02
2.463462394767008262e-02
2.463452620329859011e-02
2.463442784580182829e-02
2.463432887326281670e-02
2.463422928376457835e-02
2.463412907539012237e-02
2.463402824622247175e-02
2.463392679434464258e-02
2.463382471783965438e-02
2.463372201479051976e-02
2.463361868328025825e-02
2.463351472139189632e-02
2.463341012720843617e-02
2.463330489881290428e-02
2.463319903428832017e-02
2.463309253171769991e-02
2.463298538918405958e-02
2.463287760477041524e-02
2.463276917655978990e-02
2.463266010263519268e-02
2.463255038107965006e-02
2.463244000997617811e-02
2.463232898740778942e-02
2.463221731145750701e-02
2.463210498020833999e-02
2.463199199174331833e-02
2.463187834414545113e-02
2.463176403549776142e-02
2.463164906388326178e-02
2.463153342738497523e-02
2.463141712408591436e-02
2.463130015206909870e-02
2.463118250941754434e-02
2.463106419421427426e-02
2.463094520454230107e-02
2.463082553848464432e-02
2.463070519412432005e-02
2.463058416954434782e-02
2.463046246282774368e-02
2.463034007205752371e-02
2.463021699531671091e-02
2.463009323068832135e-02
2.462996877625536762e-02
2.462984363010087621e-02
2.462971779030785624e-02
2.462959125495933072e-02
2.462946402213831570e-02
2.462933608992782727e-02
2.462920745641088496e-02
2.462907811967050484e-02
2.462894807778970990e-02
2.462881732885150929e-02
2.462868587093892600e-02
2.462855370213497611e-02
2.462842082052267567e-02
2.462828722418505117e-02
2.462815291120510827e-02
2.462801787966587344e-02
2.462788212765035581e-02
2.462774565324158185e-02
2.462760845452256417e-02
2.462747052957632229e-02
2.462733187648587230e-02
2.462719249333423371e-02
2.462705237820442608e-02
2.462691152917946200e-02
2.462676994434235753e-02
2.462662762177613915e-02
2.462648455956381946e-02
2.462634075578841453e-02
2.462619620853294389e-02
2.462605091588042361e-02
2.462590487591387670e-02
2.462575808671631575e-02
2.462561054637075683e-02
2.462546225296022295e-02
2.462531320456773018e-02
2.462516339927629111e-02
2.462501283516893222e-02
2.462486151032866610e-02
2.462470942283850883e-02
2.462455657078147994e-02
2.462440295224059897e-02
2.462424856529887851e-02
2.462409340803934157e-02
2.462393747854500423e-02
2.462378077489888253e-02
2.462362329518399603e-02
2.462346503748336080e-02
2.462330599987999635e-02
2.462314618045691877e-02
2.462298557729714760e-02
2.462282418848369542e-02
2.462266201209958871e-02
2.462249904622783661e-02
2.462233528895146212e-02
2.462217073835348130e-02
2.462200539251691023e-02
2.462183924952476843e-02
2.462167230746007199e-02
2.462150456440584390e-02
2.462133601844509329e-02
2.462116666766084316e-02
2.462099651013610960e-02
2.462082554395390865e-02
2.462065376719726334e-02
2.462048117794918625e-02
2.462030777429270040e-02
2.462013355431081837e-02
2.461995851608655625e-02
2.461978265770293703e-02
2.461960597724297678e-02
2.461942847278969157e-02
2.461925014242609747e-02
2.461907098423522094e-02
2.461889099630007113e-02
2.461871017670366410e-02
2.461852852352902632e-02
2.461834603485916692e-02
2.461816270877710891e-02
2.461797854336586835e-02
2.461779353670846132e-02
2.461760768688790735e-02
2.461742099198722250e-02
2.461723345008942979e-02
2.461704505927753833e-02
2.461685581763457462e-02
2.461666572324354776e-02
2.461647477418748078e-02
2.461628296854939321e-02
2.461609030441229765e-02
2.461589677985921015e-02
2.461570239297315374e-02
2.461550714183714447e-02
2.461531102453420189e-02
2.461511403914734206e-02
2.461491618375957757e-02
2.461471745645393491e-02
2.461451785531342668e-02
2.461431737842106546e-02
2.461411602385988120e-02
2.461391378971288305e-02
2.461371067406309399e-02
2.461350667499352662e-02
2.461330179058719703e-02
2.461309601892713167e-02
2.461288935809633968e-02
2.461268180617784060e-02
2.461247336125465743e-02
2.461226402140979930e-02
2.461205378472629268e-02
2.461184264928714671e-02
2.461163061317538786e-02
2.461141767447402873e-02
2.461120383126608191e-02
2.461098908163457735e-02
2.461077342366252418e-02
2.461055685543293500e-02
2.461033937502883975e-02
2.461012098053325450e-02
2.460990167002918838e-02
2.460968144159966439e-02
2.460946029332769860e-02
2.460923822329631055e-02
2.460901522958851978e-02
2.460879131028733541e-02
2.460856646347578738e-02
2.460834068723688137e-02
2.460811397965364036e-02
2.460788633880908738e-02
2.460765776278622807e-02
2.460742824966809239e-02
2.460719779753768946e-02
2.460696640447804229e-02
2.460673406857216347e-02
2.460650078790307602e-02
2.460626656055379599e-02
2.460603138460733599e-02
2.460579525814671903e-02
2.460555817925496463e-02
2.460532014601508194e-02
2.460508115651009742e-02
2.460484120882302714e-02
2.460460030103688023e-02
2.460435843123468663e-02
2.460411559749945548e-02
2.460387179791420978e-02
2.460362703056196559e-02
2.460338129352573552e-02
2.460313458488854257e-02
2.460288690273340628e-02
2.460263824514333925e-02
2.460238861020136447e-02
2.460213799599049109e-02
2.460188640059374557e-02
2.460163382209414051e-02
2.460138025857469546e-02
2.460112570811842994e-02
2.460087016880835656e-02
2.460061363872749485e-02
2.460035611595886434e-02
2.460009759858548459e-02
2.459983808469036817e-02
2.459957757235653464e-02
2.459931605966700352e-02
2.459905354470479089e-02
2.459879002555291280e-02
2.459852550029439228e-02
2.459825996701223844e-02
2.459799342378947776e-02
2.459772586870912284e-02
2.459745729985419321e-02
2.459718771530770148e-02
2.459691711315267759e-02
2.459664549147212373e-02
2.459637284834906984e-02
2.459609918186652852e-02
2.459582449010751237e-02
2.459554877115505134e-02
2.459527202309215455e-02
2.459499424400184153e-02
2.459471543196712490e-02
2.459443558507103458e-02
2.459415470139657278e-02
2.459387277902676944e-02
2.459358981604463715e-02
2.459330581053319545e-02
2.459302076057546388e-02
2.459273466425445503e-02
2.459244751965318498e-02
2.459215932485467673e-02
2.459187007794194982e-02
2.459157977699801684e-02
2.459128842010589386e-02
2.459099600534860389e-02
2.459070253080916299e-02
2.459040799457058724e-02
2.459011239471589269e-02
2.458981572932810583e-02
2.458951799649023578e-02
2.458921919428530209e-02
2.458891932079632081e-02
2.458861837410631496e-02
2.458831635229829712e-02
2.458801325345528685e-02
2.458770907566030020e-02
2.458740381699635671e-02
2.458709747554647593e-02
2.458679004939367391e-02
2.458648153662096672e-02
2.458617193531137043e-02
2.458586124354790806e-02
2.458554945941359218e-02
2.458523658099144582e-02
2.458492260636447810e-02
2.458460753361571896e-02
2.458429136082817754e-02
2.458397408608486989e-02
2.458365570746881903e-02
2.458333622306304103e-02
2.458301563095055195e-02
2.458269392921437133e-02
2.458237111593751523e-02
2.458204718920300319e-02
2.458172214709385128e-02
2.458139598769307904e-02
2.458106870908369906e-02
2.458074030934873436e-02
2.458041078657120446e-02
2.458008013883411849e-02
2.457974836422050294e-02
2.457941546081337039e-02
2.457908142669574039e-02
2.457874625995062901e-02
2.457840995866105577e-02
2.457807252091003675e-02
2.457773394478059148e-02
2.457739422835573603e-02
2.457705336971848648e-02
2.457671136695186928e-02
2.457636821813889011e-02
2.457602392136257197e-02
2.457567847470593439e-02
2.457533187625198998e-02
2.457498412408376173e-02
2.457463521628426573e-02
2.457428515093651802e-02
2.457393392612353816e-02
2.457358153992834221e-02
2.457322799043394623e-02
2.457287327572337324e-02
2.457251739387963582e-02
2.457216034298575699e-02
2.457180212112474588e-02
2.457144272637962895e-02
2.457108215683342228e-02
2.457072041056913847e-02
2.457035748566979705e-02
2.456999338021841756e-02
2.456962809229801953e-02
2.456926161999161556e-02
2.456889396138222867e-02
2.456852511455286797e-02
2.456815507758655995e-02
2.456778384856632413e-02
2.456741142557516619e-02
2.456703780669611259e-02
2.456666299001217940e-02
2.456628697360638616e-02
2.456590975556174547e-02
2.456553133396128033e-02
2.456515170688800681e-02
2.456477087242493751e-02
2.456438882865509543e-02
2.456400557366150011e-02
2.456362110552716763e-02
2.456323542233511056e-02
2.456284852216835193e-02
2.456246040310990433e-02
2.456207106324279077e-02
2.456168050065002731e-02
2.456128871341463349e-02
2.456089569961962191e-02
2.456050145734801557e-02
2.456010598468283054e-02
2.455970927970707943e-02
2.455931134050378523e-02
2.455891216515596748e-02
2.455851175174663878e-02
2.455811009835881867e-02
2.455770720307552321e-02
2.455730306397977541e-02
2.455689767915458788e-02
2.455649104668298013e-02
2.455608316464796825e-02
2.455567403113257177e-02
2.455526364421980676e-02
2.455485200199269621e-02
2.455443910253424927e-02
2.455402494392748894e-02
2.455360952425543128e-02
2.455319284160109236e-02
2.455277489404749519e-02
2.455235567967765237e-02
2.455193519657458343e-02
2.455151344282130443e-02
2.455109041650083840e-02
2.455066611569619445e-02
2.455024053849039906e-02
2.454981368296646135e-02
2.454938554720740782e-02
2.454895612929624757e-02
2.454852542731600362e-02
2.454809343934969551e-02
2.454766016348033236e-02
2.454722559779094412e-02
2.454678974036453298e-02
2.454635258928413236e-02
2.454591414263274790e-02
2.454547439849340609e-02
2.454503335494911606e-02
2.454459101008290428e-02
2.454414736197777988e-02
2.454370240871676934e-02
2.454325614838288525e-02
2.454280857905914368e-02
2.454235969882856416e-02
2.454190950577416624e-02
2.454145799797896599e-02
2.454100517352597946e-02
2.454055103049822273e-02
2.454009556697872227e-02
2.453963878105049068e-02
2.453918067079654056e-02
2.453872123429989491e-02
2.453826046964356980e-02
2.453779837491058824e-02
2.453733494818395935e-02
2.453687018754670615e-02
2.453640409108184123e-02
2.453593665687239106e-02
2.453546788300136478e-02
2.453499776755178538e-02
2.453452630860666894e-02
2.453405350424903153e-02
2.453357935256188921e-02
2.453310385162826845e-02
2.453262699953117493e-02
2.453214879435363510e-02
2.453166923417866505e-02
2.453118831708928083e-02
2.453070604116849851e-02
2.453022240449933764e-02
2.452973740516481774e-02
2.452925104124795488e-02
2.452876331083176514e-02
2.452827421199926458e-02
2.452778374283347967e-02
2.452729190141741955e-02
2.452679868583410375e-02
2.452630409416655180e-02
2.452580812449777978e-02
2.452531077491080722e-02
2.452481204348865018e-02
2.452431192831432474e-02
2.452381042747085391e-02
2.452330753904124680e-02
2.452280326110852990e-02
2.452229759175571580e-02
2.452179052906582404e-02
2.452128207112187069e-02
2.452077221600687529e-02
2.452026096180385736e-02
2.451974830659582605e-02
2.451923424846580782e-02
2.451871878549681527e-02
2.451820191577187141e-02
2.451768363737399231e-02
2.451716394838619056e-02
2.451664284689148571e-02
2.451612033097290075e-02
2.451559639871344481e-02
2.451507104819614438e-02
2.451454427750401205e-02
2.451401608472006388e-02
2.451348646792732289e-02
2.451295542520880166e-02
2.451242295464752322e-02
2.451188905432650014e-02
2.451135372232875198e-02
2.451081695673729827e-02
2.451027875563515507e-02
2.450973911710533845e-02
2.450919803923086449e-02
2.450865552009475964e-02
2.450811155778003306e-02
2.450756615036970426e-02
2.450701929594679279e-02
2.450647099259431472e-02
2.450592123839528957e-02
2.450537003143272996e-02
2.450481736978966235e-02
2.450426325154909588e-02
2.450370767479405354e-02
2.450315063760755141e-02
2.450259213807260555e-02
2.450203217427223551e-02
2.450147074428946081e-02
2.450090784620729059e-02
2.450034347810875479e-02
2.449977763807685907e-02
2.449921032419463338e-02
2.449864153454508683e-02
2.449807126721123551e-02
2.449749952027610242e-02
2.449692629182270709e-02
2.449635157993406212e-02
2.449577538269318358e-02
2.449519769818309448e-02
2.449461852448681087e-02
2.449403785968734884e-02
2.449345570186772444e-02
2.449287204911096416e-02
2.449228689950007712e-02
2.449170025111808285e-02
2.449111210204799743e-02
2.449052245037284040e-02
2.448993129417563475e-02
2.448933863153938614e-02
2.448874446054712453e-02
2.448814877928185904e-02
2.448755158582660921e-02
2.448695287826439457e-02
2.448635265467823466e-02
2.448575091315114208e-02
2.448514765176614330e-02
2.448454286860624052e-02
2.448393656175446714e-02
2.448332872929383230e-02
2.448271936930735554e-02
2.448210847987805291e-02
2.448149605908894397e-02
2.448088210502304476e-02
2.448026661576337831e-02
2.447964958939295721e-02
2.447903102399480099e-02
2.447841091765192226e-02
2.447778926844734748e-02
2.447716607446408579e-02
2.447654133378516020e-02
2.447591504449359023e-02
2.447528720467239197e-02
2.447465781240457453e-02
2.447402686577316439e-02
2.447339436286118108e-02
2.447276030175163375e-02
2.447212468052754886e-02
2.447148749727193554e-02
2.447084875006782026e-02
2.447020843699821563e-02
2.446956655614614118e-02
2.446892310559460951e-02
2.446827808342664362e-02
2.446763148772525959e-02
2.446698331657347694e-02
2.446633356805431175e-02
2.446568224025077662e-02
2.446502933124590148e-02
2.446437483912269201e-02
2.446371876196417466e-02
2.446306109785335858e-02
2.446240184487326677e-02
2.446174100110691529e-02
2.446107856463732716e-02
2.446041453354751150e-02
2.445974890592048784e-02
2.445908167983927919e-02
2.445841285338689816e-02
2.445774242464636775e-02
2.445707039170069708e-02
2.445639675263291263e-02
2.445572150552602353e-02
2.445504464846305626e-02
2.445436617952702341e-02
2.445368609680094452e-02
2.445300439836783218e-02
2.445232108231070942e-02
2.445163614671259575e-02
2.445094958965650378e-02
2.445026140922545305e-02
2.444957160350245962e-02
2.444888017057054302e-02
2.444818710851272281e-02
2.444749241541201504e-02
2.444679608935143578e-02
2.444609812841400109e-02
2.444539853068273400e-02
2.444469729424065055e-02
2.444399441717076682e-02
2.444328989755609888e-02
2.444258373347966626e-02
2.444187592302448850e-02
2.444116646427358513e-02
2.444045535530996530e-02
2.443974259421665199e-02
2.443902817907666128e-02
2.443831210797301617e-02
2.443759437898872580e-02
2.443687499020681664e-02
2.443615393971030128e-02
2.443543122558219580e-02
2.443470684590551972e-02
2.443398079876329607e-02
2.443325308223853048e-02
2.443252369441425292e-02
2.443179263337347598e-02
2.443105989719921572e-02
2.443032548397448822e-02
2.442958939178231648e-02
2.442885161870572003e-02
2.442811216282770800e-02
2.442737102223130341e-02
2.442662819499952231e-02
2.442588367921538078e-02
2.442513747296190182e-02
2.442438957432210150e-02
2.442363998137899242e-02
2.442288869221560105e-02
2.442213570491493305e-02
2.442138101756001836e-02
2.442062462823386265e-02
2.441986653501949586e-02
2.441910673599992712e-02
2.441834522925817944e-02
2.441758201287726540e-02
2.441681708494020803e-02
2.441605044353001644e-02
2.441528208672971711e-02
2.441451201262232612e-02
2.441374021929085952e-02
2.441296670481832992e-02
2.441219146728776726e-02
2.441141450478217720e-02
2.441063581538457927e-02
2.440985539717799996e-02
2.440907324824544838e-02
2.440828936666994756e-02
2.440750375053451007e-02
2.440671639792215547e-02
2.440592730691590329e-02
2.440513647559876612e-02
2.440434390205377044e-02
2.440354958436392885e-02
2.440275352061225395e-02
2.440195570888177221e-02
2.440115614725549623e-02
2.440035483381644207e-02
2.439955176664763276e-02
2.439874694383208781e-02
2.439794036345281289e-02
2.439713202359283795e-02
2.439632192233517557e-02
2.439551005776284184e-02
2.439469642795885976e-02
2.439388103100623845e-02
2.439306386498800439e-02
2.439224492798717017e-02
2.439142421808675881e-02
2.439060173336977944e-02
2.438977747191925505e-02
2.438895143181820518e-02
2.438812361114964244e-02
2.438729400799658636e-02
2.438646262044205648e-02
2.438562944656906886e-02
2.438479448446064304e-02
2.438395773219979162e-02
2.438311918786953761e-02
2.438227884955289707e-02
2.438143671533288953e-02
2.438059278329252760e-02
2.437974705151483429e-02
2.437889951808282218e-02
2.437805018107951430e-02
2.437719903858792322e-02
2.437634608869106850e-02
2.437549132947196967e-02
2.437463475901364279e-02
2.437377637539910741e-02
2.437291617671137611e-02
2.437205416103347191e-02
2.437119032644841088e-02
2.437032467103920907e-02
2.436945719288888604e-02
2.436858789008046131e-02
2.436771676069694748e-02
2.436684380282136408e-02
2.436596901453673067e-02
2.436509239392606330e-02
2.436421393907238150e-02
2.436333364805870136e-02
2.436245151896803893e-02
2.436156754988341375e-02
2.436068173888784535e-02
2.435979408406434982e-02
2.435890458349593973e-02
2.435801323526564158e-02
2.435712003745646448e-02
2.435622498815143491e-02
2.435532808543356548e-02
2.435442932738587571e-02
2.435352871209137821e-02
2.435262623763309597e-02
2.435172190209404508e-02
2.435081570355724506e-02
2.434990764010571199e-02
2.434899770982245845e-02
2.434808591079051093e-02
2.434717224109288203e-02
2.434625669881259127e-02
2.434533928203265474e-02
2.434441998883609196e-02
2.434349881730591900e-02
2.434257576552515540e-02
2.434165083157681375e-02
2.434072401354391707e-02
2.433979530950948489e-02
2.433886471755652633e-02
2.433793223576806788e-02
2.433699786222712214e-02
2.433606159501670863e-02
2.433512343221984342e-02
2.433418337191954259e-02
2.433324141219882913e-02
2.433229755114071913e-02
2.433135178682822863e-02
2.433040411734437719e-02
2.432945454077217740e-02
2.432850305519465572e-02
2.432754965869481784e-02
2.432659434935569021e-02
2.432563712526029237e-02
2.432467798449163693e-02
2.432371692513274342e-02
2.432275394526662096e-02
2.432178904297630298e-02
2.432082221634479860e-02
2.431985346345512389e-02
2.431888278239029838e-02
2.431791017123334508e-02
2.431693562806727313e-02
2.431595915097510205e-02
2.431498073803985485e-02
2.431400038734454414e-02
2.431301809697218944e-02
2.431203386500580682e-02
2.431104768952841583e-02
2.431005956862303252e-02
2.430906950037267644e-02
2.430807748286036366e-02
2.430708351416911023e-02
2.430608759238193917e-02
2.430508971558186654e-02
2.430408988185190494e-02
2.430308808927507391e-02
2.430208433593439646e-02
2.430107861991288518e-02
2.430007093929355960e-02
2.429906129215943580e-02
2.429804967659353332e-02
2.429703609067887168e-02
2.429602053249846350e-02
2.429500300013532829e-02
2.429398349167248214e-02
2.429296200519294804e-02
2.429193853877973860e-02
2.429091309051587336e-02
2.428988565848437184e-02
2.428885624076824665e-02
2.428782483545052426e-02
2.428679144061421033e-02
2.428575605434233134e-02
2.428471867471790335e-02
2.428367929982394591e-02
2.428263792774346813e-02
2.428159455655949303e-02
2.428054918435504361e-02
2.427950180921313247e-02
2.427845242921677221e-02
2.427740104244898930e-02
2.427634764699279982e-02
2.427529224093121635e-02
2.427423482234726190e-02
2.427317538932394561e-02
2.427211393994429742e-02
2.427105047229132645e-02
2.426998498444805571e-02
2.426891747449749781e-02
2.426784794052267227e-02
2.426677638060659864e-02
2.426570279283229298e-02
2.426462717528277135e-02
2.426354952604105331e-02
2.426246984319015837e-02
2.426138812481310261e-02
2.426030436899289863e-02
2.425921857381257291e-02
2.425813073735513803e-02
2.425704085770361007e-02
2.425594893294101204e-02
2.425485496115035652e-02
2.425375894041466654e-02
2.425266086881695121e-02
2.425156074444023702e-02
2.425045856536754002e-02
2.424935432968187282e-02
2.424824803546625843e-02
2.424713968080370943e-02
2.424602926377725232e-02
2.424491678246989274e-02
2.424380223496465717e-02
2.424268561934455821e-02
2.424156693369261886e-02
2.424044617609185173e-02
2.423932334462527635e-02
2.423819843737591226e-02
2.423707145242677205e-02
2.423594238786087873e-02
2.423481124176124837e-02
2.423367801221090051e-02
2.423254269729285121e-02
2.423140529509010960e-02
2.423026580368570909e-02
2.422912422116265535e-02
2.422798054560397138e-02
2.422683477509267325e-02
2.422568690771178049e-02
2.422453694154430917e-02
2.422338487467327536e-02
2.422223070518169860e-02
2.422107443115259495e-02
2.421991605066898742e-02
2.421875556181388861e-02
2.421759296267031805e-02
2.421642825132129181e-02
2.421526142584982597e-02
2.421409248433894351e-02
2.421292142487165705e-02
2.421174824553098959e-02
2.421057294439995372e-02
2.420939551956156899e-02
2.420821596909885492e-02
2.420703429109482413e-02
2.420585048363249961e-02
2.420466454479489396e-02
2.420347647266503019e-02
2.420228626532592436e-02
2.420109392086058908e-02
2.419989943735205082e-02
2.419870281288332217e-02
2.419750404553742268e-02
2.419630313339736494e-02
2.419510007454617195e-02
2.419389486706685979e-02
2.419268750904244453e-02
2.419147799855594916e-02
2.419026633369038629e-02
2.418905251252877198e-02
2.418783653315412924e-02
2.418661839364947067e-02
2.418539809209781927e-02
2.418417562658218764e-02
2.418295099518559879e-02
2.418172419599106532e-02
2.418049522708160676e-02
2.417926408654024265e-02
2.417803077244998905e-02
2.417679528289385857e-02
2.417555761595487768e-02
2.417431776971605897e-02
2.417307574226042546e-02
2.417183153167098628e-02
2.417058513603076442e-02
2.416933655342277595e-02
2.416808578193004042e-02
2.416683281963557389e-02
2.416557766462239243e-02
2.416432031497351904e-02
2.416306076877196632e-02
2.416179902410075381e-02
2.416053507904289757e-02
2.415926893168141715e-02
2.415800058009933207e-02
2.415673002237965841e-02
2.415545725660540877e-02
2.415418228085960614e-02
2.415290509322527007e-02
2.415162569178541316e-02
2.415034407462305494e-02
2.414906023982121147e-02
2.414777418546290577e-02
2.414648590963115043e-02
2.414519541040896500e-02
2.414390268587936553e-02
2.414260773412537503e-02
2.414131055323000610e-02
2.414001114127627481e-02
2.413870949634720070e-02
2.413740561652580677e-02
2.413609949989510214e-02
2.413479114453810637e-02
2.413348054853784591e-02
2.413216770997732991e-02
2.413085262693957442e-02
2.412953529750759898e-02
2.412821571976442661e-02
2.412689389179307337e-02
2.412556981167654838e-02
2.412424347749788159e-02
2.412291488734007866e-02
2.412158403928616954e-02
2.412025093141916335e-02
2.411891556182207616e-02
2.411757792857793445e-02
2.411623802976974734e-02
2.411489586348054132e-02
2.411355142779332203e-02
2.411220472079111943e-02
2.411085574055694264e-02
2.410950448517381467e-02
2.410815095272474812e-02
2.410679514129276252e-02
2.410543704896088088e-02
2.410407667381211580e-02
2.410271401392948334e-02
2.410134906739599958e-02
2.409998183229469446e-02
2.409861230670857016e-02
2.409724048872065663e-02
2.409586637641395954e-02
2.409448996787150882e-02
2.409311126117631707e-02
2.409173025441139690e-02
2.409034694565977477e-02
2.408896133300445982e-02
2.408757341452847853e-02
2.408618318831484348e-02
2.408479065244656728e-02
2.408339580500667987e-02
2.408199864407819038e-02
2.408059916774411488e-02
2.407919737408747984e-02
2.407779326119129440e-02
2.407638682713857808e-02
2.407497807001235043e-02
2.407356698789563099e-02
2.407215357887143234e-02
2.407073784102277750e-02
2.406931977243267906e-02
2.406789937118415657e-02
2.406647663536022955e-02
2.406505156304391407e-02
2.406362415231822621e-02
2.406219440126618897e-02
2.406076230797081147e-02
2.405932787051512020e-02
2.405789108698212775e-02
2.405645195545485365e-02
2.405501047401631398e-02
2.405356664074952827e-02
2.405212045373751259e-02
2.405067191106328647e-02
2.404922101080986252e-02
2.404776775106026374e-02
2.404631212989750966e-02
2.404485414540461288e-02
2.404339379566458948e-02
2.404193107876046592e-02
2.404046599277525134e-02
2.403899853579196874e-02
2.403752870589362725e-02
2.403605650116325335e-02
2.403458191968386309e-02
2.403310495953847603e-02
2.403162561881010476e-02
2.403014389558176533e-02
2.402865978793648424e-02
2.402717329395727061e-02
2.402568441172714744e-02
2.402419313932913081e-02
2.402269947484623677e-02
2.402120341636148487e-02
2.401970496195789465e-02
2.401820410971847869e-02
2.401670085772625654e-02
2.401519520406424774e-02
2.401368714681547181e-02
2.401217668406293443e-02
2.401066381388966900e-02
2.400914853437868812e-02
2.400763084361300440e-02
2.400611073967564082e-02
2.400458822064961001e-02
2.400306328461793495e-02
2.400153592966363172e-02
2.400000615386971639e-02
2.399847395531920502e-02
2.399693933209512409e-02
2.399540228228047925e-02
2.399386280395829352e-02
2.399232089521158989e-02
2.399077655412338098e-02
2.398922977877667936e-02
2.398768056725450806e-02
2.398612891763989008e-02
2.398457482801583454e-02
2.398301829646536446e-02
2.398145932107149242e-02
2.397989789991723797e-02
2.397833403108562064e-02
2.397676771265965998e-02
2.397519894272236857e-02
2.397362771935676248e-02
2.397205404064586820e-02
2.397047790467269832e-02
2.396889930952026890e-02
2.396731825327159601e-02
2.396573473400970614e-02
2.396414874981760840e-02
2.396256029877832580e-02
2.396096937897487095e-02
2.395937598849026684e-02
2.395778012540752608e-02
2.395618178780966820e-02
2.395458097377971274e-02
2.395297768140067576e-02
2.395137190875557681e-02
2.394976365392742848e-02
2.394815291499925378e-02
2.394653969005406877e-02
2.394492397717488952e-02
2.394330577444473904e-02
2.394168507994662298e-02
2.394006189176357130e-02
2.393843620797860006e-02
2.393680802667472185e-02
2.393517734593495622e-02
2.393354416384232269e-02
2.393190847847983735e-02
2.393027028793051625e-02
2.392862959027738240e-02
2.392698638360344146e-02
2.392534066599172685e-02
2.392369243552524768e-02
2.392204169028702351e-02
2.392038842836006693e-02
2.391873264782740441e-02
2.391707434677204855e-02
2.391541352327701889e-02
2.391375017542532802e-02
2.391208430129999896e-02
2.391041589898404776e-02
2.390874496656049397e-02
2.390707150211235019e-02
2.390539550372264288e-02
2.390371696947438118e-02
2.390203589745058463e-02
2.390035228573426929e-02
2.389866613240845816e-02
2.389697743555616732e-02
2.389528619326041284e-02
2.389359240360421424e-02
2.389189606467058413e-02
2.389019717454254899e-02
2.388849573130311793e-02
2.388679173303531050e-02
2.388508517782214971e-02
2.388337606374664815e-02
2.388166438889182883e-02
2.387995015134069740e-02
2.387823334917628382e-02
2.387651398048160067e-02
2.387479204333966751e-02
2.387306753583350385e-02
2.387134045604611884e-02
2.386961080206053548e-02
2.386787857195977330e-02
2.386614376382685185e-02
2.386440637574478024e-02
2.386266640579658149e-02
2.386092385206527861e-02
2.385917871263387724e-02
2.385743098558540040e-02
2.385568066900287110e-02
2.385392776096930192e-02
2.385217225956771242e-02
2.385041416288111171e-02
2.384865346899253322e-02
2.384689017598498606e-02
2.384512428194148284e-02
2.384335578494504657e-02
2.384158468307869677e-02
2.383981097442545299e-02
2.383803465706832436e-02
2.383625572909033041e-02
2.383447418857449762e-02
2.383269003360383512e-02
2.383090326226136244e-02
2.382911387263009564e-02
2.382732186279306122e-02
2.382552723083326482e-02
2.382372997483372945e-02
2.382193009287747465e-02
2.382012758304751648e-02
2.381832244342687102e-02
2.381651467209855780e-02
2.381470426714559635e-02
2.381289122665099581e-02
2.381107554869778611e-02
2.380925723136897640e-02
2.380743627274758620e-02
2.380561267091663505e-02
2.380378642395913902e-02
2.380195752995811417e-02
2.380012598699658352e-02
2.379829179315755619e-02
2.379645494652405865e-02
2.379461544517910351e-02
2.379277328720571377e-02
2.379092847068689509e-02
2.378908099370567741e-02
2.378723085434507681e-02
2.378537805068810240e-02
2.378352258081778067e-02
2.378166444281712422e-02
2.377980363476915604e-02
2.377794015475689221e-02
2.377607400086334186e-02
2.377420517117153492e-02
2.377233366376448401e-02
2.377045947672520171e-02
2.376858260813671450e-02
2.376670305608203151e-02
2.376482081864417922e-02
2.376293589390616676e-02
2.376104827995102059e-02
2.375915797486174985e-02
2.375726497672137755e-02
2.375536928361292321e-02
2.375347089361939251e-02
2.375156980482381885e-02
2.374966601530921137e-02
2.374775952315858960e-02
2.374585032645496960e-02
2.374393842328136744e-02
2.374202381172080614e-02
2.374010648985630176e-02
2.373818645577087036e-02
2.373626370754752801e-02
2.373433824326929772e-02
2.373241006101919209e-02
2.373047915888023066e-02
2.372854553493542948e-02
2.372660918726781157e-02
2.372467011396039299e-02
2.372272831309618288e-02
2.372078378275820423e-02
2.371883652102948353e-02
2.371688652599302297e-02
2.371493379573185248e-02
2.371297832832898467e-02
2.371102012186743560e-02
2.370905917443022828e-02
2.370709548410037532e-02
2.370512904896089623e-02
2.370315986709480710e-02
2.370118793658513093e-02
2.369921325551487684e-02
2.369723582196707132e-02
2.369525563402472348e-02
2.369327268977085635e-02
2.369128698728848945e-02
2.368929852466063884e-02
2.368730729997031714e-02
2.368531331130054735e-02
2.368331655673434552e-02
2.368131703435473120e-02
2.367931474224471700e-02
2.367730967848732243e-02
2.367530184116557052e-02
2.367329122836247732e-02
2.367127783816105197e-02
2.366926166864432440e-02
2.366724271789530376e-02
2.366522098399700957e-02
2.366319646503245791e-02
2.366116915908467178e-02
2.365913906423666377e-02
2.365710617857145343e-02
2.365507050017206375e-02
2.365303202712149694e-02
2.365099075750278987e-02
2.364894668939894820e-02
2.364689982089299147e-02
2.364485015006793922e-02
2.364279767500680751e-02
2.364074239379261588e-02
2.363868430450838040e-02
2.363662340523712060e-02
2.363455969406185256e-02
2.363249316906559233e-02
2.363042382833135946e-02
2.362835166994217348e-02
2.362627669198105046e-02
2.362419889253100647e-02
2.362211826967505757e-02
2.362003482149622677e-02
2.361794854607753014e-02
2.361585944150198374e-02
2.361376750585260711e-02
2.361167273721241286e-02
2.360957513366442745e-02
2.360747469329166348e-02
2.360537141417713702e-02
2.360326529440386414e-02
2.360115633205487132e-02
2.359904452521316767e-02
2.359692987196177622e-02
2.359481237038371301e-02
2.359269201856198719e-02
2.359056881457963217e-02
2.358844275651965708e-02
2.358631384246507798e-02
2.358418207049891441e-02
2.358204743870418937e-02
2.357990994516390854e-02
2.357776958796110184e-02
2.357562636517877841e-02
2.357348027489996126e-02
2.357133131520766298e-02
2.356917948418490658e-02
2.356702477991470465e-02
2.356486720048008021e-02
2.356270674396404932e-02
2.356054340844962805e-02
2.355837719201983246e-02
2.355620809275768557e-02
2.355403610874619996e-02
2.355186123806839518e-02
2.354968347880728730e-02
2.354750282904589584e-02
2.354531928686724382e-02
2.354313285035433689e-02
2.354094351759020154e-02
2.353875128665785035e-02
2.353655615564030981e-02
2.353435812262058904e-02
2.353215718568170411e-02
2.352995334290667803e-02
2.352774659237853033e-02
2.352553693218027361e-02
2.352332436039492394e-02
2.352110887510550433e-02
2.351889047439503083e-02
2.351666915634652646e-02
2.351444491904299688e-02
2.351221776056746510e-02
2.350998767900295411e-02
2.350775467243247305e-02
2.350551873893904492e-02
2.350327987660568579e-02
2.350103808351541521e-02
2.349879335775125269e-02
2.349654569739620738e-02
2.349429510053329881e-02
2.349204156524555692e-02
2.348978508961598391e-02
2.348752567172760972e-02
2.348526330966344000e-02
2.348299800150650124e-02
2.348072974533981297e-02
2.347845853924638085e-02
2.347618438130923135e-02
2.347390726961138402e-02
2.347162720223585491e-02
2.346934417726565664e-02
2.346705819278381219e-02
2.346476924687333418e-02
2.346247733761724560e-02
2.346018246309856253e-02
2.345788462140030103e-02
2.345558381060548064e-02
2.345328002879711743e-02
2.345097327405823093e-02
2.344866354447183721e-02
2.344635083812095233e-02
2.344403515308859931e-02
2.344171648745779421e-02
2.343939483931154963e-02
2.343707020673288510e-02
2.343474258780482364e-02
2.343241198061037783e-02
2.343007838323256722e-02
2.342774179375440441e-02
2.342540221025891586e-02
2.342305963082911419e-02
2.342071405354801891e-02
2.341836547649864264e-02
2.341601389776400838e-02
2.341365931542713566e-02
2.341130172757104055e-02
2.340894113227872872e-02
2.340657752763323704e-02
2.340421091171757118e-02
2.340184128261475413e-02
2.339946863840780197e-02
2.339709297717972730e-02
2.339471429701355312e-02
2.339233259599229897e-02
2.338994787219897745e-02
2.338756012371660462e-02
2.338516934862820695e-02
2.338277554501680053e-02
2.338037871096539794e-02
2.337797884455701178e-02
2.337557594387467200e-02
2.337317000700139119e-02
2.337076103202018543e-02
2.336834901701406730e-02
2.336593396006606677e-02
2.336351585925919641e-02
2.336109471267647231e-02
2.335867051840091052e-02
2.335624327451553406e-02
2.335381297910335552e-02
2.335137963024739444e-02
2.334894322603066341e-02
2.334650376453619239e-02
2.334406124384699049e-02
2.334161566204607727e-02
2.333916701721646531e-02
2.333671530744117761e-02
2.333426053080323720e-02
2.333180268538565319e-02
2.332934176927144512e-02
2.332687778054362560e-02
2.332441071728522108e-02
2.332194057757924766e-02
2.331946735950872485e-02
2.331699106115665832e-02
2.331451168060608148e-02
2.331202921593999999e-02
2.330954366524144034e-02
2.330705502659340816e-02
2.330456329807893689e-02
2.330206847778103565e-02
2.329957056378272051e-02
2.329706955416700753e-02
2.329456544701692666e-02
2.329205824041548009e-02
2.328954793244570123e-02
2.328703452119058881e-02
2.328451800473317623e-02
2.328199838115647610e-02
2.327947564854350448e-02
2.327694980497727745e-02
2.327442084854081800e-02
2.327188877731714220e-02
2.326935358938926612e-02
2.326681528284020584e-02
2.326427385575298434e-02
2.326172930621061424e-02
2.325918163229611854e-02
2.325663083209250984e-02
2.325407690368280073e-02
2.325151984515002115e-02
2.324895965457718719e-02
2.324639633004730796e-02
2.324382986964340300e-02
2.324126027144849532e-02
2.323868753354560446e-02
2.323611165401773954e-02
2.323353263094791663e-02
2.323095046241916914e-02
2.322836514651449580e-02
2.322577668131693002e-02
2.322318506490947745e-02
2.322059029537516459e-02
2.321799237079700401e-02
2.321539128925801179e-02
2.321278704884121094e-02
2.321017964762961752e-02
2.320756908370624760e-02
2.320495535515411725e-02
2.320233846005624948e-02
2.319971839649565687e-02
2.319709516255536244e-02
2.319446875631837879e-02
2.319183917586772545e-02
2.318920641928641849e-02
2.318657048465747744e-02
2.318393137006391838e-02
2.318128907358876431e-02
2.317864359331502783e-02
2.317599492732572500e-02
2.317334307370387883e-02
2.317068803053250192e-02
2.316802979589461034e-02
2.316536836787323056e-02
2.316270374455137518e-02
2.316003592401206373e-02
2.315736490433830536e-02
2.315469068361312999e-02
2.315201325991955023e-02
2.314933263134057867e-02
2.314664879595924180e-02
2.314396175185855220e-02
2.314127149712152942e-02
2.313857802983118606e-02
2.313588134807054511e-02
2.313318144992262612e-02
2.313047833347044169e-02
2.312777199679701134e-02
2.312506243798534769e-02
2.312234965511848067e-02
2.311963364627941941e-02
2.311691440955118346e-02
2.311419194301678540e-02
2.311146624475925171e-02
2.310873731286159499e-02
2.310600514540683131e-02
2.310326974047798368e-02
2.310053109615806122e-02
2.309778921053009387e-02
2.309504408167709424e-02
2.309229570768207146e-02
2.308954408662804852e-02
2.308678921659805192e-02
2.308403109567509076e-02
2.308126972194218113e-02
2.307850509348234255e-02
2.307573720837859804e-02
2.307296606471396019e-02
2.307019166057144507e-02
2.306741399403406875e-02
2.306463306318486117e-02
2.306184886610682452e-02
2.305906140088298875e-02
2.305627066559636298e-02
2.305347665832997023e-02
2.305067937716682655e-02
2.304787882018994802e-02
2.304507498548235070e-02
2.304226787112705760e-02
2.303945747520708479e-02
2.303664379580544833e-02
2.303382683100516429e-02
2.303100657888925568e-02
2.302818303754073509e-02
2.302535620504262207e-02
2.302252607947793614e-02
2.301969265892968991e-02
2.301685594148090638e-02
2.301401592521460510e-02
2.301117260821379171e-02
2.300832598856149269e-02
2.300547606434073106e-02
2.300262283363451593e-02
2.299976629452586685e-02
2.299690644509779988e-02
2.299404328343333803e-02
2.299117680761549390e-02
2.298830701572728702e-02
2.298543390585173693e-02
2.298255747607185623e-02
2.297967772447066792e-02
2.297679464913118808e-02
2.297390824813642929e-02
2.297101851956941804e-02
2.296812546151316692e-02
2.296522907205069547e-02
2.296232934926501629e-02
2.295942629123915585e-02
2.295651989605612675e-02
2.295361016179894506e-02
2.295069708655062685e-02
2.294778066839419858e-02
2.294486090541266940e-02
2.294193779568906230e-02
2.293901133730638989e-02
2.293608152834767169e-02
2.293314836689592726e-02
2.293021185103417611e-02
2.292727197884543086e-02
2.292432874841271104e-02
2.292138215781903618e-02
2.291843220514742235e-02
2.291547888848088563e-02
2.291252220590244554e-02
2.290956215549512162e-02
2.290659873534192648e-02
2.290363194352588658e-02
2.290066177813000758e-02
2.289768823723731597e-02
2.289471131893082781e-02
2.289173102129355916e-02
2.288874734240852263e-02
2.288576028035874815e-02
2.288276983322724487e-02
2.287977599909703230e-02
2.287677877605112306e-02
2.287377816217254708e-02
2.287077415554431351e-02
2.286776675424944186e-02
2.286475595637094474e-02
2.286174175999184863e-02
2.285872416319516265e-02
2.285570316406391675e-02
2.285267876068110965e-02
2.284965095112977823e-02
2.284661973349292816e-02
2.284358510585358590e-02
2.284054706629476059e-02
2.283750561289946829e-02
2.283446074375073895e-02
2.283141245693157823e-02
2.282836075052501260e-02
2.282530562261404772e-02
2.282224707128171701e-02
2.281918509461102959e-02
2.281611969068500501e-02
2.281305085758665238e-02
2.280997859339900166e-02
2.280690289620506545e-02
2.280382376408785980e-02
2.280074119513040426e-02
2.279765518741571836e-02
2.279456573902681818e-02
2.279147284804671977e-02
2.278837651255843921e-02
2.278527673064500297e-02
2.278217350038941671e-02
2.277906681987471038e-02
2.277595668718388963e-02
2.277284310039998094e-02
2.276972605760599691e-02
2.276660555688495707e-02
2.276348159631987750e-02
2.276035417399378119e-02
2.275722328798968422e-02
2.275408893639059571e-02
2.275095111727954561e-02
2.274780982873953611e-02
2.274466506885360409e-02
2.274151683570475868e-02
2.273836512737601248e-02
2.273520994195038503e-02
2.273205127751089585e-02
2.272888913214056797e-02
2.272572350392241397e-02
2.272255439093944299e-02
2.271938179127468496e-02
2.271620570301115943e-02
2.271302612423187553e-02
2.270984305301984932e-02
2.270665648745810727e-02
2.270346642562966200e-02
2.270027286561753302e-02
2.269707580550473294e-02
2.269387524337428824e-02
2.269067117730920805e-02
2.268746360539251883e-02
2.268425252570722625e-02
2.268103793633636026e-02
2.267781983536292997e-02
2.267459822086995494e-02
2.267137309094045469e-02
2.266814444365744877e-02
2.266491227710395323e-02
2.266167658936298415e-02
2.265843737851755760e-02
2.265519464265068963e-02
2.265194837984541021e-02
2.264869858818472498e-02
2.264544526575165348e-02
2.264218841062921525e-02
2.263892802090042636e-02
2.263566409464830981e-02
2.263239662995588167e-02
2.262912562490614760e-02
2.262585107758214448e-02
2.262257298606687450e-02
2.261929134844336414e-02
2.261600616279462600e-02
2.261271742720368308e-02
2.260942513975354798e-02
2.260612929852724023e-02
2.260282990160777591e-02
2.259952694707817802e-02
2.259622043302145569e-02
2.259291035752063539e-02
2.258959671865872973e-02
2.258627951451875476e-02
2.258295874318373350e-02
2.257963440273668201e-02
2.257630649126061290e-02
2.257297500683855263e-02
2.256963994755351380e-02
2.256630131148850901e-02
2.256295909672656821e-02
2.255961330135069359e-02
2.255626392344391856e-02
2.255291096108924878e-02
2.254955441236971073e-02
2.254619427536831353e-02
2.254283054816808018e-02
2.253946322885203371e-02
2.253609231550317976e-02
2.253271780620453787e-02
2.252933969903913800e-02
2.252595799208998578e-02
2.252257268344010424e-02
2.251918377117250250e-02
2.251579125337021051e-02
2.251239512811624086e-02
2.250899539349361309e-02
2.250559204758533632e-02
2.250218508847443705e-02
2.249877451424393132e-02
2.249536032297683869e-02
2.249194251275616480e-02
2.248852108166494307e-02
2.248509602778618263e-02
2.248166734920290649e-02
2.247823504399812378e-02
2.247479911025486096e-02
2.247135954605613065e-02
2.246791634948495583e-02
2.246446951862434566e-02
2.246101905155731965e-02
2.245756494636690082e-02
2.245410720113610523e-02
2.245064581394795242e-02
2.244718078288545152e-02
2.244371210603162553e-02
2.244023978146949747e-02
2.243676380728207992e-02
2.243328418155238549e-02
2.242980090236344065e-02
2.242631396779825800e-02
2.242282337593985708e-02
2.241932912487125049e-02
2.241583121267546469e-02
2.241232963743551576e-02
2.240882439723441630e-02
2.240531549015518237e-02
2.240180291428084045e-02
2.239828666769440313e-02
2.239476674847888649e-02
2.239124315471730658e-02
2.238771588449268990e-02
2.238418493588804556e-02
2.238065030698639657e-02
2.237711199587075206e-02
2.237357000062414197e-02
2.237002431932957891e-02
2.236647495007007894e-02
2.236292189092865812e-02
2.235936513998833600e-02
2.235580469533213210e-02
2.235224055504306251e-02
2.234867271720414675e-02
2.234510117989839395e-02
2.234152594120883753e-02
2.233794699921848315e-02
2.233436435201035034e-02
2.233077799766745170e-02
2.232718793427282064e-02
2.232359415990946283e-02
2.231999667266039780e-02
2.231639547060864162e-02
2.231279055183721383e-02
2.230918191442913742e-02
2.230556955646742154e-02
2.230195347603508224e-02
2.229833367121515295e-02
2.229471014009063584e-02
2.229108288074455393e-02
2.228745189125991635e-02
2.228381716971975998e-02
2.228017871420708701e-02
2.227653652280492044e-02
2.227289059359627288e-02
2.226924092466417079e-02
2.226558751409162679e-02
2.226193035996165692e-02
2.225826946035728074e-02
2.225460481336151430e-02
2.225093641705737715e-02
2.224726426952788882e-02
2.224358836885606538e-02
2.223990871312491596e-02
2.223622530041747744e-02
2.223253812881674854e-02
2.222884719640575921e-02
2.222515250126751510e-02
2.222145404148504963e-02
2.221775181514136846e-02
2.221404582031949460e-02
2.221033605510244063e-02
2.220662251757322958e-02
2.220290520581487750e-02
2.219918411791040047e-02
2.219545925194281802e-02
2.219173060599514621e-02
2.218799817815040459e-02
2.218426196649161269e-02
2.218052196910177618e-02
2.217677818406392845e-02
2.217303060946108212e-02
2.216927924337624978e-02
2.216552408389245096e-02
2.216176512909271215e-02
2.215800237706004247e-02
2.215423582587745799e-02
2.215046547362798171e-02
2.214669131839462277e-02
2.214291335826040763e-02
2.213913159130835237e-02
2.213534601562147652e-02
2.213155662928278575e-02
2.212776343037531346e-02
2.212396641698207572e-02
2.212016558718607820e-02
2.211636093907034389e-02
2.211255247071789581e-02
2.210874018021175003e-02
2.210492406563491566e-02
2.210110412507041919e-02
2.209728035660127668e-02
2.209345275831050767e-02
2.208962132828112476e-02
2.208578606459614402e-02
2.208194696533859192e-02
2.207810402859148105e-02
2.207425725243782749e-02
2.207040663496064731e-02
2.206655217424296697e-02
2.206269386836779908e-02
2.205883171541815971e-02
2.205496571347706491e-02
2.205109586062753771e-02
2.204722215495259416e-02
2.204334459453525033e-02
2.203946317745852229e-02
2.203557790180542958e-02
2.203168876565899173e-02
2.202779576710222828e-02
2.202389890421815183e-02
2.201999817508977497e-02
2.201609357780012766e-02
2.201218511043222248e-02
2.200827277106907898e-02
2.200435655779370628e-02
2.200043646868913086e-02
2.199651250183836879e-02
2.199258465532443960e-02
2.198865292723034895e-02
2.198471731563913026e-02
2.198077781863379265e-02
2.197683443429735914e-02
2.197288716071283884e-02
2.196893599596325825e-02
2.196498093813162994e-02
2.196102198530097693e-02
2.195705913555430489e-02
2.195309238697464374e-02
2.194912173764500610e-02
2.194514718564841149e-02
2.194116872906787599e-02
2.193718636598641566e-02
2.193320009448705352e-02
2.192920991265280561e-02
2.192521581856668456e-02
2.192121781031170988e-02
2.191721588597090112e-02
2.191321004362728128e-02
2.190920028136385950e-02
2.190518659726364836e-02
2.190116898940968476e-02
2.189714745588496742e-02
2.189312199477252627e-02
2.188909260415536698e-02
2.188505928211652296e-02
2.188102202673899987e-02
2.187698083610582073e-02
2.187293570829999811e-02
2.186888664140455851e-02
2.186483363350251105e-02
2.186077668267687873e-02
2.185671578701066722e-02
2.185265094458691340e-02
2.184858215348862640e-02
2.184450941179881880e-02
2.184043271760051017e-02
2.183635206897672348e-02
2.183226746401047483e-02
2.182817890078478026e-02
2.182408637738265586e-02
2.181998989188712115e-02
2.181588944238119221e-02
2.181178502694789204e-02
2.180767664367023323e-02
2.180356429063122839e-02
2.179944796591390746e-02
2.179532766760127957e-02
2.179120339377636772e-02
2.178707514252218105e-02
2.178294291192174603e-02
2.177880670005807873e-02
2.177466650501419521e-02
2.177052232487310807e-02
2.176637415771784378e-02
2.176222200163141843e-02
2.175806585469684459e-02
2.175390571499713835e-02
2.174974158061532964e-02
2.174557344963442412e-02
2.174140132013744828e-02
2.173722519020740776e-02
2.173304505792733252e-02
2.172886092138023514e-02
2.172467277864913518e-02
2.172048062781704175e-02
2.171628446696698481e-02
2.171208429418197347e-02
2.170788010754503422e-02
2.170367190513916925e-02
2.169945968504741543e-02
2.169524344535277843e-02
2.169102318413828126e-02
2.168679889948693304e-02
2.168257058948175678e-02
2.167833825220577201e-02
2.167410188574199828e-02
2.166986148817344818e-02
2.166561705758313777e-02
2.166136859205409007e-02
2.165711608966932461e-02
2.165285954851185052e-02
2.164859896666468733e-02
2.164433434221086153e-02
2.164006567323338223e-02
2.163579295781527245e-02
2.163151619403953785e-02
2.162723537998921183e-02
2.162295051374730701e-02
2.161866159339683943e-02
2.161436861702082171e-02
2.161007158270228032e-02
2.160577048852422785e-02
2.160146533256968732e-02
2.159715611292166437e-02
2.159284282766318896e-02
2.158852547487727716e-02
2.158420405264694156e-02
2.157987855905520169e-02
2.157554899218507710e-02
2.157121535011958385e-02
2.156687763094173801e-02
2.156253583273456259e-02
2.155818995358106671e-02
2.155383999156427685e-02
2.154948594476720561e-02
2.154512781127287252e-02
2.154076558916429018e-02
2.153639927652448507e-02
2.153202887143647326e-02
2.152765437198326734e-02
2.152327577624787991e-02
2.151889308231334438e-02
2.151450628826266989e-02
2.151011539217887250e-02
2.150572039214496828e-02
2.150132128624398370e-02
2.149691807255892789e-02
2.149251074917282039e-02
2.148809931416868074e-02
2.148368376562952847e-02
2.147926410163837618e-02
2.147484032027824688e-02
2.147041241963214969e-02
2.146598039778311109e-02
2.146154425281414715e-02
2.145710398280827394e-02
2.145265958584850752e-02
2.144821106001786742e-02
2.144375840339937320e-02
2.143930161407604090e-02
2.143484069013088661e-02
2.143037562964692291e-02
2.142590643070717976e-02
2.142143309139466975e-02
2.141695560979240895e-02
2.141247398398340995e-02
2.140798821205069924e-02
2.140349829207729634e-02
2.139900422214621040e-02
2.139450600034045746e-02
2.139000362474306402e-02
2.138549709343704613e-02
2.138098640450541987e-02
2.137647155603119437e-02
2.137195254609740303e-02
2.136742937278705151e-02
2.136290203418316977e-02
2.135837052836875652e-02
2.135383485342684518e-02
2.134929500744044834e-02
2.134475098849258554e-02
2.134020279466626591e-02
2.133565042404451939e-02
2.133109387471036206e-02
2.132653314474680650e-02
2.132196823223686186e-02
2.131739913526356153e-02
2.131282585190992160e-02
2.130824838025895118e-02
2.130366671839367329e-02
2.129908086439710399e-02
2.129449081635225935e-02
2.128989657234216237e-02
2.128529813044982566e-02
2.128069548875826528e-02
2.127608864535050423e-02
2.127147759830956206e-02
2.126686234571845135e-02
2.126224288566018472e-02
2.125761921621779210e-02
2.125299133547428262e-02
2.124835924151267930e-02
2.124372293241599124e-02
2.123908240626724842e-02
2.123443766114945647e-02
2.122978869514564187e-02
2.122513550633881724e-02
2.122047809281200209e-02
2.121581645264821597e-02
2.121115058393047148e-02
2.120648048474178468e-02
2.120180615316518899e-02
2.119712758728368659e-02
2.119244478518029703e-02
2.118775774493803637e-02
2.118306646463993456e-02
2.117837094236899725e-02
2.117367117620824746e-02
2.116896716424070124e-02
2.116425890454936773e-02
2.115954639521728381e-02
2.115482963432745167e-02
2.115010861996289432e-02
2.114538335020662435e-02
2.114065382314167171e-02
2.113592003685104553e-02
2.113118198941776188e-02
2.112643967892483682e-02
2.112169310345529336e-02
2.111694226109215450e-02
2.111218714991842590e-02
2.110742776801712711e-02
2.110266411347128460e-02
2.109789618436391095e-02
2.109312397877802225e-02
2.108834749479663109e-02
2.108356673050276742e-02
2.107878168397944382e-02
2.107399235330967638e-02
2.106919873657647768e-02
2.106440083186287768e-02
2.105959863725188549e-02
2.105479215082652067e-02
2.104998137066979927e-02
2.104516629486474083e-02
2.104034692149436836e-02
2.103552324864169099e-02
2.103069527438972131e-02
2.102586299682149273e-02
2.102102641402001440e-02
2.101618552406830931e-02
2.101134032504938659e-02
2.100649081504626231e-02
2.100163699214196641e-02
2.099677885441951150e-02
2.099191639996191017e-02
2.098704962685217501e-02
2.098217853317334639e-02
2.097730311700842301e-02
2.097242337644042789e-02
2.096753930955237016e-02
2.096265091442728323e-02
2.095775818914817970e-02
2.095286113179806869e-02
2.094795974045996975e-02
2.094305401321691282e-02
2.093814394815190702e-02
2.093322954334796843e-02
2.092831079688810964e-02
2.092338770685536406e-02
2.091846027133273736e-02
2.091352848840325254e-02
2.090859235614991873e-02
2.090365187265576241e-02
2.089870703600380311e-02
2.089375784427705343e-02
2.088880429555852597e-02
2.088384638793124720e-02
2.087888411947823319e-02
2.087391748828250349e-02
2.086894649242707067e-02
2.086397112999494388e-02
2.085899139906916000e-02
2.085400729773272815e-02
2.084901882406866441e-02
2.084402597615998137e-02
2.083902875208971245e-02
2.083402714994086330e-02
2.082902116779644999e-02
2.082401080373949206e-02
2.081899605585301599e-02
2.081397692222003090e-02
2.080895340092355980e-02
2.080392549004660835e-02
2.079889318767220649e-02
2.079385649188337029e-02
2.078881540076311929e-02
2.078376991239445221e-02
2.077872002486041633e-02
2.077366573624401039e-02
2.076860704462825738e-02
2.076354394809616644e-02
2.075847644473076750e-02
2.075340453261507664e-02
2.074832820983210993e-02
2.074324747446487302e-02
2.073816232459640280e-02
2.073307275830970839e-02
2.072797877368780239e-02
2.072288036881371129e-02
2.071777754177044073e-02
2.071267029064102413e-02
2.070755861350847063e-02
2.070244250845579628e-02
2.069732197356601716e-02
2.069219700692216321e-02
2.068706760660724009e-02
2.068193377070426733e-02
2.067679549729626448e-02
2.067165278446625107e-02
2.066650563029724316e-02
2.066135403287225683e-02
2.065619799027430814e-02
2.065103750058642010e-02
2.064587256189160877e-02
2.064070317227289370e-02
2.063552932981328053e-02
2.063035103259580269e-02
2.062516827870347277e-02
2.061998106621930338e-02
2.061478939322631057e-02
2.060959325780752777e-02
2.060439265804595715e-02
2.059918759202462174e-02
2.059397805782653759e-02
2.058876405353472425e-02
2.058354557723219777e-02
2.057832262700198117e-02
2.057309520092708705e-02
2.056786329709052452e-02
2.056262691357532355e-02
2.055738604846450365e-02
2.055214069984107744e-02
2.054689086578805404e-02
2.054163654438846687e-02
2.053637773372532851e-02
2.053111443188165158e-02
2.052584663694044867e-02
2.052057434698475319e-02
2.051529756009758121e-02
2.051001627436193839e-02
2.050473048786084079e-02
2.049944019867732184e-02
2.049414540489439066e-02
2.048884610459506331e-02
2.048354229586235586e-02
2.047823397677929480e-02
2.047292114542889271e-02
2.046760379989416567e-02
2.046228193825812627e-02
2.045695555860380446e-02
2.045162465901421284e-02
2.044628923757236746e-02
2.044094929236128094e-02
2.043560482146398322e-02
2.043025582296348341e-02
2.042490229494280454e-02
2.041954423548495920e-02
2.041418164267295998e-02
2.040881451458983684e-02
2.040344284931860236e-02
2.039806664494227609e-02
2.039268589954386368e-02
2.038730061120639855e-02
2.038191077801289677e-02
2.037651639804636747e-02
2.037111746938982670e-02
2.036571399012630443e-02
2.036030595833881324e-02
2.035489337211036573e-02
2.034947622952397797e-02
2.034405452866268338e-02
2.033862826760948414e-02
2.033319744444740326e-02
2.032776205725945334e-02
2.032232210412866086e-02
2.031687758313804187e-02
2.031142849237060899e-02
2.030597482990937827e-02
2.030051659383737273e-02
2.029505378223761536e-02
2.028958639319311183e-02
2.028411442478687821e-02
2.027863787510195137e-02
2.027315674222133352e-02
2.026767102422804417e-02
2.026218071920510289e-02
2.025668582523551878e-02
2.025118634040232526e-02
2.024568226278853494e-02
2.024017359047715695e-02
2.023466032155121080e-02
2.022914245409372647e-02
2.022361998618771306e-02
2.021809291591618665e-02
2.021256124136216331e-02
2.020702496060866604e-02
2.020148407173871091e-02
2.019593857283531746e-02
2.019038846198149481e-02
2.018483373726026944e-02
2.017927439675466089e-02
2.017371043854768176e-02
2.016814186072233769e-02
2.016256866136167253e-02
2.015699083854868845e-02
2.015140839036640499e-02
2.014582131489783476e-02
2.014022961022600422e-02
2.013463327443392598e-02
2.012903230560462650e-02
2.012342670182110452e-02
2.011781646116639344e-02
2.011220158172351280e-02
2.010658206157546826e-02
2.010095789880528630e-02
2.009532909149597604e-02
2.008969563773056397e-02
2.008405753559206613e-02
2.007841478316350209e-02
2.007276737852787402e-02
2.006711531976821880e-02
2.006145860496754557e-02
2.005579723220888080e-02
2.005013119957521975e-02
2.004446050514960623e-02
2.003878514701504590e-02
2.003310512325455484e-02
2.002742043195114910e-02
2.002173107118785517e-02
2.001603703904768911e-02
2.001033833361366351e-02
2.000463495296879099e-02
1.999892689519609801e-02
1.999321415837860758e-02
1.998749674059932535e-02
1.998177463994126740e-02
1.997604785448746714e-02
1.997031638232093023e-02
1.996458022152467968e-02
1.995883937018172113e-02
1.995309382637508455e-02
1.994734358818778946e-02
1.994158865370285194e-02
1.993582902100328111e-02
1.993006468817209303e-02
1.992429565329232113e-02
1.991852191444697107e-02
1.991274346971906584e-02
1.990696031719161110e-02
1.990117245494764375e-02
1.989537988107017638e-02
1.988958259364221465e-02
1.988378059074677809e-02
1.987797387046689665e-02
1.987216243088558640e-02
1.986634627008585299e-02
1.986052538615071944e-02
1.985469977716321222e-02
1.984886944120633698e-02
1.984303437636312020e-02
1.983719458071656408e-02
1.983135005234970896e-02
1.982550078934556398e-02
1.981964678978713826e-02
1.981378805175744787e-02
1.980792457333952622e-02
1.980205635261638591e-02
1.979618338767103955e-02
1.979030567658649972e-02
1.978442321744579638e-02
1.977853600833194211e-02
1.977264404732795647e-02
1.976674733251685551e-02
1.976084586198164489e-02
1.975493963380536150e-02
1.974902864607102140e-02
1.974311289686162679e-02
1.973719238426020414e-02
1.973126710634977646e-02
1.972533706121335634e-02
1.971940224693395985e-02
1.971346266159460306e-02
1.970751830327831244e-02
1.970156917006810060e-02
1.969561526004698360e-02
1.968965657129797403e-02
1.968369310190409838e-02
1.967772484994837964e-02
1.967175181351382349e-02
1.966577399068344251e-02
1.965979137954027359e-02
1.965380397816732239e-02
1.964781178464761191e-02
1.964181479706414435e-02
1.963581301349996353e-02
1.962980643203806469e-02
1.962379505076148126e-02
1.961777886775321195e-02
1.961175788109629364e-02
1.960573208887373547e-02
1.959970148916855698e-02
1.959366608006377769e-02
1.958762585964239980e-02
1.958158082598746366e-02
1.957553097718197840e-02
1.956947631130895662e-02
1.956341682645141439e-02
1.955735252069238164e-02
1.955128339211486752e-02
1.954520943880189154e-02
1.953913065883646286e-02
1.953304705030161487e-02
1.952695861128036017e-02
1.952086533985570790e-02
1.951476723411067760e-02
1.950866429212829919e-02
1.950255651199158183e-02
1.949644389178354156e-02
1.949032642958719100e-02
1.948420412348556008e-02
1.947807697156166487e-02
1.947194497189851797e-02
1.946580812257912851e-02
1.945966642168653685e-02
1.945351986730374169e-02
1.944736845751376952e-02
1.944121219039962600e-02
1.943505106404434801e-02
1.942888507653094121e-02
1.942271422594242514e-02
1.941653851036181933e-02
1.941035792787212944e-02
1.940417247655639235e-02
1.939798215449761720e-02
1.939178695977882005e-02
1.938558689048301698e-02
1.937938194469323097e-02
1.937317212049247811e-02
1.936695741596377446e-02
1.936073782919012914e-02
1.935451335825457905e-02
1.934828400124013331e-02
1.934204975622980452e-02
1.933581062130660874e-02
1.932956659455357593e-02
1.932331767405371520e-02
1.931706385789004610e-02
1.931080514414557775e-02
1.930454153090334704e-02
1.929827301624635269e-02
1.929199959825762464e-02
1.928572127502016856e-02
1.927943804461701785e-02
1.927314990513118165e-02
1.926685685464567602e-02
1.926055889124351703e-02
1.925425601300772768e-02
1.924794821802132752e-02
1.924163550436732914e-02
1.923531787012875208e-02
1.922899531338860546e-02
1.922266783222991923e-02
1.921633542473571293e-02
1.920999808898899222e-02
1.920365582307277663e-02
1.919730862507009611e-02
1.919095649306395285e-02
1.918459942513737679e-02
1.917823741937337706e-02
1.917187047385497320e-02
1.916549858666518821e-02
1.915912175588704164e-02
1.915273997960352872e-02
1.914635325589769330e-02
1.913996158285255142e-02
1.913356495855110528e-02
1.912716338107637096e-02
1.912075684851138879e-02
1.911434535893916098e-02
1.910792891044270705e-02
1.910150750110503615e-02
1.909508112900918167e-02
1.908864979223815275e-02
1.908221348887497240e-02
1.907577221700264281e-02
1.906932597470420432e-02
1.906287476006266260e-02
1.905641857116103718e-02
1.904995740608234067e-02
1.904349126290958913e-02
1.903702013972581250e-02
1.903054403461402339e-02
1.902406294565723785e-02
1.901757687093846849e-02
1.901108580854073832e-02
1.900458975654707033e-02
1.899808871304047367e-02
1.899158267610396439e-02
1.898507164382056897e-02
1.897855561427330348e-02
1.897203458554518052e-02
1.896550855571921615e-02
1.895897752287843338e-02
1.895244148510585522e-02
1.894590044048448732e-02
1.893935438709734922e-02
1.893280332302746741e-02
1.892624724635785446e-02
1.891968615517152646e-02
1.891312004755149601e-02
1.890654892158079303e-02
1.889997277534243014e-02
1.889339160691942687e-02
1.888680541439478541e-02
1.888021419585154612e-02
1.887361794937271811e-02
1.886701667304131746e-02
1.886041036494035678e-02
1.885379902315285558e-02
1.884718264576184382e-02
1.884056123085033063e-02
1.883393477650132861e-02
1.882730328079785381e-02
1.882066674182293967e-02
1.881402515765959182e-02
1.880737852639083330e-02
1.880072684609966974e-02
1.879407011486913456e-02
1.878740833078224037e-02
1.878074149192200323e-02
1.877406959637143227e-02
1.876739264221356090e-02
1.876071062753140173e-02
1.875402355040796734e-02
1.874733140892627381e-02
1.874063420116934761e-02
1.873393192522020481e-02
1.872722457916186148e-02
1.872051216107732327e-02
1.871379466904962707e-02
1.870707210116178201e-02
1.870034445549680763e-02
1.869361173013770958e-02
1.868687392316752821e-02
1.868013103266926572e-02
1.867338305672594165e-02
1.866662999342057552e-02
1.865987184083617648e-02
1.865310859705578139e-02
1.864634026016239593e-02
1.863956682823903616e-02
1.863278829936871120e-02
1.862600467163446141e-02
1.861921594311929246e-02
1.861242211190622040e-02
1.860562317607826130e-02
1.859881913371844164e-02
1.859200998290977402e-02
1.858519572173527104e-02
1.857837634827795223e-02
1.857155186062084407e-02
1.856472225684695915e-02
1.855788753503931354e-02
1.855104769328091291e-02
1.854420272965480454e-02
1.853735264224398369e-02
1.853049742913147335e-02
1.852363708840028614e-02
1.851677161813344852e-02
1.850990101641397656e-02
1.850302528132488286e-02
1.849614441094918349e-02
1.848925840336991186e-02
1.848236725667007016e-02
1.847547096893268140e-02
1.846856953824075470e-02
1.846166296267732002e-02
1.845475124032539341e-02
1.844783436926798748e-02
1.844091234758812523e-02
1.843398517336880885e-02
1.842705284469307869e-02
1.842011535964394389e-02
1.841317271630441357e-02
1.840622491275750727e-02
1.839927194708625494e-02
1.839231381737366569e-02
1.838535052170275907e-02
1.837838205815654075e-02
1.837140842481805106e-02
1.836442961977029567e-02
1.835744564109628718e-02
1.835045648687904513e-02
1.834346215520159945e-02
1.833646264414695581e-02
1.832945795179813722e-02
1.832244807623814933e-02
1.831543301555002903e-02
1.830841276781678545e-02
1.830138733112143118e-02
1.829435670354698576e-02
1.828732088317647220e-02
1.828027986809290656e-02
1.827323365637930491e-02
1.826618224611867639e-02
1.825912563539405786e-02
1.825206382228845500e-02
1.824499680488488387e-02
1.823792458126637095e-02
1.823084714951591495e-02
1.822376450771655623e-02
1.821667665395130739e-02
1.820958358630317409e-02
1.820248530285517932e-02
1.819538180169034611e-02
1.818827308089169398e-02
1.818115913854223206e-02
1.817403997272497643e-02
1.816691558152295355e-02
1.815978596301917949e-02
1.815265111529667033e-02
1.814551103643843519e-02
1.813836572452750748e-02
1.813121517764689980e-02
1.812405939387962128e-02
1.811689837130869146e-02
1.810973210801713681e-02
1.810256060208797341e-02
1.809538385160421731e-02
1.808820185464887417e-02
1.808101460930497742e-02
1.807382211365553965e-02
1.806662436578358386e-02
1.805942136377210877e-02
1.805221310570415474e-02
1.804499958966273090e-02
1.803778081373084985e-02
1.803055677599153805e-02
1.802332747452780118e-02
1.801609290742266917e-02
1.800885307275915809e-02
1.800160796862027707e-02
1.799435759308904564e-02
1.798710194424849029e-02
1.797984102018162361e-02
1.797257481897146514e-02
1.796530333870102053e-02
1.795802657745332320e-02
1.795074453331138922e-02
1.794345720435822772e-02
1.793616458867685129e-02
1.792886668435030029e-02
1.792156348946157343e-02
1.791425500209369720e-02
1.790694122032967378e-02
1.789962214225254700e-02
1.789229776594531904e-02
1.788496808949100597e-02
1.787763311097262039e-02
1.787029282847319919e-02
1.786294724007574455e-02
1.785559634386328295e-02
1.784824013791881658e-02
1.784087862032538233e-02
1.783351178916599278e-02
1.782613964252365707e-02
1.781876217848140168e-02
1.781137939512223226e-02
1.780399129052918222e-02
1.779659786278526418e-02
1.778919910997349071e-02
1.778179503017687443e-02
1.777438562147845222e-02
1.776697088196122626e-02
1.775955080970822303e-02
1.775212540280244125e-02
1.774469465932692822e-02
1.773725857736468264e-02
1.772981715499872407e-02
1.772237039031206857e-02
1.771491828138773914e-02
1.770746082630875531e-02
1.769999802315812970e-02
1.769252987001887489e-02
1.768505636497402084e-02
1.767757750610658013e-02
1.767009329149957231e-02
1.766260371923599956e-02
1.765510878739890571e-02
1.764760849407128948e-02
1.764010283733617734e-02
1.763259181527657149e-02
1.762507542597551227e-02
1.761755366751600535e-02
1.761002653798107373e-02
1.760249403545373001e-02
1.759495615801697985e-02
1.758741290375386707e-02
1.757986427074739733e-02
1.757231025708058322e-02
1.756475086083644430e-02
1.755718608009800008e-02
1.754961591294827358e-02
1.754204035747027740e-02
1.753445941174702066e-02
1.752687307386153678e-02
1.751928134189683489e-02
1.751168421393593799e-02
1.750408168806184828e-02
1.749647376235760610e-02
1.748886043490621711e-02
1.748124170379070086e-02
1.747361756709406300e-02
1.746598802289933694e-02
1.745835306928953876e-02
1.745071270434768798e-02
1.744306692615678334e-02
1.743541573279986517e-02
1.742775912235994262e-02
1.742009709292003175e-02
1.741242964256314515e-02
1.740475676937231625e-02
1.739707847143055416e-02
1.738939474682087150e-02
1.738170559362628778e-02
1.737401100992981909e-02
1.736631099381449883e-02
1.735860554336332920e-02
1.735089465665932973e-02
1.734317833178550955e-02
1.733545656682490901e-02
1.732772935986053378e-02
1.731999670897540339e-02
1.731225861225251655e-02
1.730451506777492057e-02
1.729676607362562110e-02
1.728901162788763768e-02
1.728125172864396902e-02
1.727348637397766243e-02
1.726571556197172008e-02
1.725793929070916499e-02
1.725015755827299935e-02
1.724237036274626350e-02
1.723457770221195964e-02
1.722677957475311425e-02
1.721897597845273298e-02
1.721116691139385271e-02
1.720335237165947564e-02
1.719553235733262478e-02
1.718770686649630577e-02
1.717987589723355898e-02
1.717203944762738660e-02
1.716419751576081509e-02
1.715635009971685707e-02
1.714849719757851471e-02
1.714063880742883184e-02
1.713277492735082105e-02
1.712490555542749149e-02
1.711703068974185574e-02
1.710915032837695068e-02
1.710126446941577505e-02
1.709337311094135878e-02
1.708547625103670406e-02
1.707757388778485125e-02
1.706966601926880600e-02
1.706175264357158786e-02
1.705383375877619553e-02
1.704590936296568326e-02
1.703797945422304283e-02
1.703004403063129724e-02
1.702210309027345908e-02
1.701415663123256178e-02
1.700620465159161793e-02
1.699824714943362972e-02
1.699028412284162362e-02
1.698231556989862959e-02
1.697434148868764980e-02
1.696636187729171422e-02
1.695837673379382501e-02
1.695038605627701214e-02
1.694238984282428820e-02
1.693438809151867619e-02
1.692638080044319218e-02
1.691836796768083837e-02
1.691034959131465509e-02
1.690232566942765496e-02
1.689429620010284711e-02
1.688626118142324412e-02
1.687822061147188288e-02
1.687017448833177252e-02
1.686212281008592564e-02
1.685406557481735484e-02
1.684600278060909700e-02
1.683793442554415778e-02
1.682986050770555325e-02
1.682178102517629947e-02
1.681369597603942986e-02
1.680560535837795008e-02
1.679750917027487273e-02
1.678940740981321733e-02
1.678130007507601038e-02
1.677318716414626446e-02
1.676506867510700258e-02
1.675694460604122693e-02
1.674881495503197440e-02
1.674067972016225064e-02
1.673253889951508214e-02
1.672439249117346413e-02
1.671624049322044392e-02
1.670808290373903063e-02
1.669991972081223339e-02
1.669175094252307173e-02
1.668357656695455826e-02
1.667539659218972986e-02
1.666721101631158872e-02
1.665901983740315784e-02
1.665082305354744635e-02
1.664262066282748420e-02
1.663441266332628399e-02
1.662619905312686525e-02
1.661797983031223364e-02
1.660975499296542257e-02
1.660152453916944812e-02
1.659328846700731941e-02
1.658504677456205251e-02
1.657679945991667736e-02
1.656854652115420656e-02
1.656028795635765619e-02
1.655202376361003189e-02
1.654375394099437749e-02
1.653547848659369171e-02
1.652719739849100103e-02
1.651891067476930763e-02
1.651061831351164841e-02
1.650232031280103942e-02
1.649401667072048980e-02
1.648570738535300520e-02
1.647739245478163292e-02
1.646907187708937167e-02
1.646074565035924100e-02
1.645241377267426738e-02
1.644407624211744606e-02
1.643573305677182433e-02
1.642738421472040092e-02
1.641902971404620229e-02
1.641066955283223064e-02
1.640230372916152632e-02
1.639393224111709499e-02
1.638555508678195272e-02
1.637717226423911210e-02
1.636878377157160655e-02
1.636038960686244520e-02
1.635198976819464758e-02
1.634358425365121936e-02
1.633517306131520089e-02
1.632675618926959088e-02
1.631833363559741928e-02
1.630990539838168482e-02
1.630147147570543131e-02
1.629303186565165748e-02
1.628458656630339327e-02
1.627613557574364087e-02
1.626767889205543022e-02
1.625921651332178433e-02
1.625074843762570539e-02
1.624227466305021295e-02
1.623379518767833346e-02
1.622531000959308647e-02
1.621681912687748459e-02
1.620832253761454733e-02
1.619982023988727343e-02
1.619131223177870671e-02
1.618279851137185976e-02
1.617427907674974866e-02
1.616575392599536865e-02
1.615722305719177396e-02
1.614868646842195984e-02
1.614014415776895625e-02
1.613159612331575843e-02
1.612304236314541020e-02
1.611448287534092416e-02
1.610591765798530944e-02
1.609734670916157170e-02
1.608877002695275824e-02
1.608018760944186776e-02
1.607159945471193022e-02
1.606300556084594086e-02
1.605440592592694005e-02
1.604580054803794037e-02
1.603718942526195096e-02
1.602857255568198788e-02
1.601994993738108802e-02
1.601132156844225357e-02
1.600268744694850753e-02
1.599404757098285210e-02
1.598540193862833109e-02
1.597675054796795016e-02
1.596809339708472192e-02
1.595943048406167283e-02
1.595076180698180163e-02
1.594208736392815212e-02
1.593340715298372998e-02
1.592472117223155820e-02
1.591602941975463203e-02
1.590733189363599878e-02
1.589862859195866410e-02
1.588991951280564405e-02
1.588120465425994776e-02
1.587248401440461212e-02
1.586375759132264626e-02
1.585502538309706971e-02
1.584628738781088467e-02
1.583754360354712801e-02
1.582879402838881580e-02
1.582003866041896065e-02
1.581127749772056473e-02
1.580251053837667535e-02
1.579373778047029817e-02
1.578495922208444577e-02
1.577617486130213076e-02
1.576738469620638308e-02
1.575858872488022228e-02
1.574978694540666094e-02
1.574097935586869779e-02
1.573216595434938705e-02
1.572334673893172052e-02
1.571452170769873161e-02
1.570569085873342249e-02
1.569685419011880925e-02
1.568801169993792877e-02
1.567916338627378670e-02
1.567030924720940604e-02
1.566144928082778554e-02
1.565258348521196899e-02
1.564371185844496207e-02
1.563483439860978430e-02
1.562595110378944829e-02
1.561706197206697531e-02
1.560816700152539011e-02
1.559926619024770179e-02
1.559035953631691951e-02
1.558144703781608013e-02
1.557252869282819280e-02
1.556360449943627704e-02
1.555467445572333678e-02
1.554573855977240716e-02
1.553679680966650774e-02
1.552784920348864416e-02
1.551889573932182902e-02
1.550993641524909747e-02
1.550097122935346038e-02
1.549200017971793381e-02
1.548302326442552515e-02
1.547404048155927303e-02
1.546505182920218137e-02
1.545605730543727317e-02
1.544705690834756624e-02
1.543805063601606103e-02
1.542903848652580311e-02
1.542002045795980159e-02
1.541099654840106387e-02
1.540196675593260428e-02
1.539293107863745971e-02
1.538388951459863929e-02
1.537484206189915388e-02
1.536578871862201955e-02
1.535672948285027144e-02
1.534766435266692042e-02
1.533859332615497735e-02
1.532951640139744963e-02
1.532043357647737934e-02
1.531134484947777562e-02
1.530225021848165279e-02
1.529314968157201825e-02
1.528404323683190714e-02
1.527493088234433381e-02
1.526581261619231605e-02
1.525668843645885432e-02
1.524755834122699071e-02
1.523842232857973260e-02
1.522928039660009780e-02
1.522013254337108851e-02
1.521097876697575374e-02
1.520181906549709222e-02
1.519265343701812522e-02
1.518348187962187228e-02
1.517430439139133211e-02
1.516512097040955201e-02
1.515593161475953590e-02
1.514673632252430159e-02
1.513753509178685126e-02
1.512832792063023221e-02
1.511911480713745010e-02
1.510989574939151925e-02
1.510067074547544880e-02
1.509143979347227563e-02
1.508220289146500713e-02
1.507296003753666111e-02
1.506371122977024669e-02
1.505445646624879903e-02
1.504519574505533419e-02
1.503592906427285610e-02
1.502665642198437908e-02
1.501737781627294523e-02
1.500809324522155846e-02
1.499880270691323313e-02
1.498950619943097834e-02
1.498020372085783793e-02
1.497089526927681061e-02
1.496158084277092286e-02
1.495226043942317513e-02
1.494293405731660779e-02
1.493360169453423168e-02
1.492426334915905595e-02
1.491491901927410532e-02
1.490556870296238547e-02
1.489621239830693847e-02
1.488685010339076478e-02
1.487748181629688568e-02
1.486810753510830509e-02
1.485872725790806682e-02
1.484934098277917829e-02
1.483994870780465034e-02
1.483055043106749210e-02
1.482114615065074567e-02
1.481173586463742017e-02
1.480231957111052821e-02
1.479289726815307890e-02
1.478346895384811260e-02
1.477403462627863151e-02
1.476459428352765862e-02
1.475514792367819614e-02
1.474569554481328613e-02
1.473623714501593948e-02
1.472677272236916357e-02
1.471730227495597447e-02
1.470782580085940559e-02
1.469834329816246780e-02
1.468885476494818064e-02
1.467936019929954455e-02
1.466985959929959990e-02
1.466035296303135928e-02
1.465084028857783528e-02
1.464132157402203184e-02
1.463179681744699798e-02
1.462226601693573241e-02
1.461272917057125816e-02
1.460318627643658433e-02
1.459363733261472701e-02
1.458408233718872654e-02
1.457452128824157818e-02
1.456495418385631013e-02
1.455538102211592459e-02
1.454580180110346191e-02
1.453621651890193121e-02
1.452662517359434857e-02
1.451702776326371791e-02
1.450742428599307958e-02
1.449781473986544618e-02
1.448819912296382684e-02
1.447857743337123242e-02
1.446894966917070674e-02
1.445931582844525026e-02
1.444967590927788079e-02
1.444002990975160571e-02
1.443037782794946884e-02
1.442071966195447238e-02
1.441105540984963934e-02
1.440138506971796496e-02
1.439170863964250174e-02
1.438202611770624841e-02
1.437233750199222795e-02
1.436264279058344084e-02
1.435294198156293263e-02
1.434323507301370378e-02
1.433352206301878595e-02
1.432380294966117788e-02
1.431407773102389390e-02
1.430434640518997956e-02
1.429460897024243185e-02
1.428486542426427724e-02
1.427511576533851446e-02
1.426535999154819254e-02
1.425559810097630845e-02
1.424583009170588867e-02
1.423605596181992672e-02
1.422627570940147856e-02
1.421648933253353946e-02
1.420669682929913066e-02
1.419689819778126132e-02
1.418709343606296830e-02
1.417728254222725727e-02
1.416746551435714950e-02
1.415764235053564718e-02
1.414781304884579413e-02
1.413797760737059081e-02
1.412813602419306543e-02
1.411828829739621323e-02
1.410843442506307978e-02
1.409857440527667247e-02
1.408870823612000910e-02
1.407883591567609186e-02
1.406895744202796457e-02
1.405907281325863463e-02
1.404918202745111290e-02
1.403928508268842586e-02
1.402938197705357222e-02
1.401947270862959755e-02
1.400955727549950749e-02
1.399963567574631813e-02
1.398970790745303339e-02
1.397977396870270055e-02
1.396983385757832180e-02
1.395988757216291669e-02
1.394993511053948566e-02
1.393997647079107602e-02
1.393001165100068994e-02
1.392004064925134697e-02
1.391006346362605103e-02
1.390008009220784768e-02
1.389009053307973737e-02
1.388009478432474138e-02
1.387009284402586536e-02
1.386008471026614793e-02
1.385007038112859822e-02
1.384004985469623229e-02
1.383002312905205582e-02
1.381999020227910741e-02
1.380995107246039792e-02
1.379990573767894864e-02
1.378985419601774960e-02
1.377979644555986025e-02
1.376973248438827582e-02
1.375966231058601413e-02
1.374958592223609992e-02
1.373950331742153017e-02
1.372941449422535216e-02
1.371931945073056984e-02
1.370921818502020273e-02
1.369911069517725302e-02
1.368899697928476628e-02
1.367887703542574294e-02
1.366875086168320430e-02
1.365861845614015600e-02
1.364847981687964014e-02
1.363833494198466063e-02
1.362818382953823702e-02
1.361802647762337150e-02
1.360786288432311135e-02
1.359769304772045530e-02
1.358751696589842808e-02
1.357733463694003016e-02
1.356714605892830362e-02
1.355695122994625933e-02
1.354675014807690814e-02
1.353654281140325918e-02
1.352632921800835455e-02
1.351610936597519817e-02
1.350588325338680958e-02
1.349565087832619269e-02
1.348541223887638960e-02
1.347516733312040769e-02
1.346491615914126132e-02
1.345465871502197173e-02
1.344439499884554114e-02
1.343412500869501335e-02
1.342384874265339575e-02
1.341356619880370270e-02
1.340327737522893636e-02
1.339298227001214925e-02
1.338268088123633834e-02
1.337237320698452490e-02
1.336205924533971287e-02
1.335173899438494433e-02
1.334141245220322319e-02
1.333107961687757421e-02
1.332074048649099264e-02
1.331039505912653097e-02
1.330004333286718445e-02
1.328968530579597608e-02
1.327932097599591327e-02
1.326895034155003636e-02
1.325857340054134408e-02
1.324819015105286636e-02
1.323780059116760020e-02
1.322740471896858769e-02
1.321700253253883794e-02
1.320659402996137051e-02
1.319617920931918410e-02
1.318575806869532428e-02
1.317533060617279671e-02
1.316489681983462091e-02
1.315445670776380950e-02
1.314401026804337159e-02
1.313355749875634929e-02
1.312309839798574823e-02
1.311263296381458450e-02
1.310216119432586028e-02
1.309168308760262460e-02
1.308119864172788138e-02
1.307070785478464496e-02
1.306021072485592273e-02
1.304970725002475677e-02
1.303919742837415102e-02
1.302868125798712674e-02
1.301815873694668786e-02
1.300762986333587300e-02
1.299709463523769128e-02
1.298655305073515877e-02
1.297600510791128287e-02
1.296545080484910219e-02
1.295489013963162586e-02
1.294432311034187343e-02
1.293374971506284186e-02
1.292316995187758021e-02
1.291258381886909411e-02
1.290199131412039443e-02
1.289139243571449552e-02
1.288078718173443424e-02
1.287017555026321626e-02
1.285955753938386112e-02
1.284893314717938662e-02
1.283830237173279321e-02
1.282766521112713165e-02
1.281702166344540067e-02
1.280637172677061633e-02
1.279571539918578950e-02
1.278505267877396226e-02
1.277438356361813854e-02
1.276370805180133440e-02
1.275302614140655724e-02
1.274233783051684742e-02
1.273164311721521058e-02
1.272094199958466627e-02
1.271023447570821668e-02
1.269952054366890910e-02
1.268880020154974746e-02
1.267807344743374434e-02
1.266734027940390889e-02
1.265660069554328492e-02
1.264585469393487462e-02
1.263510227266169753e-02
1.262434342980675757e-02
1.261357816345310030e-02
1.260280647168372792e-02
1.259202835258165995e-02
1.258124380422989685e-02
1.257045282471148592e-02
1.255965541210943455e-02
1.254885156450675707e-02
1.253804127998646954e-02
1.252722455663157763e-02
1.251640139252512343e-02
1.250557178575011953e-02
1.249473573438957680e-02
1.248389323652649915e-02
1.247304429024393216e-02
1.246218889362488147e-02
1.245132704475236489e-02
1.244045874170938287e-02
1.242958398257898271e-02
1.241870276544417180e-02
1.240781508838796274e-02
1.239692094949336118e-02
1.238602034684341095e-02
1.237511327852111945e-02
1.236419974260950273e-02
1.235327973719156300e-02
1.234235326035034754e-02
1.233142031016885680e-02
1.232048088473011033e-02
1.230953498211711725e-02
1.229858260041291791e-02
1.228762373770051451e-02
1.227665839206292658e-02
1.226568656158315805e-02
1.225470824434425274e-02
1.224372343842921977e-02
1.223273214192107002e-02
1.222173435290282648e-02
1.221073006945748787e-02
1.219971928966810670e-02
1.218870201161767995e-02
1.217767823338922716e-02
1.216664795306575224e-02
1.215561116873030076e-02
1.214456787846588011e-02
1.213351808035550289e-02
1.212246177248217302e-02
1.211139895292893953e-02
1.210032961977880288e-02
1.208925377111478260e-02
1.207817140501988261e-02
1.206708251957714674e-02
1.205598711286958238e-02
1.204488518298020214e-02
1.203377672799201339e-02
1.202266174598805824e-02
1.201154023505134408e-02
1.200041219326488696e-02
1.198927761871169083e-02
1.197813650947480123e-02
1.196698886363722035e-02
1.195583467928196773e-02
1.194467395449204904e-02
1.193350668735050635e-02
1.192233287594034359e-02
1.191115251834457857e-02
1.189996561264623255e-02
1.188877215692830253e-02
1.187757214927383925e-02
1.186636558776584666e-02
1.185515247048733907e-02
1.184393279552132215e-02
1.183270656095084319e-02
1.182147376485890265e-02
1.181023440532851833e-02
1.179898848044269588e-02
1.178773598828448087e-02
1.177647692693687721e-02
1.176521129448290098e-02
1.175393908900555610e-02
1.174266030858788813e-02
1.173137495131290099e-02
1.172008301526361422e-02
1.170878449852302827e-02
1.169747939917419217e-02
1.168616771530010638e-02
1.167484944498378870e-02
1.166352458630824478e-02
1.165219313735652018e-02
1.164085509621162057e-02
1.162951046095655680e-02
1.161815922967433974e-02
1.160680140044800801e-02
1.159543697136057420e-02
1.158406594049504572e-02
1.157268830593445250e-02
1.156130406576178458e-02
1.154991321806009621e-02
1.153851576091239131e-02
1.152711169240168421e-02
1.151570101061098056e-02
1.150428371362332246e-02
1.149285979952172077e-02
1.148142926638918634e-02
1.146999211230872485e-02
1.145854833536338185e-02
1.144709793363616300e-02
1.143564090521008436e-02
1.142417724816814813e-02
1.141270696059339985e-02
1.140123004056885041e-02
1.138974648617750718e-02
1.137825629550237930e-02
1.136675946662651406e-02
1.135525599763291191e-02
1.134374588660459066e-02
1.133222913162455422e-02
1.132070573077584644e-02
1.130917568214147816e-02
1.129763898380446024e-02
1.128609563384779663e-02
1.127454563035453633e-02
1.126298897140767981e-02
1.125142565509024833e-02
1.123985567948525624e-02
1.122827904267570918e-02
1.121669574274465273e-02
1.120510577777508558e-02
1.119350914585003423e-02
1.118190584505249392e-02
1.117029587346551715e-02
1.115867922917210264e-02
1.114705591025526993e-02
1.113542591479802293e-02
1.112378924088340895e-02
1.111214588659443017e-02
1.110049585001410093e-02
1.108883912922542861e-02
1.107717572231145878e-02
1.106550562735519536e-02
1.105382884243965441e-02
1.104214536564783813e-02
1.103045519506279555e-02
1.101875832876753059e-02
1.100705476484505931e-02
1.099534450137838390e-02
1.098362753645055166e-02
1.097190386814456825e-02
1.096017349454344973e-02
1.094843641373019483e-02
1.093669262378785950e-02
1.092494212279943554e-02
1.091318490884795114e-02
1.090142098001641892e-02
1.088965033438783932e-02
1.087787297004526484e-02
1.086608888507169593e-02
1.085429807755015214e-02
1.084250054556363391e-02
1.083069628719518680e-02
1.081888530052781995e-02
1.080706758364454248e-02
1.079524313462836525e-02
1.078341195156233209e-02
1.077157403252944692e-02
1.075972937561272234e-02
1.074787797889516748e-02
1.073601984045982789e-02
1.072415495838970577e-02
1.071228333076782238e-02
1.070040495567717298e-02
1.068851983120080833e-02
1.067662795542173582e-02
1.066472932642296631e-02
1.065282394228750720e-02
1.064091180109840405e-02
1.062899290093865731e-02
1.061706723989129172e-02
1.060513481603930254e-02
1.059319562746574225e-02
1.058124967225360959e-02
1.056929694848592234e-02
1.055733745424570352e-02
1.054537118761595185e-02
1.053339814667971462e-02
1.052141832951999575e-02
1.050943173421981479e-02
1.049743835886216871e-02
1.048543820153011175e-02
1.047343126030663915e-02
1.046141753327477393e-02
1.044939701851751827e-02
1.043736971411792294e-02
1.042533561815898492e-02
1.041329472872372201e-02
1.040124704389513988e-02
1.038919256175628233e-02
1.037713128039015852e-02
1.036506319787977928e-02
1.035298831230815030e-02
1.034090662175832231e-02
1.032881812431329406e-02
1.031672281805608160e-02
1.030462070106969406e-02
1.029251177143717007e-02
1.028039602724151701e-02
1.026827346656575615e-02
1.025614408749288622e-02
1.024400788810595798e-02
1.023186486648796668e-02
1.021971502072193880e-02
1.020755834889088519e-02
1.019539484907781152e-02
1.018322451936576681e-02
1.017104735783775499e-02
1.015886336257678692e-02
1.014667253166587173e-02
1.013447486318805324e-02
1.012227035522633538e-02
1.011005900586373595e-02
1.009784081318325713e-02
1.008561577526794970e-02
1.007338389020081236e-02
1.006114515606486293e-02
1.004889957094310532e-02
1.003664713291858857e-02
1.002438784007431312e-02
1.001212169049330025e-02
9.999848682258545216e-03
9.987568813453100505e-03
9.975282082159973515e-03
9.962988486462173374e-03
9.950688024442705740e-03
9.938380694184621375e-03
9.926066493770917265e-03
9.913745421284619885e-03
9.901417474808721017e-03
9.889082652426276626e-03
9.876740952220281963e-03
9.864392372273761769e-03
9.852036910669716499e-03
9.839674565491193445e-03
9.827305334821193061e-03
9.814929216742738355e-03
9.802546209338841923e-03
9.790156310692505956e-03
9.777759518886781215e-03
9.765355832004673359e-03
9.752945248129193251e-03
9.740527765343346550e-03
9.728103381730180549e-03
9.715672095372699171e-03
9.703233904353921954e-03
9.690788806756838944e-03
9.678336800664518250e-03
9.665877884159944713e-03
9.653412055326150015e-03
9.640939312246125936e-03
9.628459653002923238e-03
9.615973075679549315e-03
9.603479578359015029e-03
9.590979159124327774e-03
9.578471816058529639e-03
9.565957547244628018e-03
9.553436350765644181e-03
9.540908224704573379e-03
9.528373167144466374e-03
9.515831176168325356e-03
9.503282249859168127e-03
9.490726386299996875e-03
9.478163583573862364e-03
9.465593839763759842e-03
9.453017152952717522e-03
9.440433521223744531e-03
9.427842942659849998e-03
9.415245415344074276e-03
9.402640937359424758e-03
9.390029506788920982e-03
9.377411121715556463e-03
9.364785780222388903e-03
9.352153480392415286e-03
9.339514220308662087e-03
9.326867998054117620e-03
9.314214811711839584e-03
9.301554659364826699e-03
9.288887539096101972e-03
9.276213448988660654e-03
9.263532387125553505e-03
9.250844351589786185e-03
9.238149340464373027e-03
9.225447351832316220e-03
9.212738383776663056e-03
9.200022434380419195e-03
9.187299501726602438e-03
9.174569583898209771e-03
9.161832678978295424e-03
9.149088785049865058e-03
9.136337900195926065e-03
9.123580022499482370e-03
9.110815150043586469e-03
9.098043280911244021e-03
9.085264413185464155e-03
9.072478544949275081e-03
9.059685674285665111e-03
9.046885799277691945e-03
9.034078918008357773e-03
9.021265028560680396e-03
9.008444129017658536e-03
8.995616217462346423e-03
8.982781291977737573e-03
8.969939350646854992e-03
8.957090391552699135e-03
8.944234412778322499e-03
8.931371412406723803e-03
8.918501388520920850e-03
8.905624339203915829e-03
8.892740262538757767e-03
8.879849156608454058e-03
8.866951019496015565e-03
8.854045849284442743e-03
8.841133644056793292e-03
8.828214401896057259e-03
8.815288120885266324e-03
8.802354799107405328e-03
8.789414434645544116e-03
8.776467025582664061e-03
8.763512570001796842e-03
8.750551065985939445e-03
8.737582511618142631e-03
8.724606904981406855e-03
8.711624244158749919e-03
8.698634527233189626e-03
8.685637752287726429e-03
8.672633917405412826e-03
8.659623020669245802e-03
8.646605060162251832e-03
8.633580033967422698e-03
8.620547940167809162e-03
8.607508776846423820e-03
8.594462542086275803e-03
8.581409233970358624e-03
8.568348850581736925e-03
8.555281390003404221e-03
8.542206850318383518e-03
8.529125229609668332e-03
8.516036525960321568e-03
8.502940737453326334e-03
8.489837862171719512e-03
8.476727898198484212e-03
8.463610843616686807e-03
8.450486696509317344e-03
8.437355454959397094e-03
8.424217117049929981e-03
8.411071680863966768e-03
8.397919144484506174e-03
8.384759505994566001e-03
8.371592763477144969e-03
8.358418915015297310e-03
8.345237958692023478e-03
8.332049892590341275e-03
8.318854714793268504e-03
8.305652423383802149e-03
8.292443016444999912e-03
8.279226492059858777e-03
8.266002848311398282e-03
8.252772083282617147e-03
8.239534195056569602e-03
8.226289181716250898e-03
8.213037041344684042e-03
8.199777772024869488e-03
8.186511371839857998e-03
8.173237838872644823e-03
8.159957171206256438e-03
8.146669366923686359e-03
8.133374424107994022e-03
8.120072340842174677e-03
8.106763115209247861e-03
8.093446745292208824e-03
8.080123229174113533e-03
8.066792564937964177e-03
8.053454750666780293e-03
8.040109784443551927e-03
8.026757664351341984e-03
8.013398388473152653e-03
8.000031954891989594e-03
7.986658361690861935e-03
7.973277606952818702e-03
7.959889688760860352e-03
7.946494605198009889e-03
7.933092354347272973e-03
7.919682934291665671e-03
7.906266343114226602e-03
7.892842578897961425e-03
7.879411639725893146e-03
7.865973523681013546e-03
7.852528228846376857e-03
7.839075753304987002e-03
7.825616095139860048e-03
7.812149252433995585e-03
7.798675223270445239e-03
7.785194005732211202e-03
7.771705597902307805e-03
7.758209997863739840e-03
7.744707203699556335e-03
7.731197213492762947e-03
7.717680025326367071e-03
7.704155637283377836e-03
7.690624047446846870e-03
7.677085253899772026e-03
7.663539254725169371e-03
7.649986048006042830e-03
7.636425631825442296e-03
7.622858004266368226e-03
7.609283163411846226e-03
7.595701107344862008e-03
7.582111834148476739e-03
7.568515341905690877e-03
7.554911628699519620e-03
7.541300692612982505e-03
7.527682531729078252e-03
7.514057144130861093e-03
7.500424527901329748e-03
7.486784681123501151e-03
7.473137601880379226e-03
7.459483288255013000e-03
7.445821738330404664e-03
7.432152950189569417e-03
7.418476921915506846e-03
7.404793651591275519e-03
7.391103137299868085e-03
7.377405377124310153e-03
7.363700369147596105e-03
7.349988111452779305e-03
7.336268602122861075e-03
7.322541839240859218e-03
7.308807820889775056e-03
7.295066545152652411e-03
7.281318010112504749e-03
7.267562213852344667e-03
7.253799154455168284e-03
7.240028830004034167e-03
7.226251238581934966e-03
7.212466378271897155e-03
7.198674247156917720e-03
7.184874843320043954e-03
7.171068164844278912e-03
7.157254209812649072e-03
7.143432976308159224e-03
7.129604462413818497e-03
7.115768666212675050e-03
7.101925585787731074e-03
7.088075219221998298e-03
7.074217564598484116e-03
7.060352620000241025e-03
7.046480383510267745e-03
7.032600853211576006e-03
7.018714027187179273e-03
7.004819903520115298e-03
6.990918480293391475e-03
6.977009755590029075e-03
6.963093727493022481e-03
6.949170394085425924e-03
6.935239753450241594e-03
6.921301803670483824e-03
6.907356542829153068e-03
6.893403969009304424e-03
6.879444080293939216e-03
6.865476874766067439e-03
6.851502350508702557e-03
6.837520505604880589e-03
6.823531338137619334e-03
6.809534846189921851e-03
6.795531027844791197e-03
6.781519881185285072e-03
6.767501404294403063e-03
6.753475595255163839e-03
6.739442452150579133e-03
6.725401973063653734e-03
6.711354156077432333e-03
6.697298999274927528e-03
6.683236500739150182e-03
6.669166658553102485e-03
6.655089470799836066e-03
6.641004935562350511e-03
6.626913050923662757e-03
6.612813814966775859e-03
6.598707225774736243e-03
6.584593281430554772e-03
6.570471980017240574e-03
6.556343319617794971e-03
6.542207298315273929e-03
6.528063914192675302e-03
6.513913165333016890e-03
6.499755049819297414e-03
6.485589565734570239e-03
6.471416711161838420e-03
6.457236484184118025e-03
6.443048882884406907e-03
6.428853905345767103e-03
6.414651549651180854e-03
6.400441813883683308e-03
6.386224696126261043e-03
6.372000194461978698e-03
6.357768306973828921e-03
6.343529031744832118e-03
6.329282366858003488e-03
6.315028310396346954e-03
6.300766860442913279e-03
6.286498015080698581e-03
6.272221772392729336e-03
6.257938130461999059e-03
6.243647087371561981e-03
6.229348641204421159e-03
6.215042790043590060e-03
6.200729531972068269e-03
6.186408865072912620e-03
6.172080787429120967e-03
6.157745297123708508e-03
6.143402392239682638e-03
6.129052070860088047e-03
6.114694331067926925e-03
6.100329170946221409e-03
6.085956588577971088e-03
6.071576582046224121e-03
6.057189149433978362e-03
6.042794288824259417e-03
6.028391998300064274e-03
6.013982275944447162e-03
5.999565119840401597e-03
5.985140528070950587e-03
5.970708498719093718e-03
5.956269029867884354e-03
5.941822119600324685e-03
5.927367765999425574e-03
5.912905967148210026e-03
5.898436721129675896e-03
5.883960026026875678e-03
5.869475879922816768e-03
5.854984280900505690e-03
5.840485227042948972e-03
5.825978716433197376e-03
5.811464747154247885e-03
5.796943317289129580e-03
5.782414424920826433e-03
5.767878068132404820e-03
5.753334245006861726e-03
5.738782953627208014e-03
5.724224192076449343e-03
5.709657958437639076e-03
5.695084250793775067e-03
5.680503067227876852e-03
5.665914405822941417e-03
5.651318264662024728e-03
5.636714641828127238e-03
5.622103535404263282e-03
5.607484943473435048e-03
5.592858864118696767e-03
5.578225295423044558e-03
5.563584235469499692e-03
5.548935682341060889e-03
5.534279634120778911e-03
5.519616088891660284e-03
5.504945044736715871e-03
5.490266499738963475e-03
5.475580451981410489e-03
5.460886899547100735e-03
5.446185840519041609e-03
5.431477272980245706e-03
5.416761195013712615e-03
5.402037604702502639e-03
5.387306500129606691e-03
5.372567879378047778e-03
5.357821740530826354e-03
5.343068081670988845e-03
5.328306900881544378e-03
5.313538196245502082e-03
5.298761965845869351e-03
5.283978207765694345e-03
5.269186920087980987e-03
5.254388100895741875e-03
5.239581748271980935e-03
5.224767860299754131e-03
5.209946435062049776e-03
5.195117470641896079e-03
5.180280965122290894e-03
5.165436916586284115e-03
5.150585323116883135e-03
5.135726182797097084e-03
5.120859493709929017e-03
5.105985253938430564e-03
5.091103461565604782e-03
5.076214114674470340e-03
5.061317211348043306e-03
5.046412749669316328e-03
5.031500727721353178e-03
5.016581143587149107e-03
5.001653995349721049e-03
4.986719281092067725e-03
4.971776998897249437e-03
4.956827146848261437e-03
4.941869723028121525e-03
4.926904725519824953e-03
4.911932152406432890e-03
4.896952001770938853e-03
4.881964271696365848e-03
4.866968960265713462e-03
4.851966065562029855e-03
4.836955585668317216e-03
4.821937518667596817e-03
4.806911862642860439e-03
4.791878615677170120e-03
4.776837775853521109e-03
4.761789341254931210e-03
4.746733309964405213e-03
4.731669680064986942e-03
4.716598449639682056e-03
4.701519616771511825e-03
4.686433179543468032e-03
4.671339136038609244e-03
4.656237484339928109e-03
4.641128222530458043e-03
4.626011348693203837e-03
4.610886860911160741e-03
4.595754757267397732e-03
4.580615035844905723e-03
4.565467694726701650e-03
4.550312731995787702e-03
4.535150145735214640e-03
4.519979934027982919e-03
4.504802094957112944e-03
4.489616626605603435e-03
4.474423527056508622e-03
4.459222794392822022e-03
4.444014426697573579e-03
4.428798422053749871e-03
4.413574778544411201e-03
4.398343494252558890e-03
4.383104567261203802e-03
4.367857995653351595e-03
4.352603777512057369e-03
4.337341910920310302e-03
4.322072393961141207e-03
4.306795224717537528e-03
4.291510401272566506e-03
4.276217921709219057e-03
4.260917784110512981e-03
4.245609986559447865e-03
4.230294527139081412e-03
4.214971403932408003e-03
4.199640615022451513e-03
4.184302158492222805e-03
4.168956032424724067e-03
4.153602234903013869e-03
4.138240764010083991e-03
4.122871617828956572e-03
4.107494794442629465e-03
4.092110291934160371e-03
4.076718108386545407e-03
4.061318241882800641e-03
4.045910690505928262e-03
4.030495452338983368e-03
4.015072525464958610e-03
3.999641907966883930e-03
3.984203597927749377e-03
3.968757593430608313e-03
3.953303892558465531e-03
3.937842493394336230e-03
3.922373394021218262e-03
3.906896592522170197e-03
3.891412086980186851e-03
3.875919875478290796e-03
3.860419956099473381e-03
3.844912326926796641e-03
3.829396986043255395e-03
3.813873931531871347e-03
3.798343161475642785e-03
3.782804673957621770e-03
3.767258467060807022e-03
3.751704538868216778e-03
3.736142887462870574e-03
3.720573510927765830e-03
3.704996407345961980e-03
3.689411574800453841e-03
3.673819011374259650e-03
3.658218715150371187e-03
3.642610684211856995e-03
3.626994916641711891e-03
3.611371410522948040e-03
3.595740163938570232e-03
3.580101174971624459e-03
3.564454441705124186e-03
3.548799962222069435e-03
3.533137734605477139e-03
3.517467756938390689e-03
3.501790027303810972e-03
3.486104543784762731e-03
3.470411304464234709e-03
3.454710307425285908e-03
3.439001550750917652e-03
3.423285032524148175e-03
3.407560750827969259e-03
3.391828703745446410e-03
3.376088889359567507e-03
3.360341305753361627e-03
3.344585951009813613e-03
3.328822823211992007e-03
3.313051920442891193e-03
3.297273240785527238e-03
3.281486782322897561e-03
3.265692543138065066e-03
3.249890521314017199e-03
3.234080714933783469e-03
3.218263122080372574e-03
3.202437740836785833e-03
3.186604569286076612e-03
3.170763605511257074e-03
3.154914847595328541e-03
3.139058293621287566e-03
3.123193941672207461e-03
3.107321789831074803e-03
3.091441836180909997e-03
3.075554078804706559e-03
3.059658515785533463e-03
3.043755145206372952e-03
3.027843965150253235e-03
3.011924973700168696e-03
2.995998168939178769e-03
2.980063548950280874e-03
2.964121111816485007e-03
2.948170855620803766e-03
2.932212778446281840e-03
2.916246878375925323e-03
2.900273153492744210e-03
2.884291601879742425e-03
2.868302221619972898e-03
2.852305010796439121e-03
2.836299967492151523e-03
2.820287089790113593e-03
2.804266375773381299e-03
2.788237823524949022e-03
2.772201431127842806e-03
2.756157196665068743e-03
2.740105118219633793e-03
2.724045193874597391e-03
2.707977421712947849e-03
2.691901799817704270e-03
2.675818326271869711e-03
2.659726999158501439e-03
2.643627816560590368e-03
2.627520776561161238e-03
2.611405877243212770e-03
2.595283116689793990e-03
2.579152492983911860e-03
2.563014004208576807e-03
2.546867648446791890e-03
2.530713423781613940e-03
2.514551328296030404e-03
2.498381360073073827e-03
2.482203517195740762e-03
2.466017797747078934e-03
2.449824199810091401e-03
2.433622721467791628e-03
2.417413360803185706e-03
2.401196115899327868e-03
2.384970984839214665e-03
2.368737965705859563e-03
2.352497056582266051e-03
2.336248255551487494e-03
2.319991560696530418e-03
2.303726970100401783e-03
2.287454481846123728e-03
2.271174094016696707e-03
2.254885804695174085e-03
2.238589611964553715e-03
2.222285513907851229e-03
2.205973508608073154e-03
2.189653594148266783e-03
2.173325768611439508e-03
2.156990030080603062e-03
2.140646376638755729e-03
2.124294806368953910e-03
2.107935317354197625e-03
2.091567907677503377e-03
2.075192575421871185e-03
2.058809318670354847e-03
2.042418135505954819e-03
2.026019024011687167e-03
2.009611982270549310e-03
1.993197008365603720e-03
1.976774100379838275e-03
1.960343256396285087e-03
1.943904474497922929e-03
1.927457752767826413e-03
1.911003089288986889e-03
1.894540482144420421e-03
1.878069929417124648e-03
1.861591429190159004e-03
1.845104979546520691e-03
1.828610578569229246e-03
1.812108224341300302e-03
1.795597914945731496e-03
1.779079648465579228e-03
1.762553422983843951e-03
1.746019236583541950e-03
1.729477087347673463e-03
1.712926973359291853e-03
1.696368892701391722e-03
1.679802843457004315e-03
1.663228823709114691e-03
1.646646831540779466e-03
1.630056865035005168e-03
1.613458922274804827e-03
1.596853001343178898e-03
1.580239100323180745e-03
1.563617217297808004e-03
1.546987350350088669e-03
1.530349497563008232e-03
1.513703657019625694e-03
1.497049826802942163e-03
1.480388004995973270e-03
1.463718189681725975e-03
1.447040378943244103e-03
1.430354570863534612e-03
1.413660763525604030e-03
1.396958955012459098e-03
1.380249143407159471e-03
1.363531326792702348e-03
1.346805503252100980e-03
1.330071670868374469e-03
1.313329827724513729e-03
1.296579971903590988e-03
1.279822101488594342e-03
1.263056214562542894e-03
1.246282309208437099e-03
1.229500383509324031e-03
1.212710435548219976e-03
1.195912463408128207e-03
1.179106465172046576e-03
1.162292438923040374e-03
1.145470382744101165e-03
1.128640294718248052e-03
1.111802172928481273e-03
1.094956015457857661e-03
1.078101820389371166e-03
1.061239585806044361e-03
1.044369309790877482e-03
1.027490990426914571e-03
1.010604625797165840e-03
9.937102139846469215e-04
9.768077530723489471e-04
9.598972411433412183e-04
9.429786762806146487e-04
9.260520565671792343e-04
9.091173800860476812e-04
8.921746449202703176e-04
8.752238491528353467e-04
8.582649908667805199e-04
8.412980681451061836e-04
8.243230790708161535e-04
8.073400217269731177e-04
7.903488941965679899e-04
7.733496945626203069e-04
7.563424209081333425e-04
7.393270713161543889e-04
7.223036438696871534e-04
7.052721366517444510e-04
6.882325477453330245e-04
6.711848752335030938e-04
6.541291171992520779e-04
6.370652717256053681e-04
6.199933368955540952e-04
6.029133107921580198e-04
5.858251914984142356e-04
5.687289770973390267e-04
5.516246656719265597e-04
5.345122553052427750e-04
5.173917440802848749e-04
5.002631300800627467e-04
4.831264113875801520e-04
4.659815860858933820e-04
4.488286522580029999e-04
4.316676079869188388e-04
4.144984513556476419e-04
3.973211804472396289e-04
3.801357933446953088e-04
3.629422881310338388e-04
3.457406628892743762e-04
3.285309157024081600e-04
3.113130446535008599e-04
2.940870478255406791e-04
2.768529233015529006e-04
2.596106691645318535e-04
2.423602834975370544e-04
2.251017643835690667e-04
2.078351099056376962e-04
1.905603181467435063e-04
1.732773871899428964e-04
1.559863151182394928e-04
1.386871000146493356e-04
1.213797399621636502e-04
1.040642330438512912e-04
8.674057734269411920e-05
6.940877094172373269e-05
5.206881192393134365e-05
3.472069837238267584e-05
1.736442837005963401e-05
-3.106047119255677616e-18
